"Symbol","Name","Country","Underlying Symbol","Underlying Exchange","GICS Sector","Market cap","P/E","P/S","P/B","Current yield","Avg Volume","Action"
"TSM","Taiwan Semiconductor Manufacturing Co Ltd ADRs","Taiwan","TT:2330","Taiwan Stock Exchange","Information Technology","$606,563,459,720","29.26","11.19","0.29","1.55%","7,379,177","Analyze"
"BABA","Alibaba Group Holding Ltd ADRs","China","PRIVATE","","Consumer Discretionary","$481,117,726,896","21.19","3.99","0.51","0.00%","24,871,243","Analyze"
"ASML","ASML Holding NV ADRs","The Netherlands","NA:ASML","Nyse Euronext - Euronext Amsterdam","Information Technology","$331,060,149,624","57.99","17.14","26.24","0.41%","1,201,746","Analyze"
"TM","Toyota Motor Corp ADRs","Japan","JT:7203","Tokyo Stock Exchange","Consumer Discretionary","$291,499,880,948","9.63","1.09","0.01","1.37%","230,014","Analyze"
"NVS","Novartis AG ADRs","Switzerland","VX:NOVN","Six Swiss - Blue Chips Segment","Health Care","$202,422,099,498","22.89","3.93","3.80","3.85%","2,100,248","Analyze"
"RDS.A","Royal Dutch Shell  ADRs of Class A Shares","United Kingdom","NA:RDSA","Nyse Euronext - Euronext Amsterdam","Energy","$192,784,566,450","18.22","0.94","0.59","2.99%","6,321,308","Analyze"
"RDS.B","Royal Dutch Shell ADRs of class B Shares","United Kingdom","LN:RDSB","London Stock Exchange","Energy","$192,784,566,450","16.53","0.94","0.54","2.97%","3,470,745","Analyze"
"AZN","AstraZeneca PLC ADRs","United Kingdom","LN:AZN","London Stock Exchange","Health Care","$186,420,634,964","49.81","6.31","11.97","2.31%","5,224,309","Analyze"
"NVO","Novo Nordisk A/S ADRs","Denmark","DC:NOVO-B","Omx Nordic Exchange Copenhagen A/S","Health Care","$185,498,822,600","35.03","0.00","2.83","1.40%","859,828","Analyze"
"SAP","SAP SE ADRs","Germany","GF:SAP","Frankfurt Stock Exchange","Information Technology","$177,420,242,665","25.52","5.63","5.17","1.56%","556,845","Analyze"
"SE","Sea Limited ADRs","Singapore","PRIVATE","","Communication Services","$160,227,834,000","-80.13","24.18","40.08","0.00%","2,637,349","Analyze"
"HDB","HDFC Bank Ltd ADRs","India","IS:HDFCBANK","National Stock Exchange Of India","Financials","$144,687,830,414","188.27","10.84","0.07","0.33%","1,794,884","Analyze"
"SONY","Sony Group Corporation ADRs","Japan","JT:6758","Tokyo Stock Exchange","Consumer Discretionary","$141,856,502,275","13.52","1.75","0.02","0.24%","591,859","Analyze"
"TTE","TotalEnergies SE ADRs","France","FP:TTE","Euronext Paris","Energy","$137,645,580,921","20.80","0.98","1.28","5.93%","2,701,575","Analyze"
"UL","Unilever PLC ADRs","United Kingdom","LN:ULVR","London Stock Exchange","Consumer Staples","$135,396,937,226","22.10","1.51","7.00","2.89%","1,954,099","Analyze"
"JD","JD.com Inc ADRs","China","PRIVATE","","Consumer Discretionary","$132,051,184,259","24.09","0.99","0.46","0.00%","8,830,887","Analyze"
"HSBC","HSBC Holdings PLC ADRs","United Kingdom","LN:HSBA","London Stock Exchange","Financials","$121,984,300,220","13.30","2.48","0.59","0.74%","2,417,208","Analyze"
"SNY","Sanofi SA ADRs","France","FP:SAN","Euronext Paris","Health Care","$121,441,181,402","18.33","2.78","1.96","4.01%","1,398,705","Analyze"
"DEO","Diageo PLC ADRs","United Kingdom","LN:DGE","London Stock Exchange","Consumer Staples","$116,589,104,211","32.35","6.10","13.94","1.97%","308,647","Analyze"
"RIO","Rio Tinto PLC ADRs","United Kingdom","LN:RIO","London Stock Exchange","Materials","$115,557,786,732","6.69","1.55","1.46","12.08%","3,587,041","Analyze"
"PDD","Pinduoduo Inc. ADRs","China","PRIVATE","","Consumer Discretionary","$113,367,970,519","0.00","8.42","1.92","0.00%","6,039,790","Analyze"
"BUD","Anheuser-Busch InBev SA/NV ADRs","Belgium","BB:ABI","Nyse Euronext - Euronext Brussels","Consumer Staples","$112,916,011,130","19.78","2.20","1.43","1.07%","3,142,791","Analyze"
"INFY","Infosys Ltd ADRs","India","IS:INFY","National Stock Exchange Of India","Information Technology","$103,208,002,100","36.22","6.92","10.92","1.49%","10,122,533","Analyze"
"BP","BP PLC ADRs","United Kingdom","LN:BP","London Stock Exchange","Energy","$99,809,822,501","11.59","0.62","1.08","4.18%","12,011,163","Analyze"
"GSK","GlaxoSmithKline PLC ADRs","United Kingdom","LN:GSK","London Stock Exchange","Health Care","$98,533,627,259","16.44","2.17","4.60","5.49%","3,976,358","Analyze"
"EQNR","Equinor ASA ADRs","Norway","NO:STL","Oslo Bors Asa","Energy","$90,661,448,886","-121.13","1.60","2.49","1.67%","3,350,722","Analyze"
"BHP","BHP Billiton Ltd ADRs","Australia","AT:BHP","Asx - All Markets","Materials","$85,675,300,482","9.79","1.25","1.54","10.15%","3,846,104","Analyze"
"BTI","British American Tobacco PLC ADRs","United Kingdom","LN:BATS","London Stock Exchange","Consumer Staples","$82,836,057,624","9.82","1.93","1.32","7.95%","4,133,123","Analyze"
"MUFG","Mitsubishi UFJ Financial Group Inc. ADRs","Japan","JT:8306","Tokyo Stock Exchange","Financials","$78,775,571,696","6.57","1.84","0.00","1.95%","2,037,670","Analyze"
"VALE","Vale SA ADRs","Brazil","BS:VALE3","XBSP","Materials","$72,932,233,836","4.29","7.41","1.68","10.60%","32,342,585","Analyze"
"ABB","ABB Ltd ADRs","Switzerland","VX:ABBN","Six Swiss - Blue Chips Segment","Industrials","$70,915,741,039","12.61","2.52","5.04","2.47%","1,377,297","Analyze"
"WBK","Westpac Banking Corp ADRs","Australia","AT:WBC","Asx - All Markets","Financials","$70,326,904,959","21.63","21.62","0.98","3.55%","84,751","Analyze"
"IBN","ICICI Bank Ltd ADRs","India","IS:ICICIBANK","National Stock Exchange Of India","Financials","$69,652,908,355","26.12","4.33","0.05","0.27%","4,151,459","Analyze"
"SAN","Banco Santander SA ADRs","Spain","SM:SAN","Bolsa De Madrid","Health Care","$67,975,313,904","11.45","1.49","0.72","2.04%","3,852,649","Analyze"
"NTES","NetEase Inc ADRs","China","PRIVATE","","Communication Services","$67,359,750,264","37.21","5.41","0.78","0.79%","4,530,151","Analyze"
"PBR","Petroleo Brasileiro SA ADRs","Brazil","BS:PETR3","XBSP","Energy","$66,542,570,613","3.75","2.42","0.55","8.60%","25,166,804","Analyze"
"PBR.A","Petroleo Brasileiro-Petrobras ADRs","Brazil","BS:PETR4","XBSP","Energy","$66,542,570,613","3.61","5.82","0.40","8.87%","9,524,917","Analyze"
"UBS","UBS Group AG ADRs","Switzerland","VX:UBSG","Six Swiss - Blue Chips Segment","Financials","$63,977,869,354","8.54","1.88","1.09","2.11%","2,037,947","Analyze"
"BNTX","BioNTech SE  ADRs","Germany","PRIVATE","","Health Care","$63,745,581,622","14.83","7.05","11.92","0.00%","2,770,236","Analyze"
"NIO","NIO Inc. ADRs of Class A","China","PRIVATE","","Consumer Discretionary","$62,403,180,750","0.00","15.17","2.06","0.00%","33,735,790","Analyze"
"BIDU","Baidu Inc ADRs of Class A","China","PRIVATE","","Communication Services","$62,345,700,000","9.21","3.37","0.22","0.00%","3,517,523","Analyze"
"ING","ING Groep NV ADRs","The Netherlands","NA:INGA","Nyse Euronext - Euronext Amsterdam","Information Technology","$59,224,113,088","12.93","5.89","1.09","3.16%","3,105,339","Analyze"
"BBL","BHP Group PLC ADRs","United Kingdom","LN:BHP","London Stock Exchange","Communication Services","$58,969,044,544","6.74","0.86","1.06","10.55%","2,444,114","Analyze"
"RELX","RELX PLC ADRs","United Kingdom","LN:REL","London Stock Exchange","Industrials","$58,883,907,845","32.18","6.34","24.57","2.18%","592,078","Analyze"
"PUK","Prudential PLC ADRs","United Kingdom","LN:PRU","London Stock Exchange","Financials","$56,232,422,269","-89.09","2.81","3.43","0.76%","548,222","Analyze"
"HMC","Honda Motor Co Ltd ADRs","Japan","JT:7267","Tokyo Stock Exchange","Consumer Discretionary","$55,375,367,105","6.27","0.43","0.01","2.38%","815,526","Analyze"
"WIT","Wipro Ltd ADRs","India","IS:WIPRO","National Stock Exchange Of India","Information Technology","$54,534,151,010","33.62","5.87","0.09","0.14%","2,156,266","Analyze"
"E","ENI SpA ADRs","Italy","IM:ENI","Borsa Italiana S.P.A.","Energy","$51,217,474,816","0.00","0.82","1.28","5.49%","520,310","Analyze"
"LYG","Lloyds Banking Group PLC ADRs","United Kingdom","LN:LLOY","London Stock Exchange","Financials","$48,093,545,545","10,229.89","1.18","0.91","2.54%","6,332,531","Analyze"
"BCS","Barclays PLC ADRs","United Kingdom","LN:BARC","London Stock Exchange","Financials","$47,225,674,030","7.76","1.61","0.70","1.48%","3,179,535","Analyze"
"SMFG","Sumitomo Mitsui Financial Group Inc ADRs","Japan","JT:8316","Tokyo Stock Exchange","Financials","$46,934,465,783","6.69","1.63","0.00","2.50%","1,122,361","Analyze"
"NGG","National Grid ADRs","United Kingdom","LN:NG","London Stock Exchange","Utilities","$45,154,329,445","19.83","1.66","2.30","3.65%","308,084","Analyze"
"BBVA","Banco Bilbao Vizcaya Argentaria SA ADRs","Spain","SM:BBVA","Bolsa De Madrid","Financials","$44,808,197,818","10.84","1.58","0.91","2.07%","1,415,202","Analyze"
"TAK","Takeda Pharmaceutical Company Limited ADRs","Japan","JT:4502","Tokyo Stock Exchange","Health Care","$44,619,521,205","11.81","1.53","0.01","2.88%","3,165,142","Analyze"
"VOD","Vodacom Group Ltd ADRs","United Kingdom","LN:VOD","London Stock Exchange","Communication Services","$42,060,672,024","392.00","0.76","0.74","6.94%","3,808,466","Analyze"
"ABEV","Ambev SA ADRs","Brazil","BS:ABEV3","XBSP","Consumer Staples","$42,029,685,371","16.35","3.52","0.54","0.53%","22,858,242","Analyze"
"PHG","Koninklijke Philips NV ADRs","The Netherlands","NA:PHIA","Nyse Euronext - Euronext Amsterdam","Industrials","$41,227,909,667","9.74","1.95","3.57","2.30%","1,123,145","Analyze"
"AMOV","America Movil - Series A ADRs","Mexico","MM:AMXL","Bolsa Mexicana De Valores (Mexican Stock Exchange)","Communication Services","$40,377,377,179","0.00","0.04","0.00","2.23%","4,273","Analyze"
"AMX","America Movil SAB de CV ADRs Series L","Mexico","MM:AMXL","Bolsa Mexicana De Valores (Mexican Stock Exchange)","Communication Services","$40,377,377,179","11.95","4.49","0.12","2.23%","2,066,295","Analyze"
"STM","STMicroelectronics NV ADRs","Italy","FP:STM","Euronext Paris","Information Technology","$39,329,093,367","24.40","3.30","4.56","0.47%","1,738,450","Analyze"
"DIDI","DiDi Global Inc. ADRs of Class A","China","PRIVATE","","Industrials","$37,269,368,010","0.00","3.80","0.31","0.00%","13,212,608","Analyze"
"NWG","NatWest Group plc ADRs","United Kingdom","LN:RBS","London Stock Exchange","Financials","$37,077,074,531","15.64","2.60","0.84","2.53%","1,105,233","Analyze"
"CRH","CRH PLC ADRs","Ireland","ID:CRG","Irish Stock Exchange - All Market","Materials","$37,001,925,138","32.37","1.09","1.86","2.44%","508,239","Analyze"
"ERIC","Telefonaktiebolaget LM Ericsson ADRs of Class B","Sweden","SS:ERIC-B","Nasdaq Omx Nordic","Information Technology","$36,069,926,128","0.00","1.34","0.40","1.96%","7,045,970","Analyze"
"BGNE","BeiGene ADRs","China","HK:6160","Hong Kong Exchange","Health Care","$35,091,320,480","-26.51","37.05","9.64","0.00%","190,067","Analyze"
"BBD","Banco Bradesco SA ADRs","Brazil","BS:BBDC4","XBSP","Financials","$34,205,861,152","9.70","30,779,197.43","2,482,950.56","2.90%","34,774,365","Analyze"
"BBDO","Banco Bradesco SA ADRs","Brazil","BS:BBDC3","XBSP","Financials","$34,205,861,152","1.34","0.51","0.11","3.02%","76,029","Analyze"
"MFG","Mizuho Financial Group Inc ADRs","Japan","JT:8411","Tokyo Stock Exchange","Financials","$33,772,023,598","6.63","1.48","0.00","2.57%","365,579","Analyze"
"CAJ","Canon Inc ADRs","Japan","JT:7751","Tokyo Stock Exchange","Information Technology","$33,450,787,677","17.26","1.12","0.01","3.04%","306,401","Analyze"
"NOK","Nokia OYJ ADRs","Finland","FH:NOKIA","Nasdaq Omx Helsinki Ltd.","Information Technology","$33,201,447,780","0.00","1.28","2.34","3.78%","17,504,040","Analyze"
"EC","Ecopetrol ADRs","Colombia","CX:ECOPETROL","Bolsa De Valores De Colombia","Energy","$32,153,255,255","7.26","1.92","0.00","0.60%","744,867","Analyze"
"MT","ArcelorMittal ADRs","Luxembourg","NA:MT","Nyse Euronext - Euronext Amsterdam","Materials","$31,833,208,515","4.46","0.51","0.70","0.93%","3,986,853","Analyze"
"CHT","Chunghwa Telecom Co Ltd ADRs","Taiwan","TT:2412","Taiwan Stock Exchange","Communication Services","$30,897,909,609","25.11","4.72","0.08","3.88%","105,554","Analyze"
"GMAB","Genmab A/S  ADRs","Denmark","DC:GEN","Omx Nordic Exchange Copenhagen A/S","Health Care","$29,755,329,009","77.64","0.00","1.49","0.00%","273,229","Analyze"
"ORAN","Orange SA ADRs","France","FP:ORA","Euronext Paris","Communication Services","$29,226,077,187","31.20","0.55","0.92","9.63%","703,416","Analyze"
"CS","Credit Suisse Group AG ADRs","Switzerland","VX:CSGN","Six Swiss - Blue Chips Segment","Financials","$28,097,925,832","120.76","1.20","0.63","0.73%","3,407,772","Analyze"
"XPEV","XPeng Inc. ADRs of Class A","China","PRIVATE","","Consumer Discretionary","$28,082,792,169","0.00","15.65","0.86","0.00%","7,328,163","Analyze"
"LI","Li Auto Inc. ADRs of Class A","China","PRIVATE","","Consumer Discretionary","$27,933,172,582","0.00","11.67","0.91","0.00%","5,328,548","Analyze"
"BILI","Bilibili Inc. ADRs","China","PRIVATE","","Communication Services","$27,896,863,484","0.00","11.52","0.97","0.00%","3,824,504","Analyze"
"UMC","United Microelectronics Corp ADRs","Taiwan","TT:2303","Taiwan Stock Exchange","Information Technology","$26,389,252,951","19.48","3.91","0.11","2.70%","6,879,600","Analyze"
"TLK","Telekomunikasi Indonesia Persero Tbk PT ADRs","Indonesia","IJ:TLKM","Indonesia Stock Exchange","Communication Services","$26,370,362,059","20.63","2.67","0.00","3.25%","166,775","Analyze"
"RYAAY","Ryanair Holdings PLC ADRs","Ireland","ID:RY4C","Irish Stock Exchange - All Market","Industrials","$25,240,570,171","0.00","11.53","5.52","0.00%","262,219","Analyze"
"BSBR","Banco Santander Brasil ADRs","Brazil","BS:SANB11","XBSP","Financials","$24,895,126,240","8.84","2.60","0.24","3.83%","1,302,510","Analyze"
"IX","Orix ADRs","Japan","JT:8591","Tokyo Stock Exchange","Financials","$24,868,482,892","13.01","1.69","0.01","2.03%","17,201","Analyze"
"TEF","Telefonica SA ADRs","Spain","SM:TEF","Bolsa De Madrid","Communication Services","$24,807,435,431","2.09","0.51","0.79","10.77%","1,783,651","Analyze"
"PKX","POSCO ADRs","South Korea","KP:005490","Korea Exchange (Stock Market)","Materials","$23,568,345,237","6.26","0.43","0.00","3.72%","176,971","Analyze"
"TTM","Tata Motors Ltd ADRs","India","IS:TATAMOTORS","National Stock Exchange Of India","Consumer Discretionary","$21,249,969,696","0.00","0.01","0.04","0.01%","2,759,350","Analyze"
"FMS","Fresenius Medical Care AG  ADRs","Germany","GF:FME","Frankfurt Stock Exchange","Health Care","$20,860,996,509","18.07","1.03","1.63","2.30%","349,734","Analyze"
"ITUB","Itau Unibanco Holding SA ADRs of Preferred Shares","Brazil","BS:ITUB4","XBSP","Financials","$20,740,216,553","8.66","0.99","0.14","2.80%","30,660,352","Analyze"
"TCOM","Trip.com Group Limited ADRs","China","PRIVATE","","Consumer Discretionary","$19,939,636,567","33.98","6.23","0.18","0.00%","3,609,660","Analyze"
"ZTO","ZTO Express ADRs of Class A","China","PRIVATE","","Industrials","$19,692,782,279","38.68","4.38","0.40","1.04%","1,736,243","Analyze"
"KB","KB Financial Group Inc ADRs","South Korea","KP:105560","Korea Exchange (Stock Market)","Financials","$19,688,505,012","5.41","1.19","0.00","4.66%","212,494","Analyze"
"BEKE","KE Holdings Inc ADRs of Class A","China","PRIVATE","","Real Estate","$19,609,001,124","59.08","1.42","0.30","0.00%","8,202,957","Analyze"
"SKM","SK Telecom Co Ltd ADRs","South Korea","KP:017670","Korea Exchange (Stock Market)","Communication Services","$18,528,824,570","10.33","1.14","0.00","3.95%","517,186","Analyze"
"FMX","Fomento Economico Mexicano SAB de CV ADRs","Mexico","MM:FEMSAUBD","Bolsa Mexicana De Valores (Mexican Stock Exchange)","Consumer Staples","$18,147,409,735","63.25","0.71","0.06","1.59%","403,393","Analyze"
"VEDL","Vedanta Ltd ADRs","India","IS:VEDL","National Stock Exchange Of India","Materials","$18,046,989,687","8.93","1.37","0.02","7.64%","1,605,109","Analyze"
"LU","Lufax Holding Ltd ADRs","China","PRIVATE","","Financials","$17,925,552,154","7.67","2.34","0.20","0.00%","6,374,339","Analyze"
"NICE","Nice Ltd ADRs","Israel","IT:NICE","Tel Aviv Stock Exchange","Information Technology","$17,439,191,719","85.99","9.93","6.47","0.06%","185,548","Analyze"
"SHG","Shinhan Financial Group Co Ltd ADRs","South Korea","KP:055550","Korea Exchange (Stock Market)","Financials","$17,383,361,315","5.34","0.74","0.00","4.69%","83,853","Analyze"
"JHX","James Hardie Industries ADRs","Australia","AT:JHX","Asx - All Markets","Materials","$16,905,940,931","45.70","5.41","14.43","0.00%","37,495","Analyze"
"WPP","WPP PLC ADRs","Australia","LN:WPP","London Stock Exchange","Communication Services","$16,152,437,823","0.00","0.57","3.32","2.67%","94,785","Analyze"
"HTHT","Huazhu Group Limited ADRs","China","PRIVATE","","Consumer Discretionary","$16,000,852,400","157.05","8.41","1.39","0.74%","1,101,027","Analyze"
"NMR","Nomura Holdings Inc ADRs","Japan","JT:8604","Tokyo Stock Exchange","Financials","$15,779,785,493","30.12","1.54","0.01","2.80%","305,762","Analyze"
"SNN","Smith & Nephew PLC ADRs","United Kingdom","LN:SN","London Stock Exchange","Financials","$15,607,393,524","41.65","1.97","2.94","2.10%","439,780","Analyze"
"ASX","Advanced Semiconductor Engineering Inc ADRs","Taiwan","TT:3711","Taiwan Stock Exchange","Information Technology","$15,471,751,308","12.11","0.79","0.06","4.26%","5,307,932","Analyze"
"YMM","Full Truck Alliance Co. Ltd. ADRs of Class A","China","PRIVATE","","Information Technology","$15,440,788,243","0.00","29.04","0.49","0.00%","1,808,481","Analyze"
"ARGX","argenx SE ADRs","The Netherlands","NA:ARGX","Nyse Euronext - Euronext Amsterdam","Health Care","$15,204,635,200","-81.26","30.45","5.16","0.00%","138,261","Analyze"
"TME","Tencent Music Entertainment Group  ADRs","China","PRIVATE","","Communication Services","$14,124,855,276","22.77","2.84","0.14","0.00%","12,309,967","Analyze"
"VIV","Telefonica Brasil S.A. ADRs","Brazil","BS:VIVT3","XBSP","Communication Services","$13,882,986,218","16.10","1.78","0.20","2.05%","1,041,025","Analyze"
"TS","Tenaris SA ADRs","Argentina","IM:TEN","Borsa Italiana S.P.A.","Energy","$13,700,129,912","29.38","2.82","1.19","1.80%","1,684,389","Analyze"
"LFC","China Life Insurance Co Ltd ADRs","China","HK:2628","Hong Kong Exchange","Financials","$13,483,409,100","5.43","0.48","0.03","5.44%","760,270","Analyze"
"SNP","China Petroleum & Chemical Corp ADRs","China","HK:0386","Hong Kong Exchange","Energy","$13,261,885,384","4.19","0.04","0.01","8.44%","118,927","Analyze"
"ENIA","Enel Americas SA ADRs","Chile","CC:ENELAM","Santiago Stock Exchange","Utilities","$13,066,910,883","14.64","1.05","1.26","3.30%","1,646,394","Analyze"
"IHG","InterContinental Hotels Group PLC ADRs","United Kingdom","LN:IHG","London Stock Exchange","Consumer Discretionary","$12,913,085,670","-60.88","5.18","-7.18","0.00%","154,073","Analyze"
"KEP","Korea Electric Power Corp ADRs","South Korea","KP:015760","Korea Exchange (Stock Market)","Utilities","$12,543,978,065","12.43","0.25","0.00","5.56%","172,582","Analyze"
"BZ","Kanzhun Ltd ADRs of Class A","China","PRIVATE","","Industrials","$12,069,799,506","0.00","28.90","1.23","0.00%","591,067","Analyze"
"SUZ","Suzano Papel e Celulose S.A. ADRs","Brazil","BS:SUZB3","XBSP","Materials","$11,911,056,360","5.42","1.94","0.82","1.13%","857,908","Analyze"
"SSL","Sasol Ltd ADRs","South Africa","SJ:SOL","Johannesburg Stock Exchange","Materials","$11,624,943,293","19.09","0.68","0.08","5.15%","551,267","Analyze"
"GDS","GDS Holdings ADRs","China","PRIVATE","","Information Technology","$11,256,547,592","0.00","13.44","0.43","0.00%","870,735","Analyze"
"EBR","Centrais Eletricas Brasileiras ADRs","Brazil","BS:ELET3","XBSP","Utilities","$11,201,588,597","6.97","2.29","0.12","14.70%","1,850,055","Analyze"
"EBR.B","Centrais Electricas Brasileiras S.A. ADRs of Preferred Shares","Brazil","BS:ELET6","XBSP","Utilities","$11,201,588,597","6.90","2.29","0.03","13.82%","13,591","Analyze"
"PTR","PetroChina Co Ltd ADRs","China","HK:0857","Hong Kong Exchange","Energy","$11,117,010,410","6.06","0.03","0.01","6.29%","229,241","Analyze"
"TEVA","Teva Pharmaceutical Industries Ltd ADRs","Israel","IT:TEVA","Tel Aviv Stock Exchange","Health Care","$11,106,058,586","-2.85","0.68","0.99","0.00%","7,343,964","Analyze"
"WB","Weibo Corp ADRs","China","PRIVATE","","Communication Services","$11,081,070,000","33.12","5.51","2.11","0.00%","654,382","Analyze"
"AEG","Aegon NV  ADRs","The Netherlands","NA:AGN","Nyse Euronext - Euronext Amsterdam","Financials","$10,904,619,424","7.14","0.12","0.41","3.19%","1,704,954","Analyze"
"RDY","Dr. Reddys Laboratories ADRs","India","IS:DRREDDY","National Stock Exchange Of India","Health Care","$10,619,848,989","46.02","4.10","0.06","0.52%","143,542","Analyze"
"CX","Cemex SAB de CV ADRs","Mexico","MM:CEMEXCPO","Bolsa Mexicana De Valores (Mexican Stock Exchange)","Materials","$10,384,151,192","-19.86","0.73","1.01","0.14%","8,445,369","Analyze"
"OZON","Ozon Holdings PLC ADRs","Russia","PRIVATE","","Consumer Discretionary","$9,984,085,649","0.00","5.42","0.17","0.00%","581,567","Analyze"
"NTCO","Natura &Co Holding S.A. ADRs","Brazil","BS:NTCO3","XBSP","Consumer Staples","$9,935,952,507","84.83","1.34","0.37","0.00%","618,071","Analyze"
"ZLAB","Zai Lab Limited ADRs","China","PRIVATE","","Health Care","$9,657,272,966","-17.93","91.11","5.69","0.00%","633,046","Analyze"
"MBT","Mobile TeleSystems PJSC ADRs","Russia","RX:MTSS","Standard-Classica-Forts","Communication Services","$9,612,215,381","9.07","1.32","1.21","3.02%","2,342,439","Analyze"
"TX","Ternium S.A. ADRs","Argentina","PRIVATE","","Materials","$8,874,999,209","3.82","0.75","0.91","4.74%","540,078","Analyze"
"OTLY","Oatly Group AB ADRs","Sweden","PRIVATE","","Consumer Staples","$8,658,549,210","-82.25","18.59","6.16","0.00%","2,808,505","Analyze"
"ASND","Ascendis Pharma ADRs","Denmark","PRIVATE","","Health Care","$8,656,987,955","0.00","1,470.32","11.90","0.00%","157,015","Analyze"
"BCH","Banco de Chile ADRs","Chile","CC:CHILE","Santiago Stock Exchange","Financials","$8,636,960,443","9.50","3.69","0.00","3.45%","96,122","Analyze"
"GFI","Gold Fields ADRs","South Africa","SJ:GFI","Johannesburg Stock Exchange","Materials","$8,335,665,898","13.96","1.51","2.06","3.81%","5,292,684","Analyze"
"BSAC","Banco Santander Chile ADRs","Chile","CC:BSANTANDER","Santiago Stock Exchange","Financials","$8,169,139,597","8.76","3.11","0.00","5.36%","466,850","Analyze"
"LEGN","Legend Biotech Corporation ADRs","China","PRIVATE","","Health Care","$7,904,281,302","-26.54","91.44","38.16","0.00%","481,938","Analyze"
"AU","AngloGold Ashanti ADRs","South Africa","SJ:ANG","Johannesburg Stock Exchange","Materials","$7,863,349,126","9.05","1.85","2.06","2.79%","2,943,861","Analyze"
"SQM","Sociedad Quimica y Minera de Chile ADRs of B Shares","Chile","CC:SQMB","Santiago Stock Exchange","Materials","$7,810,801,299","34.55","0.06","2.41","1.01%","910,115","Analyze"
"WF","Woori Financial Group Inc. ADRs","South Korea","KP:316140","Korea Exchange (Stock Market)","Financials","$7,644,635,775","4.57","1.05","0.00","3.00%","11,977","Analyze"
"CSAN","Cosan S.A. ADRs","Brazil","BS:CSAN3","XBSP","Energy","$7,561,876,211","2.97","0.40","0.72","1.60%","148,483","Analyze"
"VIPS","Vipshop Holdings Ltd ADRs","China","PRIVATE","","Consumer Discretionary","$7,432,216,679","8.90","0.41","0.24","0.00%","8,915,807","Analyze"
"KC","Kingsoft Cloud Holdings Limited ADRs","China","PRIVATE","","Information Technology","$7,002,563,829","0.00","5.85","0.89","0.00%","841,471","Analyze"
"IQ","iQIYI Inc. ADRs","China","PRIVATE","","Communication Services","$7,001,279,693","0.00","1.48","0.46","0.00%","7,834,844","Analyze"
"KT","KT Corp ADRs","South Korea","KP:030200","Korea Exchange (Stock Market)","Communication Services","$6,997,796,454","8.37","0.33","0.00","4.53%","558,197","Analyze"
"PHI","PLDT  Inc. ADRs","Philippines","PM:TEL","Philippine Stock Exchange Inc.","Communication Services","$6,909,463,685","14.40","1.85","0.06","5.10%","59,767","Analyze"
"PSO","Pearson PLC ADRs","United Kingdom","LN:PSON","London Stock Exchange","Consumer Discretionary","$6,636,860,473","17.08","1.19","1.62","3.11%","298,352","Analyze"
"TV","Grupo Televisa SAB ADRs","Mexico","MM:TLEVISACPO","Bolsa Mexicana De Valores (Mexican Stock Exchange)","Materials","$6,559,885,200","17.13","1.32","0.07","0.75%","1,071,600","Analyze"
"ATHM","Autohome Inc. ADRs","China","PRIVATE","","Communication Services","$6,467,949,051","11.87","4.81","0.30","1.71%","789,426","Analyze"
"SID","Companhia Siderurgica Nacional-CSN ADRs","Brazil","BS:CSNA3","XBSP","Materials","$6,410,361,097","2.34","0.78","0.26","7.86%","4,361,687","Analyze"
"DAVA","Endava plc ADRs of Class A shares","United Kingdom","PRIVATE","","Information Technology","$5,783,217,328","143.84","9.40","18.67","0.00%","308,343","Analyze"
"RLX","RLX Technology Inc. ADRs of class A","China","PRIVATE","","Consumer Staples","$5,715,712,680","169.71","4.75","0.45","0.00%","5,784,347","Analyze"
"PAC","Grupo Aeroportuario del Pacifico ADRs of Series B","Mexico","MM:GAPB","Bolsa Mexicana De Valores (Mexican Stock Exchange)","Industrials","$5,710,971,836","44.09","8.29","0.26","8.75%","39,611","Analyze"
"GGB","Gerdau S.A. ADRs","Brazil","BS:GGBR4","XBSP","Materials","$5,649,934,038","5.63","0.51","0.16","2.49%","10,592,643","Analyze"
"FUTU","Futu Holdings Limited ADRs","China","PRIVATE","","Financials","$5,642,751,433","28.26","9.20","0.27","0.00%","7,522,532","Analyze"
"MLCO","Melco Resorts & Entertainment Limited ADRs","Hong Kong","PRIVATE","","Consumer Discretionary","$5,579,248,576","-5.78","3.06","4.07","1.42%","3,853,108","Analyze"
"HCM","Hutchison China Meditech ADRs","China","LN:HCM","London Stock Exchange","Health Care","$5,577,220,291","-33.72","20.55","5.50","0.00%","142,290","Analyze"
"LPL","LG Display Co Ltd ADRs","South Korea","KP:034220","Korea Exchange (Stock Market)","Information Technology","$5,567,612,292","5.42","0.23","0.00","5.75%","689,946","Analyze"
"ASR","Grupo Aeroportuario del Sureste ADRs","Mexico","MM:ASURB","Bolsa Mexicana De Valores (Mexican Stock Exchange)","Industrials","$5,544,324,600","43.89","7.39","0.14","4.13%","26,737","Analyze"
"DADA","Dada Nexus Limited ADRs","China","PRIVATE","","Consumer Discretionary","$5,437,455,743","0.00","5.37","0.96","0.00%","791,715","Analyze"
"ZH","Zhihu Inc. ADRs","China","PRIVATE","","Communication Services","$5,298,498,364","0.00","17.82","0.74","0.00%","2,515,235","Analyze"
"TIMB","TIM S.A. ADRs","Brazil","BS:TIMS3","XBSP","Communication Services","$5,291,878,418","2.29","0.30","0.23","1.74%","401,344","Analyze"
"DQ","Daqo New Energy ADRs","China","PRIVATE","","Information Technology","$5,285,626,402","13.08","4.94","4.68","0.00%","1,753,854","Analyze"
"IMAB","I-MAB ADRs","China","PRIVATE","","Health Care","$5,054,136,109","7.74","3.21","0.94","0.00%","517,576","Analyze"
"ABCM","Abcam plc ADRs","United Kingdom","LN:ABC","London Stock Exchange","Health Care","$5,052,689,926","226.57","14.09","8.03","0.00%","44,629","Analyze"
"DDL","Dingdong (Cayman) Ltd ADRs","China","PRIVATE","","Consumer Staples","$4,916,338,256","-1.01","0.36","1.52","0.00%","27,235","Analyze"
"CIG","Companhia Energetica de Minas Gerais-CEMIG ADRs","Brazil","BS:CMIG4","XBSP","Utilities","$4,736,797,948","5.76","0.95","0.15","34.07%","7,931,259","Analyze"
"CIG.C","Comp En De Mn Cemig ADRs","Brazil","BS:CMIG3","XBSP","Utilities","$4,736,797,948","1.00","0.19","0.11","2.75%","30,737","Analyze"
"TUYA","Tuya Inc. ADRs of class A","China","PRIVATE","","Information Technology","$4,682,392,064","0.00","23.49","0.00","0.00%","1,545,335","Analyze"
"SBS","SABESP ADRs","Brazil","BS:SBSP3","XBSP","Health Care","$4,627,361,813","10.25","1.39","0.20","1.18%","3,182,750","Analyze"
"JOBS","51job, Inc. ADRs","China","PRIVATE","","Industrials","$4,349,699,981","37.90","6.83","0.35","0.00%","268,715","Analyze"
"EDU","New Oriental Education & Technology ADRs","China","PRIVATE","","Consumer Discretionary","$4,191,506,472","12.69","0.98","0.85","0.00%","39,194,622","Analyze"
"CIB","Bancolombia SA ADRs","Colombia","CX:PFBCOLOM","Bolsa De Valores De Colombia","Financials","$4,080,404,804","0.00","1.11","0.00","1.34%","307,585","Analyze"
"WNS","WNS Holdings ADRs","India","PRIVATE","","Industrials","$4,058,875,534","36.59","4.24","6.60","0.00%","174,425","Analyze"
"VEON","VEON Ltd ADRs","The Netherlands","NA:VEON","Nyse Euronext - Euronext Amsterdam","Communication Services","$4,057,975,577","-10.60","0.50","3.31","6.47%","6,353,631","Analyze"
"ASAI","Sendas Distribuidora S.A. ADRs","Brazil","BS:ASAI3","XBSP","Consumer Staples","$3,982,944,915","13.68","0.58","2.12","0.43%","229,925","Analyze"
"BSMX","Santander Mexico ADRs","Mexico","PRIVATE","","Financials","$3,761,279,658","8.46","1.19","0.02","7.95%","51,807","Analyze"
"SIM","Grupo Simec ADRs of B Shares","Mexico","MM:SIMECB","Bolsa Mexicana De Valores (Mexican Stock Exchange)","Information Technology","$3,707,933,637","12.87","1.55","0.10","4.68%","2,080","Analyze"
"TKC","Turkcell Iletisim Hizmetleri ADRs","Turkey","TI:TCELL","Istanbul Stock Exchange","Communication Services","$3,704,800,000","5.70","1.08","0.18","8.13%","533,673","Analyze"
"MNSO","MINISO Group Holding Limited ADRs of Class A","China","PRIVATE","","Consumer Discretionary","$3,633,967,282","0.00","2.56","0.55","6.22%","416,512","Analyze"
"YY","YY Inc. ADRs","China","PRIVATE","","Communication Services","$3,599,981,738","1.73","0.32","0.63","3.48%","833,257","Analyze"
"GRFS","Grifols SA ADRs","Spain","SM:GRF.P","Bolsa De Madrid","Health Care","$3,555,380,000","24.56","0.59","0.52","3.36%","707,284","Analyze"
"BAK","Braskem SA ADRs","Brazil","BS:BRKM3","XBSP","Materials","$3,548,835,877","4.78","0.24","0.51","5.55%","177,576","Analyze"
"BRFS","BRF SA ADRs","Brazil","BS:BRFS3","XBSP","Consumer Staples","$3,509,884,423","21.18","0.45","0.42","6.09%","3,397,288","Analyze"
"OLK","Olink Holding AB  ADRs","Sweden","PRIVATE","","Health Care","$3,496,427,482","-72.70","74.08","6.96","0.00%","265,810","Analyze"
"TDCX","TDCX Inc. ADRs of Class A","Singapore","","","Industrials","$3,445,759,488","0.00","0.00","0.00","0.00%","1,150,847","Analyze"
"GLPG","Galapagos NV ADRs","Belgium","NA:GLPG","Nyse Euronext - Euronext Amsterdam","Health Care","$3,433,778,340","0.00","5.57","1.27","0.00%","211,083","Analyze"
"ENIC","Enel Chile ADRs","Chile","CC:ENELCHILE","Santiago Stock Exchange","Utilities","$3,306,161,434","6.01","1.04","0.00","8.81%","708,331","Analyze"
"ERJ","Embraer S.A. ADRs","Brazil","BS:EMBR3","XBSP","Industrials","$3,287,664,795","0.00","2.33","1.14","0.11%","2,065,075","Analyze"
"CCU","Compania Cervecerias Unidas SA ADRs","Chile","CC:CCU","Santiago Stock Exchange","Consumer Staples","$2,965,260,548","6.44","1.16","0.00","3.44%","163,452","Analyze"
"ACH","Aluminum Corporation of China ADRs","China","HK:2600","Hong Kong Exchange","Materials","$2,926,422,753","22.50","0.05","0.05","0.00%","160,724","Analyze"
"UGP","Ultrapar Participacoes SA ADRs","Brazil","BS:UGPA3","XBSP","Energy","$2,921,314,965","20.38","0.17","0.30","4.42%","1,246,396","Analyze"
"QFIN","360 Finance, Inc. ADRs","China","PRIVATE","","Financials","$2,904,349,304","4.40","1.47","0.25","0.00%","1,366,611","Analyze"
"KOF","Coca-Cola Femsa ADRs of Series L Shares","Mexico","MM:KOFL","Bolsa Mexicana De Valores (Mexican Stock Exchange)","Consumer Staples","$2,870,262,103","19.26","0.31","0.02","4.36%","99,133","Analyze"
"HHR","HeadHunter Group PLC ADRs","Russia","PRIVATE","","Industrials","$2,810,282,460","61.33","17.31","0.77","0.99%","116,060","Analyze"
"ZNH","China Southern Airlines ADRs","China","HK:1055","Hong Kong Exchange","Industrials","$2,623,228,880","0.00","0.16","0.03","0.05%","10,967","Analyze"
"VNET","21Vianet Group, Inc. ADRs","China","PRIVATE","","Information Technology","$2,573,962,533","0.00","3.00","0.36","0.00%","798,297","Analyze"
"SIMO","Silicon Motion Technology Corporation ADRs","Taiwan","PRIVATE","","Information Technology","$2,419,964,544","22.02","3.59","3.73","2.01%","233,517","Analyze"
"HMY","Harmony Gold Mining Company Limited ADRs","South Africa","SJ:HAR","Johannesburg Stock Exchange","Materials","$2,379,789,210","6.48","0.46","0.08","2.46%","4,960,966","Analyze"
"HNP","Huaneng Power International Inc ADRs","China","HK:0902","Hong Kong Exchange","Utilities","$2,344,316,241","50.15","0.06","0.02","5.55%","45,688","Analyze"
"CRTO","Criteo SA ADRs","France","PRIVATE","","Information Technology","$2,320,041,409","26.50","1.04","2.01","0.00%","253,904","Analyze"
"MYTE","MYT Netherlands Parent B.V. ADRs","The Netherlands","PRIVATE","","Consumer Discretionary","$2,311,623,075","0.00","3.51","6.07","0.00%","128,994","Analyze"
"HUYA","HUYA Inc. ADRs of Class A","China","PRIVATE","","Communication Services","$2,292,308,603","17.07","1.29","0.08","0.00%","2,968,721","Analyze"
"BVN","Compania de Minas Buenaventura ADRs","Peru","PE:BVN","Bolsa De Valores De Lima","Materials","$2,262,344,075","127.53","2.54","0.87","0.00%","1,176,793","Analyze"
"OMAB","Grupo Aeroportuario-OMA ADRs","Mexico","MM:OMAB","Bolsa Mexicana De Valores (Mexican Stock Exchange)","Industrials","$2,156,051,187","37.61","6.71","0.18","0.41%","75,998","Analyze"
"TAL","TAL Education Group ADRs","China","PRIVATE","","Consumer Discretionary","$2,153,394,500","-18.80","0.48","0.42","0.00%","11,987,670","Analyze"
"IBA","Industrias Bachoco ADRs","Mexico","MM:BACHOCOB","Bolsa Mexicana De Valores (Mexican Stock Exchange)","Consumer Staples","$2,150,500,000","8.32","0.57","0.05","0.98%","9,549","Analyze"
"MOMO","MOMO Inc ADRs","China","PRIVATE","","Communication Services","$2,145,708,093","9.10","0.93","0.15","3.54%","2,503,672","Analyze"
"AVAL","Grupo Aval Acciones y Valores ADRs","Colombia","CX:PFAVAL","Bolsa De Valores De Colombia","Financials","$2,141,370,910","7.91","0.32","0.00","5.00%","144,343","Analyze"
"CEA","China Eastern Airlines ADRs","China","HK:0670","Hong Kong Exchange","Industrials","$2,098,665,720","0.00","0.20","0.04","0.04%","5,692","Analyze"
"VLRS","Controladora Vuela Compania de Aviacion S.A.B. de C.V. - Volaris ADRs","Mexico","MM:VOLARA","Bolsa Mexicana De Valores (Mexican Stock Exchange)","Industrials","$2,095,485,811","0.00","1.36","0.60","0.00%","466,752","Analyze"
"AMRN","Amarin Corp PLC ADRs","United Kingdom","PRIVATE","","Health Care","$1,996,277,140","460.29","3.22","3.08","0.00%","2,085,051","Analyze"
"JMIA","Jumia Technologies AG ADRs","Germany","PRIVATE","","Consumer Discretionary","$1,995,513,900","-13.01","13.95","3.62","0.00%","3,335,471","Analyze"
"NIU","Niu Technologies Class A ADRs","China","PRIVATE","","Consumer Discretionary","$1,888,618,240","59.33","3.94","1.57","0.00%","423,155","Analyze"
"HIMX","Himax Technologies ADRs","Taiwan","PRIVATE","","Information Technology","$1,859,272,282","8.54","1.56","3.04","2.63%","2,390,569","Analyze"
"AKO.A","Embotelladora Andina ADRs of A Shares","Chile","CC:ANDINAA","Santiago Stock Exchange","Consumer Staples","$1,846,734,588","11.49","0.81","0.00","3.64%","1,246","Analyze"
"AKO.B","Embotelladora Andina ADRs of B Shares","Chile","CC:ANDINAB","Santiago Stock Exchange","Consumer Staples","$1,846,734,588","12.83","0.79","0.00","3.52%","19,060","Analyze"
"YPF","YPF Sociedad Anonima ADRs","Argentina","AF:YPFD","Bolsa de Comercio de Buenos Aires","Energy","$1,777,539,643","0.00","0.19","0.00","1.97%","1,567,618","Analyze"
"VALN","Valneva SE - ADRs","France","FP:VLA","Euronext Paris","Health Care","$1,768,135,730","0.00","13.82","27.21","0.00%","141,852","Analyze"
"CD","Chindata Group Holdings Ltd ADRs","China","PRIVATE","","Information Technology","$1,761,142,093","0.00","4.78","0.17","0.00%","2,232,684","Analyze"
"NOAH","Noah Holdings ADRs","China","PRIVATE","","Financials","$1,749,918,967","0.00","2.84","0.23","0.00%","122,191","Analyze"
"MFGP","Micro Focus Intl Plc ADRs","United Kingdom","LN:MCRO","London Stock Exchange","Information Technology","$1,728,549,615","-1.21","0.54","0.56","4.67%","387,084","Analyze"
"IMCR","Immunocore Holdings plc ADRs","United Kingdom","PRIVATE","","Health Care","$1,664,747,066","0.00","43.00","7.85","0.00%","53,566","Analyze"
"JKS","JinkoSolar Holding ADRs","China","PRIVATE","","Information Technology","$1,646,242,800","0.00","0.31","0.12","0.00%","1,418,993","Analyze"
"FORTY","Formula Systems (1985) Ltd. ADRs","Israel","IT:FORTY","Tel Aviv Stock Exchange","Information Technology","$1,624,528,680","31.52","0.74","1.41","0.74%","5,515","Analyze"
"ELP","Comp. Paranaense de Energia-COPEL ADRs","Brazil","BS:CPLE6","XBSP","Utilities","$1,596,248,951","24.98","0.44","0.08","1.21%","1,346,861","Analyze"
"MOR","MorphoSys AG ADRs","Germany","GF:MOR","Frankfurt Stock Exchange","Health Care","$1,559,607,323","0.00","9.34","2.57","0.00%","54,788","Analyze"
"HEPS","D-MARKET Electronic Services & Trading ADRs","Turkey","PRIVATE","","Consumer Discretionary","$1,532,950,834","0.00","2.96","-1.09","0.00%","684,390","Analyze"
"TRMR","Tremor International Ltd. ADRs","Israel","LN:TRMR","London Stock Exchange","Communication Services","$1,511,710,842","65.60","6.67","3.07","0.00%","107,059","Analyze"
"CNTA","Centessa Pharmaceuticals Ltd ADRs","United Kingdom","PRIVATE","","Health Care","$1,506,714,262","0.00","0.00","2.51","0.00%","254,453","Analyze"
"OCFT","OneConnect Financial Technology Co., Ltd. ADRs","China","PRIVATE","","Information Technology","$1,470,275,702","0.00","2.51","0.33","0.00%","1,257,833","Analyze"
"BCYC","Bicycle Therapeutics plc  ADRs","United Kingdom","PRIVATE","","Health Care","$1,469,846,557","-22.50","130.27","9.77","0.00%","605,763","Analyze"
"NNDM","Nano Dimension Ltd. ADRs","Israel","IT:NNDM","Tel Aviv Stock Exchange","Information Technology","$1,465,626,576","-23.80","363.59","0.97","0.00%","4,761,661","Analyze"
"BZUN","Baozun Inc. ADRs","China","PRIVATE","","Consumer Discretionary","$1,450,464,025","3.56","0.16","0.24","0.00%","1,004,972","Analyze"
"KZIA","Kazia Therapeutics ADRs","Australia","AT:KZA","Asx - All Markets","Health Care","$1,425,520,638","0.00","0.00","44.59","0.00%","26,376","Analyze"
"PRTC","PureTech Health plc ADRs","United Kingdom","LN:PRTC","London Stock Exchange","Health Care","$1,412,700,966","22.89","103.21","2.53","0.00%","4,276","Analyze"
"CMPS","COMPASS Pathways Plc ADRs","United Kingdom","PRIVATE","","Health Care","$1,408,468,416","0.00","0.00","4.42","0.00%","333,281","Analyze"
"CBD","Companhia Brasileira de Distribuica ADRs","Brazil","BS:PCAR4","XBSP","Consumer Discretionary","$1,389,605,916","3.62","0.13","0.09","8.39%","1,465,145","Analyze"
"ZEAL","Zealand Pharma A/S ADRs","Denmark","DC:ZEAL","Omx Nordic Exchange Copenhagen A/S","Health Care","$1,382,793,400","0.00","0.00","1.00","0.00%","4,288","Analyze"
"GGAL","Grupo Financiero Galicia ADRs of Class B","Argentina","AF:GGAL","Bolsa de Comercio de Buenos Aires","Financials","$1,303,269,720","10.36","0.60","0.01","0.59%","608,681","Analyze"
"YSG","Yatsen Holding Ltd ADRs","China","PRIVATE","","Consumer Discretionary","$1,301,305,219","0.00","1.34","0.20","0.00%","4,033,502","Analyze"
"BNR","Burning Rock Biotech Limited ADRs","China","PRIVATE","","Health Care","$1,275,209,631","0.00","16.63","0.57","0.00%","234,427","Analyze"
"GTH","Genetron Holdings Limited ADRs","China","PRIVATE","","Health Care","$1,235,316,908","0.00","16.48","0.82","0.00%","194,709","Analyze"
"IMOS","ChipMOS TECHNOLOGIES ADRs","Taiwan","TT:8150","Taiwan Stock Exchange","Information Technology","$1,212,309,280","10.10","1.37","0.05","4.74%","40,592","Analyze"
"DOYU","DouYu International Holdings Limited ADRs","China","PRIVATE","","Communication Services","$1,210,048,517","0.00","0.83","0.18","0.00%","2,650,628","Analyze"
"RERE","AiHuiShou International Co. Ltd. ADRs","China","PRIVATE","","Consumer Discretionary","$1,209,470,050","0.00","1.46","0.19","0.00%","339,009","Analyze"
"MTLS","Materialise NV ADRs","Belgium","PRIVATE","","Information Technology","$1,196,598,887","0.00","5.64","5.77","0.00%","205,658","Analyze"
"TIGR","UP Fintech Holding Limited ADRs of Class A","China","PRIVATE","","Financials","$1,190,317,112","101.86","5.32","2.81","0.00%","9,932,582","Analyze"
"ITCB","Itau CorpBanca ADRs","Chile","CC:ITAUCORP","Santiago Stock Exchange","Financials","$1,175,119,504","2.29","0.84","0.00","0.00%","26,775","Analyze"
"CAN","Canaan Inc. ADRs","China","PRIVATE","","Information Technology","$1,147,088,673","15.42","0.68","0.73","0.00%","8,025,456","Analyze"
"PAM","Pampa Energia ADRs","Argentina","AF:PAMP","Bolsa de Comercio de Buenos Aires","Utilities","$1,135,189,212","-0.05","0.02","0.74","0.00%","138,510","Analyze"
"OIBR.C","Oi S.A. ADRs","Brazil","BS:OIBR3","XBSP","Communication Services","$1,112,807,846","0.00","1.39","0.18","0.00%","799,408","Analyze"
"BMA","Banco Macro S.A.  ADRs of Class B shares","Argentina","AF:BMA","Bolsa de Comercio de Buenos Aires","Financials","$1,074,183,935","6.65","0.92","0.01","91.46%","213,936","Analyze"
"MTL","Mechel PJSC ADRs","Russia","RX:MTLR","Standard-Classica-Forts","Materials","$1,067,136,056","2.99","0.24","-0.00","0.00%","379,625","Analyze"
"GOL","Gol Linhas ADRs of preferred shares","Brazil","BS:GOLL4","XBSP","Industrials","$1,051,532,039","0.00","1.07","-0.07","0.16%","1,356,338","Analyze"
"OPRA","Opera Limited ADRs","Norway","PRIVATE","","Information Technology","$1,023,646,749","4.49","5.01","0.93","0.00%","63,000","Analyze"
"FINV","FinVolution Group ADRs","China","PRIVATE","","Financials","$991,355,797","5.10","0.82","0.11","2.87%","1,056,607","Analyze"
"PLL","Piedmont Lithium Limited ADRs","Australia","AT:PLL","Asx - All Markets","Materials","$989,932,860","0.00","0.00","5.34","0.00%","295,173","Analyze"
"UXIN","Uxin Limited ADRs","China","PRIVATE","","Consumer Discretionary","$980,204,620","0.00","7.17","-0.49","0.00%","1,733,237","Analyze"
"CNTB","Connect Biopharma Holdings Ltd ADRs","China","PRIVATE","","Health Care","$954,569,305","0.00","0.00","0.46","0.00%","90,440","Analyze"
"RNLX","Renalytix AI PLC ADRs","United Kingdom","LN:RENX","London Stock Exchange","Health Care","$881,925,687","-53.00","865.48","11.71","0.00%","67,590","Analyze"
"DDI","DoubleDown Interactive Co., Ltd. ADRs","South Korea","PRIVATE","","Communication Services","$868,176,269","0.00","0.00","0.00","0.00%","84,468","Analyze"
"SOHU","Sohu.com Limited ADRs","China","PRIVATE","","Communication Services","$866,311,359","8.55","1.03","0.73","0.00%","243,382","Analyze"
"SHI","Sinopec Shanghai Petrochemical ADRs","China","HK:0338","Hong Kong Exchange","Industrials","$863,964,000","4.68","0.04","0.03","6.30%","39,982","Analyze"
"LOMA","Loma Negra Compania Industrial Argentina SA ADRs","Argentina","PRIVATE","","Materials","$851,125,828","7.38","1.64","0.01","3.83%","163,213","Analyze"
"GRCL","Gracell Biotechnologies Inc. ADRs","China","PRIVATE","","Health Care","$830,457,250","0.00","0.00","0.38","0.00%","69,404","Analyze"
"YALA","Yalla Group Ltd ADRs of Class A","United Arab Emirates","PRIVATE","","Information Technology","$826,029,091","52.96","3.82","2.85","0.00%","1,230,011","Analyze"
"ADAP","Adaptimmune Therapeutics ADRs","United Kingdom","PRIVATE","","Health Care","$822,586,126","-5.45","132.16","2.92","0.00%","674,107","Analyze"
"HLG","Hailiang Education Group Inc. ADRs","China","PRIVATE","","Consumer Staples","$809,429,200","1.81","0.46","0.34","0.00%","3,203","Analyze"
"MESO","Mesoblast ADRs","Australia","AT:MSB","Asx - All Markets","Health Care","$796,598,774","-8.18","106.84","1.39","0.00%","97,241","Analyze"
"EH","EHang Holdings Limited ADRs","China","PRIVATE","","Industrials","$794,996,730","0.00","27.54","1.59","0.00%","708,242","Analyze"
"DRD","DRDGold Ltd ADRs","South Africa","SJ:DRD","Johannesburg Stock Exchange","Materials","$792,827,847","8.12","0.69","0.17","2.89%","191,981","Analyze"
"MF","Missfresh Limited ADRs","China","PRIVATE","","Financials","$785,296,984","0.00","0.78","0.56","0.00%","261,671","Analyze"
"LX","LexinFintech Holdings Ltd. ADRs","China","PRIVATE","","Financials","$784,481,955","3.40","0.40","0.11","0.00%","1,180,214","Analyze"
"MSC","Studio City International Holdings Limited Class A ADRs","Hong Kong","MLCO","NASDAQ Global Select","Consumer Discretionary","$782,370,079","-2.60","9.27","0.70","0.00%","2,302","Analyze"
"PTNR","Partner Communications ADRs","Israel","IT:PTNR","Tel Aviv Stock Exchange","Communication Services","$778,178,879","0.00","0.76","0.46","0.00%","8,484","Analyze"
"AMYT","Amryt Pharma plc ADRs","United Kingdom","LN:AMYT","London Stock Exchange","Health Care","$747,894,950","-8.96","3.79","14.68","0.00%","72,870","Analyze"
"WDH","Waterdrop Inc. ADRs","China","PRIVATE","","Health Care","$718,913,511","0.00","1.38","0.15","0.00%","281,569","Analyze"
"FANH","Fanhua Inc. ADRs","China","PRIVATE","","Financials","$706,620,791","14.45","1.31","0.36","5.95%","61,112","Analyze"
"GRVY","Gravity ADRs","South Korea","PRIVATE","","Information Technology","$693,847,665","10.69","1.88","0.00","0.00%","17,231","Analyze"
"TEO","Telecom Argentina ADRs","Argentina","AF:TECO2","Bolsa de Comercio de Buenos Aires","Communication Services","$658,204,805","0.00","0.21","0.00","4.26%","121,599","Analyze"
"EM","Smart Share Global Limited ADRs","China","PRIVATE","","Consumer Discretionary","$654,343,194","0.57","1.32","0.19","0.00%","381,610","Analyze"
"PHAR","Pharming Group N.V. ADRs","The Netherlands","NA:PHARM","Nyse Euronext - Euronext Amsterdam","Health Care","$646,809,712","0.00","0.00","3.78","0.00%","1,119","Analyze"
"MOLN","Molecular Partners AG ADRs","Switzerland","SE:MOLN","Six Swiss Exchange","Health Care","$644,021,970","0.00","0.00","5.96","0.00%","27,165","Analyze"
"SIFY","SIFY Technologies Limited ADRs","India","PRIVATE","","Communication Services","$643,300,384","29.02","1.89","0.05","0.51%","182,222","Analyze"
"BTCM","BIT Mining Limited ADRs","China","PRIVATE","","Information Technology","$642,840,000","0.00","1.41","0.55","0.00%","1,717,053","Analyze"
"RAAS","Cloopen Group Holding Limited ADRs of class A","China","PRIVATE","","Information Technology","$639,520,976","0.00","9.73","0.23","0.00%","666,421","Analyze"
"SLN","Silence Therapeutics Plc ADRs","United Kingdom","LN:SLN","London Stock Exchange","Health Care","$630,544,072","0.00","398.96","28.44","0.00%","909","Analyze"
"ICLK","iClick Interactive Asia Group Limited ADRs","China","PRIVATE","","Communication Services","$627,313,644","-56.05","2.15","2.00","0.00%","762,209","Analyze"
"LND","Brasilagro Brazilian Agric Real Estate Co ADRs","Brazil","BS:AGRO3","XBSP","Consumer Staples","$602,427,266","2.65","0.92","0.34","44.54%","11,498","Analyze"
"CEPU","Central Puerto S.A. ADRs","Argentina","AF:CEPU","Bolsa de Comercio de Buenos Aires","Utilities","$594,542,312","0.00","1.56","0.01","0.66%","273,659","Analyze"
"DBVT","DBV Technologies S.A. ADRs","France","FP:DBV","Euronext Paris","Health Care","$590,825,518","-13.65","224.52","4.13","0.00%","46,315","Analyze"
"GHG","GreenTree Hospitality Group Ltd. ADRs of Class A","China","PRIVATE","","Consumer Discretionary","$590,682,152","16.47","3.72","0.25","20.13%","177,656","Analyze"
"CALT","Calliditas Therapeutics AB ADRs","Sweden","SS:CALTX","Nasdaq Omx Nordic","Health Care","$584,132,077","0.00","12,589.94","0.62","0.00%","14,250","Analyze"
"VIST","Vista Oil & Gas, S.A.B. de C.V. ADRs of class A shares","Mexico","MM:VISTA","Bolsa Mexicana De Valores (Mexican Stock Exchange)","Energy","$575,717,754","-18.89","1.34","1.15","0.00%","596,182","Analyze"
"IVA","Inventiva S.A. ADRs","France","FP:IVA","Euronext Paris","Health Care","$570,397,730","-13.92","210.52","6.44","0.00%","11,541","Analyze"
"SOL","ReneSola Ltd. ADRs","China","PRIVATE","","Industrials","$545,432,543","40.94","8.04","1.18","0.00%","1,259,841","Analyze"
"GOTU","GSX Techedu Inc. ADRs","China","PRIVATE","","Consumer Discretionary","$528,641,568","0.00","0.40","0.15","0.00%","12,242,848","Analyze"
"BEST","BEST Inc. ADRs of Class A","China","PRIVATE","","Industrials","$523,855,265","0.00","0.11","0.78","0.00%","4,958,982","Analyze"
"ADAG","Adagene Inc. ADRs","China","PRIVATE","","Health Care","$515,948,199","-29.87","33.83","2.81","0.00%","18,819","Analyze"
"CPAC","Cementos Pacasmayo SAA ADRs","Peru","PE:CPACASC1","Bolsa De Valores De Lima","Materials","$512,880,825","13.71","0.93","0.47","4.54%","21,546","Analyze"
"SMMT","Summit Therapeutics PLC ADRs","United Kingdom","LN:SUMM","London Stock Exchange","Health Care","$502,489,954","0.00","0.00","4.24","0.00%","161,099","Analyze"
"AMAM","Ambrx Biopharma Inc. ADRs","Cayman Islands","PRIVATE","","Health Care","$501,003,765","0.00","0.00","0.00","0.00%","18,618","Analyze"
"QIWI","QIWI plc ADRs","Russia","PRIVATE","","Information Technology","$500,505,765","4.31","0.85","0.02","11.70%","273,772","Analyze"
"ITMR","Itamar Medical Ltd. ADRs","Israel","IT:ITMR","Tel Aviv Stock Exchange","Health Care","$497,863,957","-31.17","10.31","6.12","0.00%","128,811","Analyze"
"VACC","Vaccitech plc ADRs","United Kingdom","PRIVATE","","Health Care","$496,386,220","-13.24","338.60","2.01","0.00%","15,423","Analyze"
"AVDL","Avadel Pharmaceuticals PLC ADRs","Ireland","PRIVATE","","Health Care","$495,724,173","0.00","0.00","4.16","0.00%","1,129,392","Analyze"
"CLLS","Cellectis SA ADRs","France","FP:ALCLS","Euronext Paris","Health Care","$491,934,654","-4.09","8.21","1.65","0.00%","308,886","Analyze"
"CANG","Cango Inc. ADRs of Class A","China","PRIVATE","","Consumer Discretionary","$485,923,675","1.20","0.86","0.07","4.52%","227,395","Analyze"
"DAO","Youdao, Inc. ADRs of Class A","China","PRIVATE","","Consumer Discretionary","$474,830,039","0.00","0.65","-0.68","0.00%","320,753","Analyze"
"IPHA","Innate Pharma S.A. ADRs","France","FP:IPH","Euronext Paris","Health Care","$460,700,476","0.00","3.63","3.29","0.00%","158,433","Analyze"
"AUTL","Autolus Therapeutics plc ADRs","United Kingdom","PRIVATE","","Health Care","$434,273,215","-2.93","151.84","1.51","0.00%","293,117","Analyze"
"NBTX","Nanobiotix S.A. - ADRs","France","FP:NANO","Euronext Paris","Health Care","$432,189,072","0.00","523.50","10.77","0.00%","3,288","Analyze"
"RENN","Renren Inc. ADRs of Class A","China","PRIVATE","","Information Technology","$430,651,321","-8.43","0.64","3.35","909.65%","603,833","Analyze"
"SOS","SOS Limited ADRs of Class A","China","PRIVATE","","Industrials","$430,402,100","101.99","1.69","0.90","0.00%","8,692,034","Analyze"
"EXAI","Exscientia Ltd ADRs","United Kingdom","","","Health Care","$417,185,680","0.00","0.00","1.94","0.00%","259,166","Analyze"
"SY","So-Young International Inc. ADRs of Class A","China","PRIVATE","","Communication Services","$404,915,740","60.14","1.62","0.17","0.00%","323,883","Analyze"
"TGS","Transportadora de Gas del Sur SA ADRs","Argentina","AF:TGSU2","Bolsa de Comercio de Buenos Aires","Energy","$395,532,913","29.70","0.60","0.00","1.00%","82,858","Analyze"
"OG","Onion Global Limited ADRs of Class A","China","PRIVATE","","Information Technology","$382,344,862","-1.69","0.05","0.43","0.00%","358,860","Analyze"
"IRCP","IRSA Propiedades Comerciales ADRs","Argentina","AF:IRCP","Bolsa de Comercio de Buenos Aires","Real Estate","$368,036,414","0.00","3.90","0.00","7.32%","103,008","Analyze"
"IMMP","Immutep Limited ADRs","Australia","AT:IMM","Asx - All Markets","Health Care","$368,019,177","0.00","28.20","5.01","0.00%","223,330","Analyze"
"CNF","CNFinance Holdings Limited ADRs","China","PRIVATE","","Financials","$357,313,064","8.27","1.81","0.09","0.00%","170,671","Analyze"
"PUYI","Puyi Inc. ADRs","China","PRIVATE","","Financials","$343,793,653","-24.73","2.43","1.16","0.00%","7,427","Analyze"
"AENZ","Aenza S.A.A. ADRs","Peru","PE:AENZAC1","Bolsa De Valores De Lima","Industrials","$340,047,963","0.00","0.27","0.23","0.00%","110,301","Analyze"
"CRESY","Cresud SACIF ADRs","Argentina","AF:CRES","Bolsa de Comercio de Buenos Aires","Real Estate","$333,605,205","0.03","0.01","0.00","0.00%","119,480","Analyze"
"ZME","Zhangmen Education Inc. ADRs of Class A","China","PRIVATE","","Consumer Staples","$329,111,314","0.00","0.08","-0.39","0.00%","41,558","Analyze"
"OPT","Opthea Limited ADRs","Australia","PRIVATE","","Health Care","$328,188,314","0.00","1,766.61","2.51","0.00%","12,078","Analyze"
"IRS","IRSA Inversiones y Representaciones ADRs","Argentina","AF:IRSA","Bolsa de Comercio de Buenos Aires","Real Estate","$319,458,083","0.00","2.04","0.00","0.00%","35,974","Analyze"
"QD","Qudian Inc. ADRs of Class A","China","PRIVATE","","Financials","$316,627,033","1.50","0.81","0.03","0.00%","847,031","Analyze"
"MIXT","MiX Telematics ADRs","South Africa","SJ:MIX","Johannesburg Stock Exchange","Information Technology","$315,831,153","19.82","2.35","2.41","2.05%","19,203","Analyze"
"WIMI","WiMi Hologram Cloud Inc. ADRs of Class B","China","PRIVATE","","Consumer Discretionary","$315,032,556","0.00","0.55","0.19","0.00%","1,611,967","Analyze"
"YRD","Yirendai Limited ADRs","China","PRIVATE","","Financials","$313,260,413","0.00","0.45","0.08","7.86%","253,200","Analyze"
"ZEPP","Zepp Health Corporation ADRs","China","PRIVATE","","Information Technology","$309,593,956","16.02","0.27","0.11","0.00%","150,264","Analyze"
"VRNA","Verona Pharma plc ADRs","United Kingdom","LN:VRP","London Stock Exchange","Health Care","$301,383,120","0.00","0.00","1.94","0.00%","64,360","Analyze"
"YI","111, Inc. ADRs","China","PRIVATE","","Consumer Staples","$271,865,471","0.00","0.16","1.67","0.00%","157,348","Analyze"
"ORTX","Orchard Therapeutics plc ADRs","United Kingdom","PRIVATE","","Health Care","$262,025,108","-12.85","131.14","0.99","0.00%","1,458,882","Analyze"
"RDHL","RedHill Biopharma ADRs","Israel","IT:RDHL","Tel Aviv Stock Exchange","Health Care","$257,137,032","-2.87","3.04","9.20","0.00%","1,248,127","Analyze"
"HKIB","AMTD International Inc. ADRs of class A","Hong Kong","PRIVATE","","Financials","$248,688,125","0.22","0.16","0.03","0.00%","14,781","Analyze"
"MREO","Mereo BioPharma Group plc ADRs","United Kingdom","LN:MPH","London Stock Exchange","Health Care","$235,751,263","0.00","0.00","-15.53","0.00%","951,573","Analyze"
"JFU","9F Inc. ADRs","China","PRIVATE","","Communication Services","$231,657,592","0.00","0.90","0.06","0.00%","195,360","Analyze"
"JFIN","Jiayin Group Inc. ADRs of class A","China","PRIVATE","","Information Technology","$212,858,500","3.49","0.86","-1.00","0.00%","402,966","Analyze"
"XNET","Xunlei Limited ADRs","China","PRIVATE","","Information Technology","$210,853,427","21.11","1.04","0.70","0.00%","236,860","Analyze"
"NCTY","The9  Limited ADRs","China","PRIVATE","","Information Technology","$208,483,253","1.03","258.27","0.25","0.00%","1,023,521","Analyze"
"NTZ","Natuzzi S.p.A. ADRs","Italy","PRIVATE","","Consumer Discretionary","$203,065,973","0.00","0.44","2.46","0.00%","22,743","Analyze"
"EDAP","Edap TMS SA ADRs","France","PRIVATE","","Health Care","$202,223,968","6,241.30","2.42","4.20","0.00%","51,590","Analyze"
"FRSX","Foresight Autonomous Holdings Ltd. ADRs","Israel","IT:FRSX","Tel Aviv Stock Exchange","Real Estate","$188,428,777","0.00","0.00","3.39","0.00%","1,152,514","Analyze"
"CUK","Carnival PLC ADRs","United Kingdom","LN:CCL","London Stock Exchange","Consumer Discretionary","$187,707,200","-0.02","0.29","0.01","0.00%","1,523,728","Analyze"
"XYF","X Financial ADRs of Class A","China","PRIVATE","","Financials","$187,179,894","0.00","0.62","0.07","10.53%","181,381","Analyze"
"SUPV","Grupo Supervielle SA ADRs of Class B","Argentina","PRIVATE","","Financials","$186,432,512","17.43","0.42","0.00","1.12%","302,515","Analyze"
"TRVG","Trivago NV ADRs","The Netherlands","PRIVATE","","Information Technology","$180,074,177","0.00","0.68","0.27","0.00%","661,620","Analyze"
"HYW","Hywin Holdings Ltd. ADRs","China","PRIVATE","","Financials","$179,760,000","0.00","0.00","0.00","0.00%","13,113","Analyze"
"VIOT","Viomi Technology Co. ADRs","China","PRIVATE","","Information Technology","$178,433,775","10.10","0.18","0.11","1.98%","200,313","Analyze"
"LITB","LightInTheBox ADRs","China","PRIVATE","","Consumer Discretionary","$177,077,680","12.18","0.38","2.97","0.00%","359,198","Analyze"
"CLGN","CollPlant Holdings ADRs","Israel","IT:CLPT","Tel Aviv Stock Exchange","Health Care","$176,952,224","0.00","8.89","0.00","0.00%","10,563","Analyze"
"QTT","Qutoutiao Inc. ADRs","China","PRIVATE","","Communication Services","$172,961,470","0.00","0.22","-0.11","0.00%","533,783","Analyze"
"VIAO","VIA optronics AG ADRs","Germany","PRIVATE","","Information Technology","$169,788,020","0.00","0.84","2.27","0.00%","5,280","Analyze"
"TOUR","Tuniu Corp ADRs","China","PRIVATE","","Consumer Discretionary","$168,345,503","0.00","2.24","0.13","0.00%","147,214","Analyze"
"SQNS","Sequans Communications S.A. ADRs","France","PRIVATE","","Information Technology","$167,786,065","-5.28","3.05","-8.72","0.00%","80,801","Analyze"
"GNFT","GENFIT S.A. ADRs","France","FP:GNFT","Euronext Paris","Health Care","$166,164,158","-1.69","17.95","5.19","0.00%","4,708","Analyze"
"OIIM","O2Micro International ADRs","Hong Kong","PRIVATE","","Information Technology","$164,977,155","13.49","1.74","1.89","0.00%","85,110","Analyze"
"ERYP","Erytech Pharma S.A. ADRs","France","FP:ERYP","Euronext Paris","Health Care","$164,433,249","0.00","0.00","4.53","0.00%","30,665","Analyze"
"LBPS","4D pharma plc ADRs","United Kingdom","LN:DDDD","London Stock Exchange","Health Care","$162,270,871","-24.63","295.04","4.26","0.00%","25,543","Analyze"
"BQ","Boqii Holding Limited ADRs of Class A","China","PRIVATE","","Consumer Discretionary","$158,428,178","0.00","0.92","0.94","0.00%","173,086","Analyze"
"EVAX","Evaxion Biotech A/S ADRs","Denmark","PRIVATE","","Health Care","$158,389,011","0.00","0.00","-4.15","0.00%","31,918","Analyze"
"HX","Hexindai Inc. ADRs","China","PRIVATE","","Financials","$154,856,323","-3.98","8.93","17.79","2.84%","4,844,738","Analyze"
"JG","Aurora Mobile Limited ADRs","China","PRIVATE","","Information Technology","$152,481,605","0.00","2.56","0.58","0.00%","319,675","Analyze"
"LEJU","Leju Holdings ADRs","China","PRIVATE","","Real Estate","$151,843,488","8.08","0.15","0.62","18.02%","34,349","Analyze"
"BFRA","Biofrontera AG ADRs","Germany","PRIVATE","","Health Care","$151,719,008","0.00","4.77","6.93","0.37%","6,076","Analyze"
"WKEY","WISeKey International Holding AG ADRs","Switzerland","SE:WIHN","Six Swiss Exchange","Information Technology","$147,031,402","-6.67","6.31","10.29","0.00%","426,246","Analyze"
"EDN","Edenor ADRs","Argentina","AF:EDN","Bolsa de Comercio de Buenos Aires","Utilities","$146,592,741","0.00","0.16","0.00","0.00%","31,763","Analyze"
"ORPH","Orphazyme A/S ADRs","Denmark","DC:ORPHA","Omx Nordic Exchange Copenhagen A/S","Health Care","$145,750,845","0.00","0.00","0.86","0.00%","1,971,463","Analyze"
"TLSA","Tiziana Life Sciences plc  ADRs","United Kingdom","LN:TILS","London Stock Exchange","Health Care","$143,040,033","0.00","0.00","4.58","0.00%","121,062","Analyze"
"YQ","17 Education & Technology Group Inc. ADRs","China","PRIVATE","","Consumer Discretionary","$142,133,897","0.00","0.47","0.11","0.00%","1,228,034","Analyze"
"BLRX","BioLineRX Ltd. ADRs","Israel","IT:BLRX","Tel Aviv Stock Exchange","Health Care","$137,096,746","0.00","0.00","1.83","0.00%","458,519","Analyze"
"NCNA","NuCana plc ADRs","United Kingdom","PRIVATE","","Health Care","$135,621,314","0.00","0.00","1.60","0.00%","5,253,347","Analyze"
"ARBK","Argo Blockchain Plc ADRs","United Kingdom","LN:ARB","London Stock Exchange","Financials","$133,725,000","0.00","0.00","0.00","0.00%","679,290","Analyze"
"BWAY","Brainsway Ltd. ADRs","Israel","IT:BRIN","Tel Aviv Stock Exchange","Information Technology","$128,817,727","-22.21","4.92","2.25","0.00%","23,654","Analyze"
"IH","iHuman Inc. ADRs of Class A","China","PRIVATE","","Consumer Discretionary","$125,565,317","0.00","1.01","0.19","0.00%","22,069","Analyze"
"KUKE","Kuke Music Holding Limited ADRs","China","PRIVATE","","Consumer Discretionary","$116,858,081","-6.62","0.48","0.13","0.00%","9,403","Analyze"
"LXEH","Lixiang Education Holding Co., Ltd.  ADRs","China","PRIVATE","","Consumer Discretionary","$113,600,568","5.41","0.69","0.29","0.00%","1,852","Analyze"
"LIZI","LIZHI INC. ADRs of Class A","China","PRIVATE","","Communication Services","$111,868,198","0.00","0.39","0.46","0.00%","549,812","Analyze"
"YJ","Yunji Inc. ADRs of Class A","China","PRIVATE","","Consumer Discretionary","$110,615,390","0.00","0.19","0.10","0.00%","281,280","Analyze"
"QH","Quhuo Limited ADRs of Class A","China","PRIVATE","","Information Technology","$108,330,018","0.00","0.23","0.20","0.00%","80,263","Analyze"
"CMMB","Chemomab Therapeutics Ltd.  ADRs","Israel","PRIVATE","","Health Care","$105,885,590","0.00","0.00","1.68","0.00%","78,828","Analyze"
"HUIZ","Huize Holding Limited ADRs of Class A","China","PRIVATE","","Financials","$103,066,738","0.00","0.39","0.26","0.00%","154,010","Analyze"
"CIH","China Index Holdings Limited ADRs","China","PRIVATE","","Industrials","$102,937,713","0.34","0.16","0.31","0.00%","19,157","Analyze"
"AIH","Aesthetic Medical International Holdings Group Ltd. ADRs","China","PRIVATE","","Health Care","$102,178,864","0.00","0.56","0.24","0.00%","20,451","Analyze"
"MITC","MeaTech 3D Ltd. - ADRs","Israel","IT:MITC","Tel Aviv Stock Exchange","Consumer Staples","$90,073,405","0.00","418.31","2.05","0.00%","95,877","Analyze"
"MOGU","MOGU Inc. ADRs Class A","China","PRIVATE","","Consumer Discretionary","$87,132,179","0.00","1.26","0.07","0.00%","90,779","Analyze"
"BPTS","Biophytis SA ADRs","France","FP:ALBPS","Euronext Paris","Health Care","$83,683,738","0.00","0.00","10.98","0.00%","1,570","Analyze"
"BLCT","BlueCity Holdings Limited ADRs","China","PRIVATE","","Information Technology","$82,098,626","0.00","0.46","0.13","0.00%","177,992","Analyze"
"AACG","ATA Creativity Global ADRs","China","PRIVATE","","Consumer Discretionary","$81,155,041","0.00","2.92","0.35","0.00%","74,116","Analyze"
"AKTX","Akari Therapeutics PLC ADRs","United Kingdom","PRIVATE","","Health Care","$80,829,786","0.00","0.00","51.85","0.00%","105,503","Analyze"
"MITO","Stealth BioTherapeutics Corp. ADRs","Cayman Islands","PRIVATE","","Health Care","$79,464,285","0.00","0.00","-2.76","0.00%","199,274","Analyze"
"PPBT","Purple Biotech Ltd. ADRs","Israel","IT:KTOV","Tel Aviv Stock Exchange","Health Care","$78,918,892","-5.92","157.84","1.14","0.00%","82,867","Analyze"
"CYAD","Celyad SA ADRs","Belgium","BB:CYAD","Nyse Euronext - Euronext Brussels","Health Care","$76,695,082","0.00","7,754.32","3.12","0.00%","31,635","Analyze"
"BEDU","Bright Scholar Education Holdings Limited ADRs of Class A","China","PRIVATE","","Consumer Discretionary","$73,648,270","14.12","0.12","0.02","4.17%","38,184","Analyze"
"LOV","Spark Networks Inc. ADRs","Germany","PRIVATE","","Information Technology","$72,387,247","-0.99","0.21","1.88","0.00%","97,638","Analyze"
"CMCM","Cheetah Mobile ADRs","China","PRIVATE","","Information Technology","$72,187,994","4.04","0.44","0.02","25.00%","147,797","Analyze"
"CCM","Concord Medical Services ADRs","China","PRIVATE","","Health Care","$70,659,886","0.00","0.19","-0.35","0.00%","4,345","Analyze"
"ADXN","Addex Therapeutics Ltd ADRs","Switzerland","SE:ADXN","Six Swiss Exchange","Health Care","$67,339,704","-5.28","18.28","4.11","0.00%","1,565","Analyze"
"LGHL","Lion Group Holding Ltd. ADRs","China","PRIVATE","","Financials","$67,161,532","29.65","2.61","1.65","0.00%","1,507,836","Analyze"
"VJET","voxeljet AG ADRs","Germany","PRIVATE","","Information Technology","$66,964,556","0.00","2.53","2.58","0.00%","41,512","Analyze"
"SECO","Secoo Holding Limited ADRs","China","PRIVATE","","Consumer Discretionary","$65,561,063","16.04","0.01","0.03","0.00%","110,226","Analyze"
"CTK","CooTek (Cayman) Inc. ADRs of Class A","China","PRIVATE","","Information Technology","$64,826,020","-1.30","0.17","-4.90","0.00%","158,770","Analyze"
"XIN","Xinyuan Real Estate ADRs","China","PRIVATE","","Real Estate","$61,748,934","-7.17","0.03","0.08","2.17%","361,136","Analyze"
"ASLN","ASLAN Pharmaceuticals Limited ADRs","Singapore","PRIVATE","","Health Care","$61,165,500","0.00","0.00","0.79","0.00%","2,132,828","Analyze"
"UCL","uCloudlink Group Inc. ADRs","Hong Kong","PRIVATE","","Communication Services","$60,959,209","-1.31","0.85","1.46","0.00%","51,934","Analyze"
"KRKR","36Kr Holdings Inc. ADRs","China","PRIVATE","","Communication Services","$59,356,641","0.00","1.05","0.19","0.00%","229,898","Analyze"
"RYB","RYB Education ADRs of Class A","China","PRIVATE","","Consumer Staples","$59,228,778","8.76","0.35","0.78","0.00%","19,195","Analyze"
"APOP","Cellect Biotechnology Ltd. ADRs","Israel","PRIVATE","","Health Care","$58,446,890","0.00","0.00","9.88","0.00%","578,701","Analyze"
"ATHE","Alterity Therapeutics Limited ADRs","Australia","AT:PBT","Asx - All Markets","Health Care","$53,753,532","0.00","0.00","1.72","0.00%","199,090","Analyze"
"TEDU","Tarena International ADRs","China","PRIVATE","","Consumer Discretionary","$51,847,490","0.00","0.14","-0.04","0.00%","294,144","Analyze"
"DUO","Fangdd Network Group Ltd. ADRs","China","PRIVATE","","Communication Services","$50,645,303","0.00","0.15","0.05","0.00%","681,753","Analyze"
"FEDU","Four Seasons Education (Cayman) Inc.  ADRs","China","PRIVATE","","Consumer Staples","$47,650,262","-1.72","0.17","0.07","8.04%","1,243,035","Analyze"
"GENE","Genetic Technologies ADRs","Australia","AT:GTG","Asx - All Markets","Health Care","$46,130,451","0.00","0.00","2.15","0.00%","103,719","Analyze"
"FWP","Forward Pharma ADRs","Denmark","PRIVATE","","Health Care","$45,418,089","0.00","0.00","0.62","0.00%","64,628","Analyze"
"ANTE","AirNet Technology Inc. ADRs","China","PRIVATE","","Health Care","$43,278,386","-2.18","0.96","-33.55","0.00%","22,949","Analyze"
"FENG","Phoenix New Media ADRs","China","PRIVATE","","Communication Services","$42,731,084","1.47","0.24","0.03","114.27%","138,357","Analyze"
"TRIB","Trinity Biotech PLC ADRs of Class A shares","Ireland","PRIVATE","","Health Care","$42,430,457","-22.90","0.37","-86.81","0.00%","124,207","Analyze"
"FHS","First High-School Education Group Co., Ltd. ADRs of Class A","China","PRIVATE","","Consumer Discretionary","$41,930,112","11.09","0.34","0.31","0.00%","238,244","Analyze"
"ONE","OneSmart International Education Group Limited ADRs","China","PRIVATE","","Consumer Discretionary","$41,732,398","-0.04","0.01","0.36","0.00%","3,967,357","Analyze"
"NEW","Puxin Limited ADRs","China","PRIVATE","","Consumer Discretionary","$41,422,662","0.87","0.01","0.09","0.00%","3,323,796","Analyze"
"REDU","RISE Education Cayman Ltd ADRs","China","PRIVATE","","Consumer Discretionary","$40,215,829","-0.77","0.04","0.09","0.00%","828,721","Analyze"
"WAVE","Eco Wave Power Global AB ADRs","Sweden","PRIVATE","","Utilities","$40,055,252","0.00","0.00","0.53","0.00%","18,591","Analyze"
"PT","Pintec Technology Holdings Limited ADRs of Class A","China","PRIVATE","","Information Technology","$40,025,286","-0.04","0.04","-0.38","0.00%","595,593","Analyze"
"MRM","MEDIROM Healthcare Technologies Inc. ADRs","Japan","PRIVATE","","Consumer Discretionary","$38,158,250","-0.23","0.01","0.10","0.00%","2,590,459","Analyze"
"JP","Jupai Holdings Limited ADRs","China","PRIVATE","","Financials","$37,756,665","0.00","0.66","0.04","0.00%","261,436","Analyze"
"SFUN","Fang Holdings ADRs","China","PRIVATE","","Communication Services","$37,536,130","-5.75","0.17","0.06","7.01%","2,687","Analyze"
"QK","Q&K International Group Limited ADRs","China","PRIVATE","","Real Estate","$37,317,065","0.00","0.15","-0.02","0.00%","155,452","Analyze"
"MTP","Midatech Pharma PLC ADRs","United Kingdom","LN:MTPH","London Stock Exchange","Health Care","$36,433,302","0.00","1.62","9.45","0.00%","112,399","Analyze"
"TC","TuanChe Limited ADRs","China","PRIVATE","","Information Technology","$35,704,481","0.00","0.48","0.14","0.00%","40,873","Analyze"
"SFET","Safe-T Group Ltd. ADRs","Israel","IT:SFET","Tel Aviv Stock Exchange","Information Technology","$33,250,430","-3.81","5.68","1.35","0.00%","204,283","Analyze"
"ANPC","AnPac Bio-Medical Science Co., Ltd. ADRs of Class A","China","PRIVATE","","Health Care","$32,036,845","0.00","14.59","1.51","0.00%","87,427","Analyze"
"COE","China Online Education ADRs of Class A","China","PRIVATE","","Consumer Discretionary","$31,889,082","8.39","0.09","-0.04","0.00%","587,664","Analyze"
"DXF","Dunxin Financial Holdings Limited ADRs","China","PRIVATE","","Financials","$31,318,782","3.22","1.33","0.07","0.00%","98,438","Analyze"
"CANF","Can-Fite BioPharma Ltd. ADRs","Israel","IT:CFBI","Tel Aviv Stock Exchange","Health Care","$31,303,807","-2.96","41.24","7.92","0.00%","143,690","Analyze"
"AMBO","Ambow Education Holding Ltd. ADRs of Class A","China","PRIVATE","","Consumer Staples","$30,202,759","0.00","0.33","0.21","0.00%","64,741","Analyze"
"BNTC","Benitec Biopharma ADRs","Australia","AT:BLT","Asx - All Markets","Health Care","$30,071,819","-2.10","509.69","1.45","0.00%","58,615","Analyze"
"MDGS","Medigus Ltd. ADRs","Israel","IT:MDGS","Tel Aviv Stock Exchange","Health Care","$29,645,631","-3.47","66.92","0.59","0.00%","345,669","Analyze"
"MFH","JMU Limited ADRs","China","PRIVATE","","Consumer Discretionary","$29,519,609","-5.34","18.89","3.15","0.00%","331,190","Analyze"
"JT","Jianpu Technology Inc.  ADRs of Class A","China","PRIVATE","","Financials","$27,971,811","0.00","0.02","0.03","0.00%","146,637","Analyze"
"WEI","Weidai Ltd. ADRs of Class A","China","PRIVATE","","Financials","$27,713,952","0.00","0.06","0.03","0.00%","186,659","Analyze"
"BVXV","BiondVax Pharmaceuticals Ltd. ADRs","Israel","PRIVATE","","Health Care","$27,248,722","0.00","0.00","2.36","0.00%","77,412","Analyze"
"LAIX","LAIX Inc. ADRs of Class A","China","PRIVATE","","Consumer Staples","$26,376,831","0.00","0.20","-0.04","0.00%","135,533","Analyze"
"XTLB","XTL Biopharmaceuticals ADRs","Israel","IT:XTLB","Tel Aviv Stock Exchange","Health Care","$21,126,244","0.00","0.00","6.49","0.00%","31,188","Analyze"
"IMRN","Immuron Limited ADRs","Australia","AT:IMC","Asx - All Markets","Health Care","$21,077,122","0.00","8.77","0.79","0.00%","169,011","Analyze"
"STG","Sunlands Online Education Group ADRs of Class A","China","PRIVATE","","Consumer Staples","$16,795,668","0.00","0.04","-0.01","0.00%","51,152","Analyze"
"JRJC","China Finance Online ADRs","China","PRIVATE","","Financials","$15,335,509","-1.75","0.38","3.97","0.00%","407,797","Analyze"
"MOHO","ECMOHO Limited ADRs","China","PRIVATE","","Consumer Discretionary","$10,353,196","-0.75","0.05","0.15","0.00%","216,955","Analyze"
"BSBR#","Banco Santander Brasil SA American Depositary Shares (each representing one unit) Ex-Distribution When Issued","usa","","","Unknown","$0","0.00","0.00","0.00","0.00%","0","Analyze"