"Symbol","Name","U.S. Exchange","Cross-list symbol","Cross-list exchange","GICS Sector","Industry","Market cap","Average Volume","Action"
"SHOP","Shopify Inc. Class A","New York Stock Exchange","CT:SHOP","Toronto Stock Exchange","Information Technology","Software—Application","$179,048,013,140","787,886","Analyze"
"RY","Royal Bank Of Canada","New York Stock Exchange","CT:RY","Toronto Stock Exchange","Financials","Banks—Diversified","$151,562,044,800","975,497","Analyze"
"TD","The Toronto-Dominion Bank","New York Stock Exchange","CT:TD","Toronto Stock Exchange","Financials","Banks—Diversified","$130,665,740,648","1,366,526","Analyze"
"BAM","Brookfield Asset Management Inc.","New York Stock Exchange","CT:BAM-A","Toronto Stock Exchange","Financials","Asset Management","$96,207,283,210","1,593,384","Analyze"
"CNI","Canadian National Railway Company","New York Stock Exchange","CT:CNR","Toronto Stock Exchange","Industrials","Railroads","$88,093,363,482","1,367,354","Analyze"
"ENB","Enbridge Inc","New York Stock Exchange","CT:ENB","Toronto Stock Exchange","Energy","Oil & Gas Midstream","$86,886,855,839","4,053,145","Analyze"
"BNS","The Bank Of Nova Scotia","New York Stock Exchange","CT:BNS","Toronto Stock Exchange","Financials","Banks—Diversified","$79,494,554,509","1,250,224","Analyze"
"BMO","Bank Of Montreal","New York Stock Exchange","CT:BMO","Toronto Stock Exchange","Financials","Banks—Diversified","$69,788,409,432","503,572","Analyze"
"TRI","Thomson Reuters Corporation","New York Stock Exchange","CT:TRI","Toronto Stock Exchange","Industrials","Consulting Services","$58,090,227,643","444,675","Analyze"
"CM","Canadian Imperial Bank Of Commerce","New York Stock Exchange","CT:CM","Toronto Stock Exchange","Financials","Banks—Diversified","$53,827,220,907","491,423","Analyze"
"TRP","TransCanada Corporation","New York Stock Exchange","CT:TRP","Toronto Stock Exchange","Energy","Oil & Gas Midstream","$53,307,593,996","1,522,638","Analyze"
"CNQ","Canadian Natural Resources Limited","New York Stock Exchange","CT:CNQ","Toronto Stock Exchange","Energy","Oil & Gas E&P","$50,311,264,970","3,032,003","Analyze"
"CP","Canadian Pacific Railway Limited","New York Stock Exchange","CT:CP","Toronto Stock Exchange","Industrials","Railroads","$49,002,772,331","4,747,268","Analyze"
"BCE","BCE, Inc.","New York Stock Exchange","CT:BCE","Toronto Stock Exchange","Communication Services","Telecom Services","$46,544,818,438","885,522","Analyze"
"NTR","Nutrien Ltd.","New York Stock Exchange","CT:NTR","Toronto Stock Exchange","Materials","Agricultural Inputs","$41,015,761,653","1,889,935","Analyze"
"MFC","Manulife Financial Corporation","New York Stock Exchange","CT:MFC","Toronto Stock Exchange","Financials","Insurance—Life","$39,313,154,447","3,877,745","Analyze"
"SU","Suncor Energy  Inc.","New York Stock Exchange","CT:SU","Toronto Stock Exchange","Energy","Oil & Gas Integrated","$34,345,184,046","6,794,070","Analyze"
"GOLD","Barrick Gold Corporation","New York Stock Exchange","CT:ABX","Toronto Stock Exchange","Materials","Gold","$34,340,954,882","17,515,777","Analyze"
"WCN","Waste Connections Inc","New York Stock Exchange","CT:WCN","Toronto Stock Exchange","Industrials","Waste Management","$33,943,998,206","628,790","Analyze"
"SLF","Sun Life Financial Inc.","New York Stock Exchange","CT:SLF","Toronto Stock Exchange","Financials","Insurance—Diversified","$32,790,136,597","606,922","Analyze"
"TU","Telus Corporation","New York Stock Exchange","CT:T","Toronto Stock Exchange","Communication Services","Telecom Services","$30,644,776,342","927,857","Analyze"
"FNV","Franco-Nevada Corporation","New York Stock Exchange","CT:FNV","Toronto Stock Exchange","Materials","Gold","$26,921,052,070","626,681","Analyze"
"NVEI","Nuvei Corporation","NASDAQ Global Select","CT:NVEI","Toronto Stock Exchange","Information Technology","Software—Infrastructure","$25,239,489,121","117,350","Analyze"
"MGA","Magna International","New York Stock Exchange","CT:MG","Toronto Stock Exchange","Consumer Discretionary","Auto Parts","$24,947,506,710","1,151,422","Analyze"
"IMO","Imperial Oil Limited","NYSE American","CT:IMO","Toronto Stock Exchange","Energy","Oil & Gas Integrated","$23,982,950,874","452,365","Analyze"
"CVE","Cenovus Energy Inc","New York Stock Exchange","CT:CVE","Toronto Stock Exchange","Energy","Oil & Gas Integrated","$23,363,117,068","10,340,592","Analyze"
"FTS","Fortis Inc.","New York Stock Exchange","CT:FTS","Toronto Stock Exchange","Utilities","Utilities—Regulated Electric","$21,195,054,803","326,083","Analyze"
"GIB","CGI Group","New York Stock Exchange","CT:GIB-A","Toronto Stock Exchange","Information Technology","Information Technology Services","$20,144,832,464","139,303","Analyze"
"RCI","Rogers Communication","New York Stock Exchange","CT:RCI-B","Toronto Stock Exchange","Communication Services","Telecom Services","$19,243,633,095","214,214","Analyze"
"QSR","Restaurant Brands International Inc.","New York Stock Exchange","CT:QSR","Toronto Stock Exchange","Consumer Discretionary","Restaurants","$18,855,532,423","1,034,879","Analyze"
"PBA","Pembina Pipeline Corp.","New York Stock Exchange","CT:PPL","Toronto Stock Exchange","Energy","Oil & Gas Midstream","$18,691,672,833","820,212","Analyze"
"WPM","Wheaton Precious Metals Corp.","New York Stock Exchange","CT:WPM","Toronto Stock Exchange","Materials","Gold","$18,583,426,620","2,149,628","Analyze"
"TECK","Teck Resources Ltd","New York Stock Exchange","CT:TECK-B","Toronto Stock Exchange","Materials","Other Industrial Metals & Mining","$15,267,465,593","4,206,316","Analyze"
"LSPD","Lightspeed POS Inc. Subordinate Voting Shares","New York Stock Exchange","CT:LSPD","Toronto Stock Exchange","Information Technology","Software—Infrastructure","$14,377,917,923","1,743,875","Analyze"
"SJR","Shaw Communications Inc. (Class B)","New York Stock Exchange","CT:SJR-B","Toronto Stock Exchange","Consumer Discretionary","Telecom Services","$13,937,447,043","145,221","Analyze"
"AEM","Agnico Eagle Mines Limited","New York Stock Exchange","CT:AEM","Toronto Stock Exchange","Materials","Gold","$13,865,408,716","1,878,889","Analyze"
"OTEX","Open Text Corporation","NASDAQ Global Select","CT:OTEX","Toronto Stock Exchange","Information technology","Software—Application","$13,650,213,064","310,602","Analyze"
"GFL","GFL Environmental Inc. Subordinate voting shares","New York Stock Exchange","CT:GFL","Toronto Stock Exchange","Industrials","Waste Management","$12,753,167,815","947,052","Analyze"
"KL","Kirkland Lake Gold Ltd.","New York Stock Exchange","CT:KL","Toronto Stock Exchange","Materials","Gold","$12,056,976,591","2,073,563","Analyze"
"CCJ","Cameco Corporation","New York Stock Exchange","CT:CCO","Toronto Stock Exchange","Energy","Uranium","$10,588,477,813","8,673,168","Analyze"
"BEP","Brookfield Renewable Partners L.P.","New York Stock Exchange","CT:BEPC","Toronto Stock Exchange","Utilities","Utilities—Renewable","$10,486,096,678","346,128","Analyze"
"TFII","TFI International Inc.","New York Stock Exchange","CT:TFII","Toronto Stock Exchange","Industrials","Trucking","$10,398,920,762","148,692","Analyze"
"BHC","Bausch Health Companies Inc.","New York Stock Exchange","CT:BHC","Toronto Stock Exchange","Health Care","Drug Manufacturers—Specialty & Generic","$10,207,107,599","1,197,961","Analyze"
"CAE","CAE Inc.","New York Stock Exchange","CT:CAE","Toronto Stock Exchange","Industrials","Aerospace & Defense","$9,598,669,007","183,289","Analyze"
"AQN","Algonquin Power & Utilities Corp.","New York Stock Exchange","CT:AQN","Toronto Stock Exchange","Utilities","Utilities—Renewable","$9,400,773,322","1,656,618","Analyze"
"WFG","West Fraser Timber Co. Ltd","New York Stock Exchange","CT:WFG","Toronto Stock Exchange","Materials","Lumber & Wood Production","$9,229,161,673","257,546","Analyze"
"FSV","Firstservice Corporation","NASDAQ Global Select","CT:FSV","Toronto Stock Exchange","Real Estate","Real Estate Services","$8,193,732,112","31,147","Analyze"
"KGC","Kinross Gold Corporation","New York Stock Exchange","CT:K","Toronto Stock Exchange","Materials","Gold","$7,696,592,120","11,064,786","Analyze"
"RBA","Ritchie Bros Auctioneers Inc","New York Stock Exchange","CT:RBA","Toronto Stock Exchange","Industrials","Specialty Business Services","$7,507,898,687","333,998","Analyze"
"GIL","Gildan Activewear Inc. Class A","New York Stock Exchange","CT:GIL","Toronto Stock Exchange","Consumer Discretionary","Apparel Manufacturing","$7,273,215,918","494,616","Analyze"
"DSGX","The Descartes Systems Group Inc.","NASDAQ Global Select","CT:DSG","Toronto Stock Exchange","Information Technology","Software—Application","$7,051,002,159","85,880","Analyze"
"BEPC","Brookfield Renewable Corporation Class A","New York Stock Exchange","CT:BEPC","Toronto Stock Exchange","Utilities","Utilities—Renewable","$6,936,417,601","586,599","Analyze"
"BB","Blackberry Limited","New York Stock Exchange","CT:BB","Toronto Stock Exchange","Information Technology","Software—Infrastructure","$6,531,782,147","11,618,614","Analyze"
"CIGI","Colliers International Group Inc.","NASDAQ Global Select","CT:CIGI","Toronto Stock Exchange","Real Estate","Real Estate Services","$6,017,681,072","71,424","Analyze"
"CGC","Canopy Growth Corporation","NASDAQ Global Select","CT:WEED","Toronto Stock Exchange","Health Care","Drug Manufacturers—Specialty & Generic","$5,640,660,295","4,442,096","Analyze"
"STN","Stantec Inc","New York Stock Exchange","CT:STN","Toronto Stock Exchange","Industrials","Engineering & Construction","$5,525,370,901","53,394","Analyze"
"TLRY","Tilray, Inc. - Class 2","NASDAQ Global Select","CT:TLRY","Toronto Stock Exchange","Health Care","Drug Manufacturers—Specialty & Generic","$5,371,279,894","20,969,058","Analyze"
"PAAS","Pan American Silver Corp.","NASDAQ Global Select","CT:PAAS","Toronto Stock Exchange","Materials","Silver","$5,320,574,441","1,845,255","Analyze"
"BLDP","Ballard Power Systems","NASDAQ Global Market","CT:BLDP","Toronto Stock Exchange","Industrials","Specialty Industrial Machinery","$4,958,270,298","3,481,502","Analyze"
"CIXX","CI Financial Corp.","New York Stock Exchange","CT:CIX","Toronto Stock Exchange","Financials","Asset Management","$4,531,144,815","28,457","Analyze"
"ABCL","AbCellera Biologics Inc.","NASDAQ Global Select","","","Health Care","Biotechnology","$4,450,901,027","2,125,797","Analyze"
"BTG","B2Gold Corp","NYSE American","CT:BTO","Toronto Stock Exchange","Materials","Gold","$4,368,576,633","6,968,086","Analyze"
"AUY","Yamana Gold Inc.","New York Stock Exchange","CT:YRI","Toronto Stock Exchange","Materials","Gold","$4,131,751,600","11,752,134","Analyze"
"TCN","Tricon Residential Inc.","New York Stock Exchange","CT:TCN","Toronto Stock Exchange","Real Estate","Real Estate Services","$3,821,373,843","516,280","Analyze"
"MEOH","Methanex Corporation","NASDAQ Global Select","CT:MX","Toronto Stock Exchange","Materials","Chemicals","$3,649,662,419","479,603","Analyze"
"ATCO","Atlas Corp.","New York Stock Exchange","","","Industrials","Asset Management","$3,631,794,088","692,742","Analyze"
"DOOO","BRP Inc.","NASDAQ Global Select","CT:DOO","Toronto Stock Exchange","Consumer Discretionary","Recreational Vehicles","$3,556,995,998","46,875","Analyze"
"SSRM","SSR Mining Inc.","NASDAQ Global Select","CT:SSRM","Toronto Stock Exchange","Materials","Gold","$3,403,113,886","1,009,346","Analyze"
"AG","First Majestic Silver Corp","New York Stock Exchange","CT:FR","Toronto Stock Exchange","Materials","Silver","$3,203,448,352","4,023,159","Analyze"
"LAC","Lithium Americas Corp.","New York Stock Exchange","CT:LAC","Toronto Stock Exchange","Materials","Other Industrial Metals & Mining","$3,150,009,687","4,501,620","Analyze"
"AGI","Alamos Gold Inc Class A","New York Stock Exchange","CT:AGI","Toronto Stock Exchange","Materials","Gold","$3,116,471,470","2,796,077","Analyze"
"TAC","TransAlta Corporation","New York Stock Exchange","CT:TA","Toronto Stock Exchange","Utilities","Utilities—Independent Power Producers","$3,026,901,702","163,377","Analyze"
"NXE","Nexgen Energy Ltd.","NYSE American","CT:NXE","Toronto Stock Exchange","Materials","Uranium","$2,967,035,936","2,967,281","Analyze"
"CPG","Crescent Point Energy Corporation","New York Stock Exchange","CT:CPG","Toronto Stock Exchange","Consumer Discretionary","Oil & Gas E&P","$2,886,653,377","4,277,269","Analyze"
"UFS","Domtar Corp","New York Stock Exchange","CT:UFS","Toronto Stock Exchange","Materials","Paper & Paper Products","$2,757,652,050","326,277","Analyze"
"TRQ","Turquoise Hill Resources Ltd","New York Stock Exchange","CT:TRQ","Toronto Stock Exchange","Materials","Copper","$2,684,427,490","648,168","Analyze"
"BIPC","Brookfield Infrastructure Partners LP Class A Subordinate Voting Shares","New York Stock Exchange","CT:BIPC","Toronto Stock Exchange","Utilities","Asset Management","$2,673,926,537","245,677","Analyze"
"DCBO","Docebo Inc.","NASDAQ Global Select","CT:DCBO","Toronto Stock Exchange","Information Technology","Software—Application","$2,591,506,291","79,456","Analyze"
"AUPH","Aurinia Pharmaceuticals Inc","NASDAQ Global Market","CT:AUP","Toronto Stock Exchange","Health Care","Biotechnology","$2,558,930,825","3,025,287","Analyze"
"NG","Novagold Resources Inc.","NYSE American","CT:NG","Toronto Stock Exchange","Materials","Gold","$2,487,384,855","874,451","Analyze"
"EQX","Equinox Gold Corp.","NYSE American","CT:EQX","Toronto Stock Exchange","Materials","Gold","$2,341,782,896","1,474,670","Analyze"
"ERF","Enerplus Corporation","New York Stock Exchange","CT:ERF","Toronto Stock Exchange","Health Care","Oil & Gas E&P","$2,309,049,128","2,051,513","Analyze"
"CGAU","Centerra Gold Inc.","New York Stock Exchange","CT:CG","Toronto Stock Exchange","Materials","Gold","$2,258,461,738","58,841","Analyze"
"GOOS","Canada Goose Holdings Inc. Subordinate Voting Shares","New York Stock Exchange","CT:GOOS","Toronto Stock Exchange","Consumer Discretionary","Apparel Manufacturing","$2,190,284,559","626,353","Analyze"
"CRON","Cronos Group Inc.","NASDAQ Global Market","CT:CRON","Toronto Stock Exchange","Health Care","Drug Manufacturers—Specialty & Generic","$2,168,795,878","1,972,375","Analyze"
"LEV","The Lion Electric Company","New York Stock Exchange","CT:LEV","Toronto Stock Exchange","Industrials","Farm & Heavy Construction Machinery","$2,158,035,987","952,270","Analyze"
"MAXR","Maxar Technologies Ltd.","New York Stock Exchange","CT:MAXR","Toronto Stock Exchange","Industrials","Communication Equipment","$2,144,434,283","652,607","Analyze"
"PVG","Pretium Resources Inc","New York Stock Exchange","CT:PVG","Toronto Stock Exchange","Materials","Gold","$2,061,241,707","858,099","Analyze"
"OR","Osisko Gold Royalties Ltd","New York Stock Exchange","CT:OR","Toronto Stock Exchange","Consumer Staples","Gold","$2,023,389,959","636,427","Analyze"
"TIXT","TELUS International (Cda) Inc.","New York Stock Exchange","CT:TIXT","Toronto Stock Exchange","Information Technology","Software—Infrastructure","$1,986,714,721","353,469","Analyze"
"HUT","Hut 8 Mining Corp.","NASDAQ Global Select","CT:HUT","Toronto Stock Exchange","Financials","Capital Markets","$1,965,328,105","13,465,743","Analyze"
"HBM","Hudbay Minerals Inc","New York Stock Exchange","CT:HBM","Toronto Stock Exchange","Consumer Discretionary","Copper","$1,937,845,690","1,437,828","Analyze"
"LICY","Li-Cycle Holdings Corp.","New York Stock Exchange","","","Industrials","Waste Management","$1,904,305,407","3,319,792","Analyze"
"TRIL","Trillium Therapeutics Inc.","NASDAQ Capital Market","CT:TRIL","Toronto Stock Exchange","Health Care","Biotechnology","$1,852,075,290","1,244,989","Analyze"
"ERO","Ero Copper Corp.","New York Stock Exchange","CT:ERO","Toronto Stock Exchange","Materials","Copper","$1,788,325,445","24,188","Analyze"
"EGO","Eldorado Gold Corporation","New York Stock Exchange","CT:ELD","Toronto Stock Exchange","Materials","Gold","$1,735,148,866","1,894,986","Analyze"
"VET","Vermilion Energy Inc.","New York Stock Exchange","CT:VET","Toronto Stock Exchange","Energy","Oil & Gas E&P","$1,707,142,319","3,014,667","Analyze"
"MAG","Mag Silver Corporation","NYSE American","CT:MAG","Toronto Stock Exchange","Materials","Silver","$1,682,962,279","398,362","Analyze"
"SLI","Standard Lithium Ltd.","NYSE American","CV:SLI","TSX Venture Exchange","Materials","Other Industrial Metals & Mining","$1,593,775,723","3,321,291","Analyze"
"DNN","Denison Mines Corp","NYSE American","CT:DML","Toronto Stock Exchange","Materials","Uranium","$1,482,567,913","18,069,510","Analyze"
"ACB","Aurora Cannabis Inc.","NASDAQ Global Select","CT:ACB","Toronto Stock Exchange","Health Care","Drug Manufacturers—Specialty & Generic","$1,475,994,410","4,948,165","Analyze"
"HIVE","Hive Blockchain Technologies Ltd.","NASDAQ Capital Market","CV:HIVE","TSX Venture Exchange","Information Technology","Capital Markets","$1,400,686,971","6,253,580","Analyze"
"IAG","Iamgold Corp","New York Stock Exchange","CT:IMG","Toronto Stock Exchange","Financials","Gold","$1,368,088,800","6,930,167","Analyze"
"MMAT","Meta Materials Inc.","NASDAQ Capital Market","","","Information Technology","Electronic Components","$1,362,542,499","11,285,445","Analyze"
"SA","Seabridge Gold","New York Stock Exchange","CT:SEA","Toronto Stock Exchange","Materials","Gold","$1,353,751,846","266,714","Analyze"
"FSM","Fortuna Silver Mines Inc","New York Stock Exchange","CT:FVI","Toronto Stock Exchange","Materials","Silver","$1,340,557,857","3,460,710","Analyze"
"SAND","Sandstorm Gold Ltd","New York Stock Exchange","CT:SSL","Toronto Stock Exchange","Industrials","Gold","$1,272,671,631","1,608,854","Analyze"
"NFGC","New Found Gold Corp","NYSE American","CV:NFG","TSX Venture Exchange","Materials","Gold","$1,206,249,413","166,903","Analyze"
"SNDL","Sundial Growers Inc.","NASDAQ Capital Market","","","Health Care","Drug Manufacturers—Specialty & Generic","$1,144,559,840","89,616,729","Analyze"
"UUUU","Energy Fuels Inc","NYSE American","CT:EFR","Toronto Stock Exchange","Energy","Uranium","$1,110,925,251","5,625,976","Analyze"
"SILV","Silvercrest Metals Inc.","NYSE American","CT:SIL","Toronto Stock Exchange","Materials","Other Precious Metals & Mining","$1,083,687,171","586,999","Analyze"
"ZYME","Zymeworks Inc.","New York Stock Exchange","","","Health Care","Biotechnology","$1,061,430,288","708,488","Analyze"
"RFP","Resolute Forest Products Inc","New York Stock Exchange","CT:RFP","Toronto Stock Exchange","Materials","Paper & Paper Products","$1,051,348,829","462,497","Analyze"
"MNMD","Mind Medicine (MindMed) Inc.","NASDAQ Capital Market","QF:NMED","","Health Care","Biotechnology","$1,047,338,486","2,093,568","Analyze"
"BITF","Bitfarms Ltd.","NASDAQ Global Market","CV:BITF","TSX Venture Exchange","Financials","Capital Markets","$1,008,035,837","6,843,693","Analyze"
"SII","Sprott Inc.","New York Stock Exchange","CT:SII","Toronto Stock Exchange","Financials","Asset Management","$987,567,851","74,743","Analyze"
"CLS","Celestica","New York Stock Exchange","CT:CLS","Toronto Stock Exchange","Information Technology","Electronic Components","$969,630,080","355,926","Analyze"
"NGD","New Gold Inc.","NYSE American","CT:NGD","Toronto Stock Exchange","Materials","Gold","$925,949,275","7,015,504","Analyze"
"STKL","Sunopta Inc","NASDAQ Global Select","CT:SOY","Toronto Stock Exchange","Consumer Staples","Packaged Foods","$850,624,666","708,528","Analyze"
"SGML","Sigma Lithium Corporation","NASDAQ Capital Market","CV:SGML","TSX Venture Exchange","Materials","Other Industrial Metals & Mining","$838,350,835","88,689","Analyze"
"ORLA","Orla Mining Ltd.","NYSE American","CT:OLA","Toronto Stock Exchange","Materials","Gold","$828,231,515","166,263","Analyze"
"EXK","Endeavour Silver Corporation","New York Stock Exchange","CT:EDR","Toronto Stock Exchange","Materials","Silver","$796,054,304","2,478,608","Analyze"
"LGO","Largo Resources Ltd.","NASDAQ Global Select","CT:LGO","Toronto Stock Exchange","Materials","Other Industrial Metals & Mining","$747,589,805","100,501","Analyze"
"SVM","Silvercorp Metals Inc.","NYSE American","CT:SVM","Toronto Stock Exchange","Materials","Silver","$721,523,407","980,019","Analyze"
"OGI","Organigram Holdings Inc.","NASDAQ Global Select","CV:OGI","TSX Venture Exchange","Health Care","Drug Manufacturers—Specialty & Generic","$707,563,199","4,947,589","Analyze"
"MMX","Maverix Metals Inc.","NYSE American","CT:MMX","Toronto Stock Exchange","Materials","Other Precious Metals & Mining","$705,891,518","128,689","Analyze"
"VFF","Village Farms International, Inc.","NASDAQ Capital Market","CT:VFF","Toronto Stock Exchange","Consumer Staples","Farm Products","$677,782,900","575,730","Analyze"
"PYR","PyroGenesis Canada Inc.","NASDAQ Capital Market","CT:PYR","Toronto Stock Exchange","Industrials","Specialty Industrial Machinery","$674,851,142","120,199","Analyze"
"BAMR","Brookfield Asset Management Reinsurance Partners Ltd. Class A","New York Stock Exchange","CT:BAMR","Toronto Stock Exchange","Financials","Insurance—Reinsurance","$654,963,718","23,157","Analyze"
"PDS","Precision Drilling Corp","New York Stock Exchange","CT:PD","Toronto Stock Exchange","Energy","Oil & Gas Drilling","$648,723,763","45,667","Analyze"
"TGB","Taseko Mines Limited","NYSE American","CT:TKO","Toronto Stock Exchange","Materials","Other Industrial Metals & Mining","$647,226,315","1,794,451","Analyze"
"SWIR","Sierra Wireless Inc","NASDAQ Global Select","CT:SW","Toronto Stock Exchange","Information Technology","Communication Equipment","$605,413,077","123,233","Analyze"
"AKU","Akumin Inc.","NASDAQ Capital Market","CT:AKU","Toronto Stock Exchange","Health Care","Diagnostics & Research","$596,480,880","71,845","Analyze"
"HEXO","HEXO Corp.","NASDAQ Capital Market","CT:HEXO","Toronto Stock Exchange","Health Care","Drug Manufacturers—Specialty & Generic","$590,015,067","7,194,655","Analyze"
"ABST","Absolute Software Corporation","NASDAQ Global Select","CT:ABT","Toronto Stock Exchange","Information Technology","Software—Application","$565,632,806","116,344","Analyze"
"NEWP","New Pacific Metals Corp.","NYSE American","CT:NUAG","Toronto Stock Exchange","Materials","Other Precious Metals & Mining","$516,319,537","128,965","Analyze"
"WPRT","Westport Fuel Systems Inc","NASDAQ Global Select","CT:WPRT","Toronto Stock Exchange","Consumer Discretionary","Auto Parts","$514,698,896","1,034,030","Analyze"
"ZOM","Zomedica Pharmaceuticals Corp.","NYSE American","CV:ZOM","","Health Care","Drug Manufacturers—Specialty & Generic","$498,685,055","18,649,753","Analyze"
"NOA","North American Construction Group Ltd.","New York Stock Exchange","CT:NOA","Toronto Stock Exchange","Energy","Oil & Gas Equipment & Services","$491,133,198","29,358","Analyze"
"BLU","BELLUS Health Inc.","NASDAQ Global Select","CT:BLU","Toronto Stock Exchange","Health Care","Biotechnology","$477,857,902","1,337,272","Analyze"
"EGLX","Enthusiast Gaming Holdings Inc.","NASDAQ Global Select","CT:EGLX","Toronto Stock Exchange","Communication Services","Electronic Gaming & Multimedia","$455,450,314","288,117","Analyze"
"UROY","Uranium Royalty Corp.","NASDAQ Capital Market","CV:URC","TSX Venture Exchange","Energy","Uranium","$445,824,916","1,258,283","Analyze"
"ATY","AcuityAds Holdings Inc.","NASDAQ Capital Market","CT:AT","Toronto Stock Exchange","Communication Services","Internet Content & Information","$436,240,310","215,694","Analyze"
"NMG","Nouveau Monde Graphite Inc.","New York Stock Exchange","CV:NOU","TSX Venture Exchange","Materials","Other Industrial Metals & Mining","$413,616,057","112,534","Analyze"
"KOR","Corvus Gold Inc.","NASDAQ Capital Market","CT:KOR","Toronto Stock Exchange","Materials","Gold","$412,761,278","143,488","Analyze"
"ABUS","Arbutus Biopharma Corporation","NASDAQ Global Select","","","Health Care","Biotechnology","$411,519,121","2,721,128","Analyze"
"NSR","Nomad Royalty Company Ltd.","New York Stock Exchange","CT:NSR","Toronto Stock Exchange","Materials","Other Precious Metals & Mining","$408,365,351","15,654","Analyze"
"GROY","Gold Royalty Corp.","NYSE American","","","Materials","Other Precious Metals & Mining","$391,626,944","701,777","Analyze"
"SOLO","Electrameccanica Vehicles Corp. Ltd.","NASDAQ Capital Market","","","Consumer Discretionary","Auto Manufacturers","$387,555,782","2,563,980","Analyze"
"MOGO","Mogo Finance Technology Inc.","NASDAQ Capital Market","CT:MOGO","Toronto Stock Exchange","Financials","Software—Application","$381,887,963","1,014,207","Analyze"
"TK","Teekay Corp","New York Stock Exchange","","","Energy","Oil & Gas Midstream","$378,147,234","1,116,189","Analyze"
"FTRP","Field Trip Health Ltd.","NASDAQ Global Select","CT:FTRP","Toronto Stock Exchange","Health Care","Medical Care Facilities","$341,591,631","151,919","Analyze"
"CYBN","Cybin Inc.","NYSE American","QF:CYBN","","Health Care","Biotechnology","$341,408,896","1,174,981","Analyze"
"REAX","The Real Brokerage, Inc.","NASDAQ Capital Market","CV:REAX","TSX Venture Exchange","Real Estate","Real Estate Services","$336,656,566","99,866","Analyze"
"THTX","Theratechnologies Inc.","NASDAQ Capital Market","CT:TH","Toronto Stock Exchange","Health Care","Drug Manufacturers—Specialty & Generic","$334,338,969","263,544","Analyze"
"MTA","Metalla Royalty & Streaming Ltd.","NYSE American","CV:MTA","TSX Venture Exchange","Materials","Other Precious Metals & Mining","$334,057,976","190,825","Analyze"
"VBNK","VersaBank","NASDAQ Global Select","CT:VB","Toronto Stock Exchange","Financials","Banks-Regional","$323,892,996","22,902","Analyze"
"PLM","Polymet Mining Corporation","NYSE American","CT:POM","Toronto Stock Exchange","Materials","Other Industrial Metals & Mining","$322,807,424","90,595","Analyze"
"GSS","Golden Star Resources","NYSE American","CT:GSC","Toronto Stock Exchange","Materials","Gold","$318,243,879","458,763","Analyze"
"GTE","Gran Tierra Energy Inc.","NYSE American","CT:GTE","Toronto Stock Exchange","Energy","Oil & Gas E&P","$315,723,035","11,924,338","Analyze"
"HITI","High Tide Inc.","NASDAQ Capital Market","","","Health Care","Pharmaceutical Retailers","$315,694,235","191,323","Analyze"
"PROF","Profound Medical Corp.","NASDAQ Capital Market","CT:PRN","Toronto Stock Exchange","Health Care","Medical Devices","$305,802,030","63,313","Analyze"
"PPTA","Perpetua Resources Corp.","NASDAQ Capital Market","CT:PPTA","Toronto Stock Exchange","Materials","Gold","$303,963,700","86,871","Analyze"
"GP","GreenPower Motor Company Inc.","NASDAQ Capital Market","CV:GPV","TSX Venture Exchange","Consumer Discretionary","Auto Manufacturers","$302,063,106","110,038","Analyze"
"XRTX","XORTX Therapeutics Inc.","NASDAQ Capital Market","CF:XRX","Canadian Securities Exchange","Health Care","Biotechnology","$294,171,834","196,288","Analyze"
"ANY","Sphere 3D Corp.","NASDAQ Capital Market","","","Information Technology","Software—Application","$277,363,024","31,906,876","Analyze"
"DRTT","DIRTT Environmental Solutions Ltd.","NASDAQ Global Select","CT:DRT","Toronto Stock Exchange","Industrials","Engineering & Construction","$269,230,521","39,190","Analyze"
"WRN","Western Copper And Gold Corporation","NYSE American","CT:WRN","Toronto Stock Exchange","Materials","Other Industrial Metals & Mining","$265,374,780","427,838","Analyze"
"PRTG","Portage Biotech Inc.","NASDAQ Capital Market","","","Health Care","Biotechnology","$264,125,542","14,516","Analyze"
"AXU","Alexco Resource Corp","NYSE American","CT:AXU","Toronto Stock Exchange","Materials","Other Precious Metals & Mining","$259,562,316","684,343","Analyze"
"SRRA","Sierra Oncology","NASDAQ Global Market","","","Health Care","Biotechnology","$258,874,832","49,095","Analyze"
"EMX","Emx Royalty Corporation","NYSE American","CV:EMX","TSX Venture Exchange","Materials","Other Industrial Metals & Mining","$234,883,323","156,344","Analyze"
"NAK","Northern Dynasty Minerals Ltd.","NYSE American","CT:NDM","Toronto Stock Exchange","Materials","Other Industrial Metals & Mining","$225,934,873","11,801,869","Analyze"
"ALYA","Alithya Group Inc. - Class A Subordinate Voting Shares","NASDAQ Capital Market","CT:ALYA","Toronto Stock Exchange","Information Technology","Information Technology Services","$225,763,789","22,055","Analyze"
"FLGC","Flora Growth Corp.","NASDAQ Capital Market","","","Consumer Discretionary","Drug Manufacturers—Specialty & Generic","$197,511,639","2,093,185","Analyze"
"GLDG","GoldMining Inc.","NYSE American","CT:GOLD","Toronto Stock Exchange","Materials","Gold","$192,980,178","320,819","Analyze"
"IMCC","IM Cannabis Corp.","NASDAQ Capital Market","","","Consumer Discretionary","Drug Manufacturers—Specialty & Generic","$191,158,816","93,388","Analyze"
"BRAG","Bragg Gaming Group Inc.","NASDAQ Global Select","","","Communication Services","Electronic Gaming & Multimedia","$184,127,553","34,334","Analyze"
"PLG","Platinum Group Metals Ltd.","NYSE American","CT:PTM","Toronto Stock Exchange","Materials","Other Precious Metals & Mining","$182,711,012","1,068,862","Analyze"
"TGA","Transglobe Energy Corporation","NASDAQ Capital Market","CT:TGL","Toronto Stock Exchange","Energy","Oil & Gas E&P","$182,080,598","894,118","Analyze"
"GAU","Galiano Gold Inc.","NYSE American","","","Minerals","Gold","$179,954,762","344,247","Analyze"
"VGFC","The Very Good Food Company Inc.","NASDAQ Capital Market","","","Consumer Staples","Packaged Foods","$171,280,213","979,308","Analyze"
"VEV","Vicinity Motor Corp.","NASDAQ Capital Market","CV:VMC","TSX Venture Exchange","Consumer Discretionary","Auto Manufacturers","$165,867,934","50,749","Analyze"
"TMDI","Titan Medical Inc.","NASDAQ Capital Market","CT:TMD","Toronto Stock Exchange","Health Care","Medical Devices","$165,580,258","324,193","Analyze"
"GSV","Gold Standard Ventures Corporation","NYSE American","CT:GSV","Toronto Stock Exchange","Materials","Gold","$162,625,885","685,059","Analyze"
"BRCN","Burcon NutraScience Corp","NASDAQ Capital Market","","","Consumer Staples","Packaged Foods","$161,827,774","79,473","Analyze"
"NYMX","Nymox Pharmaceutical Corp","NASDAQ Capital Market","","","Health Care","Biotechnology","$161,466,515","66,264","Analyze"
"GPL","Great Panther Silver Limited","NYSE American","CT:GPR","Toronto Stock Exchange","Materials","Other Industrial Metals & Mining","$157,989,069","1,458,578","Analyze"
"THM","International Tower Hill Mines Ltd","NYSE American","CT:ITH","Toronto Stock Exchange","Materials","Gold","$144,310,019","112,552","Analyze"
"ITRG","Integra Resources Corp.","NYSE American","CV:ITR","TSX Venture Exchange","Materials","Other Precious Metals & Mining","$141,604,655","127,877","Analyze"
"EPSN","Epsilon Energy Ltd.","NASDAQ Global Market","","","Energy","Oil & Gas E&P","$132,708,546","60,194","Analyze"
"SLHG","Skylight Health Group Inc.","NASDAQ Capital Market","CV:SLHG","TSX Venture Exchange","Health Care","Medical Care Facilities","$129,887,129","78,844","Analyze"
"IMV","IMV Inc.","NASDAQ Capital Market","CT:IMV","Toronto Stock Exchange","Health Care","Biotechnology","$129,785,354","222,834","Analyze"
"MDNA","Medicenna Therapeutics Corp.","NASDAQ Capital Market","CT:MDNA","Toronto Stock Exchange","Health Care","Biotechnology","$129,225,084","98,060","Analyze"
"USAS","Americas Silver Corporation","NYSE American","CT:USA","Toronto Stock Exchange","Materials","Other Industrial Metals & Mining","$126,739,692","1,155,964","Analyze"
"GBNH","Greenbrook TMS Inc.","NASDAQ Capital Market","CT:GTMS","Toronto Stock Exchange","Health Care","Medical Care Facilities","$125,325,270","30,255","Analyze"
"IPA","ImmunoPrecise Antibodies Ltd.","NASDAQ Global Market","CV:IPA","TSX Venture Exchange","Health Care","Biotechnology","$124,002,668","77,261","Analyze"
"ONCY","Oncolytics Biotech Inc.","NASDAQ Capital Market","CT:ONC","Toronto Stock Exchange","Health Care","Biotechnology","$123,109,665","197,340","Analyze"
"BCTX","BriaCell Therapeutics Corp.","NASDAQ Capital Market","","","Health Care","Biotechnology","$120,544,592","2,208,844","Analyze"
"ELYS","Elys Game Technology, Corp.","NASDAQ Capital Market","","","Information Technology","Gambling","$105,711,321","337,517","Analyze"
"DPRO","Draganfly Inc.","NASDAQ Capital Market","","","Industrials","Aerospace & Defense","$97,094,734","256,534","Analyze"
"ASM","Avino Silver & Gold Mines Ltd.","NYSE American","CT:ASM","Toronto Stock Exchange","Information Technology","Silver","$93,041,322","568,551","Analyze"
"NEPT","Neptune Wellness Solutions Inc","NASDAQ Capital Market","CT:NEPT","Toronto Stock Exchange","Health Care","Drug Manufacturers—Specialty & Generic","$87,819,758","1,201,901","Analyze"
"FURY","Fury Gold Mines Limited","NYSE American","CT:FURY","Toronto Stock Exchange","Materials","Other Industrial Metals & Mining","$83,893,289","233,984","Analyze"
"AEZS","Aeterna Zentaris Inc.","NASDAQ Capital Market","CT:AEZS","Toronto Stock Exchange","Health Care","Biotechnology","$75,046,458","3,754,059","Analyze"
"VQS","VIQ Solutions Inc.","NASDAQ Capital Market","","","Information Technology","Software—Application","$73,524,590","189,831","Analyze"
"GAME","Engine Media Holdings, Inc.","NASDAQ Capital Market","","","Communication Services","Electronic Gaming & Multimedia","$69,789,457","197,386","Analyze"
"WKSP","Worksport, Ltd","NASDAQ Capital Market","","","Consumer Discretionary","Auto Parts","$67,918,935","412,877","Analyze"
"LMNL","Liminal BioSciences Inc.","NASDAQ Global Market","CT:LMNL","Toronto Stock Exchange","Health Care","Biotechnology","$57,791,609","90,011","Analyze"
"HUGE","FSD Pharma Inc. - Class B Subordinate Voting Shares","NASDAQ Capital Market","CF:HUGE","Canadian Securities Exchange","Communication Services","Drug Manufacturers—Specialty & Generic","$55,427,443","348,934","Analyze"
"AAU","Almaden Minerals Ltd.","NYSE American","CT:AMM","Toronto Stock Exchange","Materials","Gold","$52,144,135","434,388","Analyze"
"NVCN","Neovasc Inc.","NASDAQ Capital Market","CT:NVCN","TSX Venture Exchange","Health Care","Medical Devices","$50,021,197","382,241","Analyze"
"VMAR","Vision Marine Technologies Inc.","NASDAQ Capital Market","","","Consumer Discretionary","Leisure","$49,664,269","26,624","Analyze"
"EXN","Excellon Resources Inc.","NYSE American","CT:EXN","Toronto Stock Exchange","Materials","Other Industrial Metals & Mining","$47,507,055","54,753","Analyze"
"ACST","Acasti Pharma Inc.","NASDAQ Capital Market","CV:ACST","TSX Venture Exchange","Health Care","Biotechnology","$45,061,213","568,102","Analyze"
"VS","Versus Systems Inc.","NASDAQ Capital Market","CF:VS","Canadian Securities Exchange","Communication Services","Electronic Gaming & Multimedia","$41,430,004","49,552","Analyze"
"BGI","Birks Group Inc.","NYSE American","","","Consumer Discretionary","Luxury Goods","$40,321,697","180,104","Analyze"
"LEXX","Lexaria Bioscience Corp.","NASDAQ Capital Market","CF:LXX","Canadian Securities Exchange","Health Care","Packaged Foods","$34,760,501","115,636","Analyze"
"AGRI","AgriFORCE  Growing Systems Ltd.","NASDAQ Capital Market","","","Consumer Staples","Farm Products","$33,114,112","200,405","Analyze"
"KIQ","Kelso Technologies Inc","NYSE American","CT:KLS","Toronto Stock Exchange","Industrials","Railroads","$33,021,180","256,525","Analyze"
"HSDT","Helius Medical Technologies Inc. Class A","NASDAQ Capital Market","CT:HSM","Toronto Stock Exchange","Health Care","Medical Devices","$31,678,147","8,532","Analyze"
"YVR","Liquid Media Group Ltd.","NASDAQ Capital Market","","","Consumer Discretionary","Electronic Gaming & Multimedia","$22,557,654","448,732","Analyze"
"INM","InMed Pharmaceuticals Inc.","NASDAQ Capital Market","CT:IN","Toronto Stock Exchange","Health Care","Biotechnology","$15,565,876","981,711","Analyze"
"SYTA","Siyata Mobile, Inc.","NASDAQ Capital Market","CV:SIM","TSX Venture Exchange","Communication Services","Communication Equipment","$2,836,968","382,292","Analyze"