"Symbol","Name","Category","Issuing Symbol","Country of incorporation","GICS Sector","Market cap","Average Volume","Action"
"BABA","Alibaba Group Holding Ltd ADRs","ADRs","Privately held","","Consumer Discretionary","$481,117,726,896","24,871,243","Analyze"
"JD","JD.com Inc ADRs","ADRs","Privately held","","Consumer Discretionary","$132,051,184,259","8,830,887","Analyze"
"PDD","Pinduoduo Inc. ADRs","ADRs","Privately held","","Consumer Discretionary","$113,367,970,519","6,039,790","Analyze"
"NTES","NetEase Inc ADRs","ADRs","Privately held","Cayman Islands","Communication Services","$67,359,750,264","4,530,151","Analyze"
"NIO","NIO Inc. ADRs of Class A","ADRs","Privately held","","Consumer Discretionary","$62,403,180,750","33,735,790","Analyze"
"BIDU","Baidu Inc ADRs of Class A","ADRs","Privately held","Cayman Islands","Communication Services","$62,345,700,000","3,517,523","Analyze"
"DIDI","DiDi Global Inc. ADRs of Class A","ADRs","Privately held","","Industrials","$37,269,368,010","13,212,608","Analyze"
"BGNE","BeiGene ADRs","ADRs","HK:6160","","Health Care","$35,091,320,480","190,067","Analyze"
"XPEV","XPeng Inc. ADRs of Class A","ADRs","Privately held","USA","Consumer Discretionary","$28,082,792,169","7,328,163","Analyze"
"LI","Li Auto Inc. ADRs of Class A","ADRs","Privately held","","Consumer Discretionary","$27,933,172,582","5,328,548","Analyze"
"BILI","Bilibili Inc. ADRs","ADRs","Privately held","","Communication Services","$27,896,863,484","3,824,504","Analyze"
"YUMC","Yum China Holdings Inc","Common stocks","","USA","Consumer Discretionary","$25,699,208,547","2,520,123","Analyze"
"TCOM","Trip.com Group Limited ADRs","ADRs","Privately held","","Consumer Discretionary","$19,939,636,567","3,609,660","Analyze"
"ZTO","ZTO Express ADRs of Class A","ADRs","Privately held","","Industrials","$19,692,782,279","1,736,243","Analyze"
"BEKE","KE Holdings Inc ADRs of Class A","ADRs","Privately held","","Real Estate","$19,609,001,124","8,202,957","Analyze"
"LU","Lufax Holding Ltd ADRs","ADRs","Privately held","","Financials","$17,925,552,154","6,374,339","Analyze"
"HTHT","Huazhu Group Limited ADRs","ADRs","Privately held","","Consumer Discretionary","$16,000,852,400","1,101,027","Analyze"
"YMM","Full Truck Alliance Co. Ltd. ADRs of Class A","ADRs","Privately held","","Information Technology","$15,440,788,243","1,808,481","Analyze"
"TME","Tencent Music Entertainment Group  ADRs","ADRs","Privately held","","Communication Services","$14,124,855,276","12,309,967","Analyze"
"LFC","China Life Insurance Co Ltd ADRs","ADRs","HK:2628","China","Financials","$13,483,409,100","760,270","Analyze"
"SNP","China Petroleum & Chemical Corp ADRs","ADRs","HK:0386","China","Energy","$13,261,885,384","118,927","Analyze"
"BZ","Kanzhun Ltd ADRs of Class A","ADRs","Privately held","","Industrials","$12,069,799,506","591,067","Analyze"
"GDS","GDS Holdings ADRs","ADRs","Privately held","","Information Technology","$11,256,547,592","870,735","Analyze"
"PTR","PetroChina Co Ltd ADRs","ADRs","HK:0857","China","Energy","$11,117,010,410","229,241","Analyze"
"WB","Weibo Corp ADRs","ADRs","Privately held","","Communication Services","$11,081,070,000","654,382","Analyze"
"ZLAB","Zai Lab Limited ADRs","ADRs","Privately held","Cayman Islands","Health Care","$9,657,272,966","633,046","Analyze"
"LEGN","Legend Biotech Corporation ADRs","ADRs","Privately held","","Health Care","$7,904,281,302","481,938","Analyze"
"VIPS","Vipshop Holdings Ltd ADRs","ADRs","Privately held","Cayman Islands","Consumer Discretionary","$7,432,216,679","8,915,807","Analyze"
"KC","Kingsoft Cloud Holdings Limited ADRs","ADRs","Privately held","","Information Technology","$7,002,563,829","841,471","Analyze"
"IQ","iQIYI Inc. ADRs","ADRs","Privately held","","Communication Services","$7,001,279,693","7,834,844","Analyze"
"ATHM","Autohome Inc. ADRs","ADRs","Privately held","Cayman Islands","Communication Services","$6,467,949,051","789,426","Analyze"
"RLX","RLX Technology Inc. ADRs of class A","ADRs","Privately held","","Consumer Staples","$5,715,712,680","5,784,347","Analyze"
"FUTU","Futu Holdings Limited ADRs","ADRs","Privately held","","Financials","$5,642,751,433","7,522,532","Analyze"
"HCM","Hutchison China Meditech ADRs","ADRs","LN:HCM","Cayman Islands","Health Care","$5,577,220,291","142,290","Analyze"
"DADA","Dada Nexus Limited ADRs","ADRs","Privately held","","Consumer Discretionary","$5,437,455,743","791,715","Analyze"
"ZH","Zhihu Inc. ADRs","ADRs","Privately held","","Communication Services","$5,298,498,364","2,515,235","Analyze"
"DQ","Daqo New Energy ADRs","ADRs","Privately held","Cayman Islands","Information Technology","$5,285,626,402","1,753,854","Analyze"
"IMAB","I-MAB ADRs","ADRs","Privately held","","Health Care","$5,054,136,109","517,576","Analyze"
"DDL","Dingdong (Cayman) Ltd ADRs","ADRs","Privately held","","Consumer Staples","$4,916,338,256","27,235","Analyze"
"TUYA","Tuya Inc. ADRs of class A","ADRs","Privately held","","Information Technology","$4,682,392,064","1,545,335","Analyze"
"JOBS","51job, Inc. ADRs","ADRs","Privately held","","Industrials","$4,349,699,981","268,715","Analyze"
"EDU","New Oriental Education & Technology ADRs","ADRs","Privately held","Cayman Islands","Consumer Discretionary","$4,191,506,472","39,194,622","Analyze"
"MNSO","MINISO Group Holding Limited ADRs of Class A","ADRs","Privately held","","Consumer Discretionary","$3,633,967,282","416,512","Analyze"
"YY","YY Inc. ADRs","ADRs","Privately held","Cayman Islands","Communication Services","$3,599,981,738","833,257","Analyze"
"ACH","Aluminum Corporation of China ADRs","ADRs","HK:2600","China","Materials","$2,926,422,753","160,724","Analyze"
"QFIN","360 Finance, Inc. ADRs","ADRs","Privately held","","Financials","$2,904,349,304","1,366,611","Analyze"
"API","Agora, Inc. ADRs","Common stocks","Privately held","USA","Information Technology","$2,692,589,120","744,505","Analyze"
"ZNH","China Southern Airlines ADRs","ADRs","HK:1055","China","Industrials","$2,623,228,880","10,967","Analyze"
"VNET","21Vianet Group, Inc. ADRs","ADRs","Privately held","","Information Technology","$2,573,962,533","798,297","Analyze"
"HNP","Huaneng Power International Inc ADRs","ADRs","HK:0902","China","Utilities","$2,344,316,241","45,688","Analyze"
"HUYA","HUYA Inc. ADRs of Class A","ADRs","Privately held","","Communication Services","$2,292,308,603","2,968,721","Analyze"
"CSIQ","Canadian Solar Inc.","Common stocks","","Canada","Energy","$2,240,911,966","987,528","Analyze"
"TAL","TAL Education Group ADRs","ADRs","Privately held","Cayman Islands","Consumer Discretionary","$2,153,394,500","11,987,670","Analyze"
"MOMO","MOMO Inc ADRs","ADRs","Privately held","","Communication Services","$2,145,708,093","2,503,672","Analyze"
"CEA","China Eastern Airlines ADRs","ADRs","HK:0670","China","Industrials","$2,098,665,720","5,692","Analyze"
"INT","World Fuel Services Corp","Common stocks","","USA","Energy","$2,065,728,323","361,666","Analyze"
"NIU","Niu Technologies Class A ADRs","ADRs","Privately held","","Consumer Discretionary","$1,888,618,240","423,155","Analyze"
"CD","Chindata Group Holdings Ltd ADRs","ADRs","Privately held","","Information Technology","$1,761,142,093","2,232,684","Analyze"
"NOAH","Noah Holdings ADRs","ADRs","Privately held","","Financials","$1,749,918,967","122,191","Analyze"
"JKS","JinkoSolar Holding ADRs","ADRs","Privately held","Cayman Islands","Information Technology","$1,646,242,800","1,418,993","Analyze"
"NFH","New Frontier Health Corporation","Common stocks","","","Health Care","$1,486,961,014","163,386","Analyze"
"OCFT","OneConnect Financial Technology Co., Ltd. ADRs","ADRs","Privately held","","Information Technology","$1,470,275,702","1,257,833","Analyze"
"BZUN","Baozun Inc. ADRs","ADRs","Privately held","","Consumer Discretionary","$1,450,464,025","1,004,972","Analyze"
"YSG","Yatsen Holding Ltd ADRs","ADRs","Privately held","","Consumer Discretionary","$1,301,305,219","4,033,502","Analyze"
"BNR","Burning Rock Biotech Limited ADRs","ADRs","Privately held","","Health Care","$1,275,209,631","234,427","Analyze"
"GTH","Genetron Holdings Limited ADRs","ADRs","Privately held","","Health Care","$1,235,316,908","194,709","Analyze"
"HOLI","Hollysys Automation Technologies","Common stocks","","British Virgin Islands","Industrials","$1,218,611,803","307,300","Analyze"
"DOYU","DouYu International Holdings Limited ADRs","ADRs","Privately held","","Communication Services","$1,210,048,517","2,650,628","Analyze"
"RERE","AiHuiShou International Co. Ltd. ADRs","ADRs","Privately held","","Consumer Discretionary","$1,209,470,050","339,009","Analyze"
"TIGR","UP Fintech Holding Limited ADRs of Class A","ADRs","Privately held","","Financials","$1,190,317,112","9,932,582","Analyze"
"CAN","Canaan Inc. ADRs","ADRs","Privately held","","Information Technology","$1,147,088,673","8,025,456","Analyze"
"NTP","Nam Tai Property Inc","Common stocks","","British Virgin Islands","Real Estate","$1,030,907,163","58,366","Analyze"
"FINV","FinVolution Group ADRs","ADRs","Privately held","","Financials","$991,355,797","1,056,607","Analyze"
"UXIN","Uxin Limited ADRs","ADRs","Privately held","","Consumer Discretionary","$980,204,620","1,733,237","Analyze"
"CNTB","Connect Biopharma Holdings Ltd ADRs","ADRs","Privately held","","Health Care","$954,569,305","90,440","Analyze"
"SOHU","Sohu.com Limited ADRs","ADRs","Privately held","USA","Communication Services","$866,311,359","243,382","Analyze"
"SHI","Sinopec Shanghai Petrochemical ADRs","ADRs","HK:0338","China","Industrials","$863,964,000","39,982","Analyze"
"GRCL","Gracell Biotechnologies Inc. ADRs","ADRs","Privately held","","Health Care","$830,457,250","69,404","Analyze"
"HLG","Hailiang Education Group Inc. ADRs","ADRs","Privately held","","Consumer Staples","$809,429,200","3,203","Analyze"
"EH","EHang Holdings Limited ADRs","ADRs","Privately held","","Industrials","$794,996,730","708,242","Analyze"
"MF","Missfresh Limited ADRs","ADRs","Privately held","","Financials","$785,296,984","261,671","Analyze"
"LX","LexinFintech Holdings Ltd. ADRs","ADRs","Privately held","","Financials","$784,481,955","1,180,214","Analyze"
"WDH","Waterdrop Inc. ADRs","ADRs","Privately held","","Health Care","$718,913,511","281,569","Analyze"
"FANH","Fanhua Inc. ADRs","ADRs","Privately held","Cayman Islands","Financials","$706,620,791","61,112","Analyze"
"EM","Smart Share Global Limited ADRs","ADRs","Privately held","","Consumer Discretionary","$654,343,194","381,610","Analyze"
"BYSI","Beyondspring Inc.","Common stocks","","Cayman Islands","Health Care","$651,513,890","737,085","Analyze"
"BTCM","BIT Mining Limited ADRs","ADRs","Privately held","USA","Information Technology","$642,840,000","1,717,053","Analyze"
"SVA","Sinovac Biotech, Ltd.","Common stocks","","","Health Care","$642,436,987","0","Analyze"
"RAAS","Cloopen Group Holding Limited ADRs of class A","ADRs","Privately held","","Information Technology","$639,520,976","666,421","Analyze"
"ICLK","iClick Interactive Asia Group Limited ADRs","ADRs","Privately held","","Communication Services","$627,313,644","762,209","Analyze"
"BTBT","Golden Bull Limited","Common stocks","","Cayman Islands","Information Technology","$624,145,171","17,214,525","Analyze"
"GHG","GreenTree Hospitality Group Ltd. ADRs of Class A","ADRs","Privately held","","Consumer Discretionary","$590,682,152","177,656","Analyze"
"SOL","ReneSola Ltd. ADRs","ADRs","Privately held","British Virgin Islands","Industrials","$545,432,543","1,259,841","Analyze"
"CYD","China Yuchai International Ltd","Common stocks","","Bermuda","Industrials","$533,200,685","25,762","Analyze"
"GOTU","GSX Techedu Inc. ADRs","ADRs","Privately held","","Consumer Discretionary","$528,641,568","12,242,848","Analyze"
"BEST","BEST Inc. ADRs of Class A","ADRs","Privately held","","Industrials","$523,855,265","4,958,982","Analyze"
"ADAG","Adagene Inc. ADRs","ADRs","Privately held","","Health Care","$515,948,199","18,819","Analyze"
"CANG","Cango Inc. ADRs of Class A","ADRs","Privately held","","Consumer Discretionary","$485,923,675","227,395","Analyze"
"DAO","Youdao, Inc. ADRs of Class A","ADRs","Privately held","","Consumer Discretionary","$474,830,039","320,753","Analyze"
"RENN","Renren Inc. ADRs of Class A","ADRs","Privately held","","Information Technology","$430,651,321","603,833","Analyze"
"SOS","SOS Limited ADRs of Class A","ADRs","Privately held","","Industrials","$430,402,100","8,692,034","Analyze"
"SY","So-Young International Inc. ADRs of Class A","ADRs","Privately held","","Communication Services","$404,915,740","323,883","Analyze"
"OG","Onion Global Limited ADRs of Class A","ADRs","Privately held","","Information Technology","$382,344,862","358,860","Analyze"
"LKCO","Luokung Technology Corp","Common stocks","","","Information Technology","$365,720,992","5,420,096","Analyze"
"CNF","CNFinance Holdings Limited ADRs","ADRs","Privately held","","Financials","$357,313,064","170,671","Analyze"
"KNDI","Kandi Technologies Group","Common stocks","","","Consumer Discretionary","$351,634,423","765,792","Analyze"
"PUYI","Puyi Inc. ADRs","ADRs","Privately held","","Financials","$343,793,653","7,427","Analyze"
"ZME","Zhangmen Education Inc. ADRs of Class A","ADRs","Privately held","","Consumer Staples","$329,111,314","41,558","Analyze"
"KXIN","Kaixin Auto Holdings","Common stocks","","","Financials","$318,482,299","552,345","Analyze"
"QD","Qudian Inc. ADRs of Class A","ADRs","Privately held","Cayman Islands","Financials","$316,627,033","847,031","Analyze"
"WIMI","WiMi Hologram Cloud Inc. ADRs of Class B","ADRs","Privately held","","Consumer Discretionary","$315,032,556","1,611,967","Analyze"
"YRD","Yirendai Limited ADRs","ADRs","Privately held","Cayman Islands","Financials","$313,260,413","253,200","Analyze"
"ZEPP","Zepp Health Corporation ADRs","ADRs","Privately held","","Information Technology","$309,593,956","150,264","Analyze"
"CCAC","CITIC Capital Acquisition Corp. Class A","Common stocks","","","Financials","$276,276,000","162,267","Analyze"
"EBON","Ebang International Holdings Inc. - Class A","Common stocks","","Cayman Islands","Information Technology","$275,634,917","3,935,069","Analyze"
"YI","111, Inc. ADRs","ADRs","Privately held","","Consumer Staples","$271,865,471","157,348","Analyze"
"NISN","NiSun Intl Enterprise Development Group Co, Ltd - Class A","Common stocks","","","Industrials","$257,966,869","69,969","Analyze"
"AGMH","AGM Group Holdings Inc. Class A","Common stocks","","British Virgin Islands","Financials","$254,955,344","232,376","Analyze"
"JFU","9F Inc. ADRs","ADRs","Privately held","","Communication Services","$231,657,592","195,360","Analyze"
"JFIN","Jiayin Group Inc. ADRs of class A","ADRs","Privately held","","Information Technology","$212,858,500","402,966","Analyze"
"XNET","Xunlei Limited ADRs","ADRs","Privately held","Hong Kong","Information Technology","$210,853,427","236,860","Analyze"
"ATIF","ATIF Holdings Limited","Common stocks","","","Financials","$209,559,000","110,608","Analyze"
"NCTY","The9  Limited ADRs","ADRs","Privately held","Cayman Islands","Information Technology","$208,483,253","1,023,521","Analyze"
"CBAT","Cbak Energy Technology, Inc.","Common stocks","","","Information Technology","$198,041,052","1,037,928","Analyze"
"XYF","X Financial ADRs of Class A","ADRs","Privately held","","Financials","$187,179,894","181,381","Analyze"
"HYW","Hywin Holdings Ltd. ADRs","ADRs","Privately held","","Financials","$179,760,000","13,113","Analyze"
"VIOT","Viomi Technology Co. ADRs","ADRs","Privately held","","Information Technology","$178,433,775","200,313","Analyze"
"LITB","LightInTheBox ADRs","ADRs","Privately held","Hong Kong","Consumer Discretionary","$177,077,680","359,198","Analyze"
"QTT","Qutoutiao Inc. ADRs","ADRs","Privately held","","Communication Services","$172,961,470","533,783","Analyze"
"TOUR","Tuniu Corp ADRs","ADRs","Privately held","Cayman Islands","Consumer Discretionary","$168,345,503","147,214","Analyze"
"BQ","Boqii Holding Limited ADRs of Class A","ADRs","Privately held","","Consumer Discretionary","$158,428,178","173,086","Analyze"
"CNEY","CN Energy Group Inc.","Common stocks","","","Materials","$155,645,654","342,145","Analyze"
"FTFT","Future Fintech Group Inc.","Common stocks","","","Information Technology","$155,549,066","1,316,173","Analyze"
"HX","Hexindai Inc. ADRs","ADRs","Privately held","Cayman Islands","Financials","$154,856,323","4,844,738","Analyze"
"JG","Aurora Mobile Limited ADRs","ADRs","Privately held","","Information Technology","$152,481,605","319,675","Analyze"
"LEJU","Leju Holdings ADRs","ADRs","Privately held","","Real Estate","$151,843,488","34,349","Analyze"
"JWEL","Jowell Global Ltd.","Common stocks","","Canada","Consumer Discretionary","$149,182,266","59,672","Analyze"
"YQ","17 Education & Technology Group Inc. ADRs","ADRs","Privately held","","Consumer Discretionary","$142,133,897","1,228,034","Analyze"
"HUDI","Huadi International Group Co., Ltd.","Common stocks","","","Materials","$141,400,500","329,682","Analyze"
"QLI","Qilian International Holding Group Ltd","Common stocks","","","Health Care","$140,140,000","15,835","Analyze"
"IH","iHuman Inc. ADRs of Class A","ADRs","Privately held","","Consumer Discretionary","$125,565,317","22,069","Analyze"
"GSMG","Glory Star New Media Group Holdings Limited","Common stocks","","","Communication Services","$117,538,695","286,515","Analyze"
"KUKE","Kuke Music Holding Limited ADRs","ADRs","Privately held","","Consumer Discretionary","$116,858,081","9,403","Analyze"
"LXEH","Lixiang Education Holding Co., Ltd.  ADRs","ADRs","Privately held","","Consumer Discretionary","$113,600,568","1,852","Analyze"
"LIZI","LIZHI INC. ADRs of Class A","ADRs","Privately held","","Communication Services","$111,868,198","549,812","Analyze"
"YJ","Yunji Inc. ADRs of Class A","ADRs","Privately held","","Consumer Discretionary","$110,615,390","281,280","Analyze"
"QH","Quhuo Limited ADRs of Class A","ADRs","Privately held","","Information Technology","$108,330,018","80,263","Analyze"
"DOGZ","Dogness (International) Corporation Class A","Common stocks","","","Consumer Staples","$104,575,593","689,227","Analyze"
"EJH","E-Home Household Service Holdings Ltd","Common stocks","","","Industrials","$104,102,824","1,299,350","Analyze"
"SISI","Shineco, Inc.","Common stocks","","","Health Care","$104,077,454","5,628","Analyze"
"HUIZ","Huize Holding Limited ADRs of Class A","ADRs","Privately held","","Financials","$103,066,738","154,010","Analyze"
"CIH","China Index Holdings Limited ADRs","ADRs","Privately held","","Industrials","$102,937,713","19,157","Analyze"
"AIH","Aesthetic Medical International Holdings Group Ltd. ADRs","ADRs","Privately held","","Health Care","$102,178,864","20,451","Analyze"
"CAAS","China Automotive Systems Inc.","Common stocks","","","Consumer Discretionary","$101,193,825","30,103","Analyze"
"WNW","Wunong Net Technology Co Ltd","Common stocks","","","Consumer Discretionary","$95,250,000","121,639","Analyze"
"CGA","China Green Agriculture Inc.","Common stocks","","","Materials","$88,441,094","10,380","Analyze"
"MOGU","MOGU Inc. ADRs Class A","ADRs","Privately held","","Consumer Discretionary","$87,132,179","90,779","Analyze"
"AAME","Atlantic American Corp","Common stocks","","USA","Financials","$84,704,666","25,989","Analyze"
"BLCT","BlueCity Holdings Limited ADRs","ADRs","Privately held","","Information Technology","$82,098,626","177,992","Analyze"
"AACG","ATA Creativity Global ADRs","ADRs","Privately held","","Consumer Discretionary","$81,155,041","74,116","Analyze"
"OCG","Oriental Culture Holding LTD","Common stocks","","","Consumer Discretionary","$79,529,930","173,247","Analyze"
"PETZ","TDH Holdings Inc.","Common stocks","","","Consumer Staples","$78,578,493","221,940","Analyze"
"UK","Ucommune International Ltd","Common stocks","","","Real Estate","$77,937,707","116,700","Analyze"
"BEDU","Bright Scholar Education Holdings Limited ADRs of Class A","ADRs","Privately held","Hong Kong","Consumer Discretionary","$73,648,270","38,184","Analyze"
"RCON","Recon Technology, Ltd.","Common stocks","","","Energy","$72,892,070","1,705,491","Analyze"
"CMCM","Cheetah Mobile ADRs","ADRs","Privately held","Hong Kong","Information Technology","$72,187,994","147,797","Analyze"
"CCM","Concord Medical Services ADRs","ADRs","Privately held","","Health Care","$70,659,886","4,345","Analyze"
"GTEC","Greenland Technologies Holding Corporation","Common stocks","","","Industrials","$69,705,278","25,587","Analyze"
"LGHL","Lion Group Holding Ltd. ADRs","ADRs","Privately held","","Financials","$67,161,532","1,507,836","Analyze"
"SECO","Secoo Holding Limited ADRs","ADRs","Privately held","","Consumer Discretionary","$65,561,063","110,226","Analyze"
"CTK","CooTek (Cayman) Inc. ADRs of Class A","ADRs","Privately held","","Information Technology","$64,826,020","158,770","Analyze"
"FAMI","Farmmi Inc","Common stocks","","","Consumer Staples","$64,164,093","271,326,242","Analyze"
"DSWL","Deswell Industries Inc.","Common stocks","","","Consumer Discretionary","$63,979,985","8,250","Analyze"
"BRLI","Brilliant Acquisition Corporation","Common stocks","","","Financials","$62,026,650","3,879","Analyze"
"XIN","Xinyuan Real Estate ADRs","ADRs","Privately held","","Real Estate","$61,748,934","361,136","Analyze"
"ZKIN","Zk International Group Co., Ltd","Common stocks","","","Materials","$61,405,505","388,995","Analyze"
"CLPS","CLPS Inc","Common stocks","","","Information Technology","$61,202,460","142,273","Analyze"
"GLG","China Bat Group, Inc.","Common stocks","","","Financials","$60,151,548","280,341","Analyze"
"KRKR","36Kr Holdings Inc. ADRs","ADRs","Privately held","","Communication Services","$59,356,641","229,898","Analyze"
"PME","Pingtan Marine Enterprise Ltd.","Common stocks","","Australia","Consumer Staples","$59,290,672","267,859","Analyze"
"RYB","RYB Education ADRs of Class A","ADRs","Privately held","Cayman Islands","Consumer Staples","$59,228,778","19,195","Analyze"
"CSCW","Color Star Technology Co. Ltd.","Common stocks","","Cayman Islands","Information Technology","$58,269,843","5,494,617","Analyze"
"SEED","Origin Agritech Limited","Common stocks","","","Consumer Staples","$54,312,120","89,200","Analyze"
"CPOP","Pop Culture Group Co., Ltd","Common stocks","","","Communication Services","$53,175,554","478,650","Analyze"
"IFBD","Infobird Co., Ltd","Common stocks","","","Information Technology","$52,772,500","169,410","Analyze"
"MKD","Molecular Data Inc. ADRs of Class A","Common stocks","Privately held","","Information Technology","$51,854,850","20,330,250","Analyze"
"TEDU","Tarena International ADRs","ADRs","Privately held","","Consumer Discretionary","$51,847,490","294,144","Analyze"
"SDH","Global Internet of People, Inc.","Common stocks","","","Industrials","$51,744,000","9,606","Analyze"
"DUO","Fangdd Network Group Ltd. ADRs","ADRs","Privately held","","Communication Services","$50,645,303","681,753","Analyze"
"CCNC","Code Chain New Continent Limited","Common stocks","","","Industrials","$49,574,206","588,933","Analyze"
"UPC","Universe Pharmaceuticals Inc","Common stocks","","","Health Care","$49,350,000","146,857","Analyze"
"BAOS","Baosheng Media Group Holdings Limited","Common stocks","","","Communication Services","$48,865,509","210,533","Analyze"
"FEDU","Four Seasons Education (Cayman) Inc.  ADRs","ADRs","Privately held","","Consumer Staples","$47,650,262","1,243,035","Analyze"
"CNET","Chinanet Online Holdings Inc.","Common stocks","","","Information Technology","$46,992,460","2,215,953","Analyze"
"MDJH","MDJM LTD","Common stocks","","","Real Estate","$46,854,301","8,532","Analyze"
"PBTS","Powerbridge Technologies Co., Ltd.","Common stocks","","","Information Technology","$46,235,091","6,684,170","Analyze"
"CHNR","China Natural Resources Inc.","Common stocks","","","Materials","$45,537,698","67,137","Analyze"
"DTSS","Datasea Inc.","Common stocks","","","Industrials","$44,952,759","414,791","Analyze"
"JZXN","Jiuzi Holdings, Inc.","Common stocks","","","Consumer Discretionary","$44,939,057","1,465,748","Analyze"
"UTME","UTime Limited","Common stocks","","","Consumer Discretionary","$44,646,082","97,456","Analyze"
"PLIN","China Xiangtai Food Co., Ltd.","Common stocks","","","Consumer Staples","$44,621,973","53,657","Analyze"
"ANTE","AirNet Technology Inc. ADRs","ADRs","Privately held","","Health Care","$43,278,386","22,949","Analyze"
"METX","Meten EdtechX Education Group Ltd.","Common stocks","","","Consumer Discretionary","$43,055,311","33,968,792","Analyze"
"FENG","Phoenix New Media ADRs","ADRs","Privately held","Cayman Islands","Communication Services","$42,731,084","138,357","Analyze"
"FHS","First High-School Education Group Co., Ltd. ADRs of Class A","ADRs","Privately held","","Consumer Discretionary","$41,930,112","238,244","Analyze"
"ONE","OneSmart International Education Group Limited ADRs","ADRs","Privately held","","Consumer Discretionary","$41,732,398","3,967,357","Analyze"
"CREG","China Recycling Energy Corporation","Common stocks","","","Industrials","$41,652,696","73,211","Analyze"
"NEW","Puxin Limited ADRs","ADRs","Privately held","","Consumer Discretionary","$41,422,662","3,323,796","Analyze"
"REDU","RISE Education Cayman Ltd ADRs","ADRs","Privately held","","Consumer Discretionary","$40,215,829","828,721","Analyze"
"PT","Pintec Technology Holdings Limited ADRs of Class A","ADRs","Privately held","","Information Technology","$40,025,286","595,593","Analyze"
"PLAG","Planet Green Holdings Corp.","Common stocks","","","Consumer Staples","$39,180,148","920,161","Analyze"
"JP","Jupai Holdings Limited ADRs","ADRs","Privately held","","Financials","$37,756,665","261,436","Analyze"
"SFUN","Fang Holdings ADRs","ADRs","Privately held","","Communication Services","$37,536,130","2,687","Analyze"
"QK","Q&K International Group Limited ADRs","ADRs","Privately held","","Real Estate","$37,317,065","155,452","Analyze"
"AIHS","Senmiao Technology Limited","Common stocks","","","Financials","$36,598,259","3,596,884","Analyze"
"EEIQ","Elite Education Group International Ltd","Common stocks","","British Virgin Islands","Consumer Discretionary","$35,881,440","1,313,498","Analyze"
"TC","TuanChe Limited ADRs","ADRs","Privately held","","Information Technology","$35,704,481","40,873","Analyze"
"SNTG","Sentage Holdings Inc.","Common stocks","","","Financials","$34,580,000","1,121,406","Analyze"
"YGMZ","MingZhu Logistics Holdings Ltd","Common stocks","","","Industrials","$33,602,989","136,691","Analyze"
"FFHL","Fuwei Films (Holdings) Co. Ltd.","Common stocks","","","Consumer Discretionary","$32,984,954","6,863","Analyze"
"EZGO","EZGO Technologies Ltd.","Common stocks","","","Consumer Discretionary","$32,407,115","202,176","Analyze"
"ANPC","AnPac Bio-Medical Science Co., Ltd. ADRs of Class A","ADRs","Privately held","","Health Care","$32,036,845","87,427","Analyze"
"MTC","MMTec, Inc.","Common stocks","","","Financials","$31,902,400","87,765","Analyze"
"COE","China Online Education ADRs of Class A","ADRs","Privately held","","Consumer Discretionary","$31,889,082","587,664","Analyze"
"DXF","Dunxin Financial Holdings Limited ADRs","ADRs","Privately held","","Financials","$31,318,782","98,438","Analyze"
"BHAT","Blue Hat Interactive Entertainment Technology","Common stocks","","","Communication Services","$30,784,332","419,618","Analyze"
"AMBO","Ambow Education Holding Ltd. ADRs of Class A","ADRs","Privately held","","Consumer Staples","$30,202,759","64,741","Analyze"
"ZCMD","Zhongchao Inc. - Class A","Common stocks","","","Health Care","$30,202,543","49,469","Analyze"
"MFH","JMU Limited ADRs","ADRs","Privately held","","Consumer Discretionary","$29,519,609","331,190","Analyze"
"TANH","Tantech Holdings Ltd.","Common stocks","","","Materials","$28,386,940","259,441","Analyze"
"HAPP","Happiness Biotech Group Limited","Common stocks","","","Health Care","$28,118,662","412,163","Analyze"
"JT","Jianpu Technology Inc.  ADRs of Class A","ADRs","Privately held","","Financials","$27,971,811","146,637","Analyze"
"TAOP","Taoping Inc.","Common stocks","","","Information Technology","$27,839,321","115,862","Analyze"
"WEI","Weidai Ltd. ADRs of Class A","ADRs","Privately held","","Financials","$27,713,952","186,659","Analyze"
"WAFU","Wah Fu Education Group Limited","Common stocks","","","Consumer Discretionary","$26,817,669","196,525","Analyze"
"LAIX","LAIX Inc. ADRs of Class A","ADRs","Privately held","","Consumer Staples","$26,376,831","135,533","Analyze"
"CJJD","China Jo-Jo Drugstores Inc.","Common stocks","","","Consumer Staples","$25,744,154","70,626","Analyze"
"PHCF","Puhui Wealth Investment Management Co., Ltd.","Common stocks","","","Financials","$23,360,343","1,027,923","Analyze"
"TIRX","Tian Ruixiang Holdings Ltd.","Common stocks","","","Financials","$22,950,000","232,536","Analyze"
"LYL","Dragon Victory International Limited","Common stocks","","","Financials","$22,414,582","236,677","Analyze"
"RETO","Reto Eco-Solutions, Inc.","Common stocks","","","Materials","$21,695,524","123,790","Analyze"
"STG","Sunlands Online Education Group ADRs of Class A","ADRs","Privately held","","Consumer Staples","$16,795,668","51,152","Analyze"
"AEHL","Antelope Enterprise Holdings Limited","Common stocks","","","Materials","$16,539,225","1,838,066","Analyze"
"EDTK","Skillful Craftsman Education Technology Limited","Common stocks","","","Consumer Discretionary","$16,440,000","294,326","Analyze"
"CLEU","China Liberal Education Holdings Limited","Common stocks","","","Consumer Discretionary","$15,769,999","1,045,050","Analyze"
"JRJC","China Finance Online ADRs","ADRs","Privately held","China","Financials","$15,335,509","407,797","Analyze"
"SXTC","China SXT Pharmaceuticals, Inc.","Common stocks","","","Health Care","$15,074,866","318,322","Analyze"
"HUSN","Hudson Capital Inc.","Common stocks","","","Financials","$14,477,890","81,433","Analyze"
"LLL","JX Luxventure Limited","Common stocks","","","Consumer Discretionary","$11,009,927","122,053","Analyze"
"MOHO","ECMOHO Limited ADRs","ADRs","Privately held","","Consumer Discretionary","$10,353,196","216,955","Analyze"