"Symbol","Name","Index Country","Country of incorporation","Cross-list symbol","Cross-list exchange","Foreign filer?","GICS Sector","Market cap","Average Volume","Action"
"AAGFF","Aftermath Silver Ltd.","Canada","","CV:AAG","TSX Venture Exchange","No","Unknown","$51,934,516","237,981","Analyze"
"AASZF","Atlantic Sapphire ASA","Norway","","NO:ASA","Oslo Bors Asa","No","Consumer Staples","$400,158,382","2,925","Analyze"
"AAU","Almaden Minerals Ltd.","Canada","","CT:AMM","Toronto Stock Exchange","Yes","Materials","$52,144,135","434,388","Analyze"
"AAUKF","Anglo American plc","United Kingdom","","LN:AAL","London Stock Exchange","No","Materials","$53,214,545,871","3,580","Analyze"
"ABEPF","Vision Lithium Inc.","Canada","","CV:VLI","TSX Venture Exchange","No","Materials","$29,125,243","1,656,805","Analyze"
"ABSSF","AirBoss of America Corp","Canada","","CT:BOS","Toronto Stock Exchange","No","Materials","$745,373,815","0","Analyze"
"ABST","Absolute Software Corporation","Canada","","CT:ABT","Toronto Stock Exchange","Yes","Information Technology","$565,632,806","116,344","Analyze"
"ACB","Aurora Cannabis Inc.","Canada","Canada","CT:ACB","Toronto Stock Exchange","Yes","Health Care","$1,475,994,410","4,948,165","Analyze"
"ACDVF","Air Canada","Canada","","CT:AC","Toronto Stock Exchange","No","Industrials","$6,682,788,197","195,346","Analyze"
"ACGBF","Agricultural Bank Of China","China","","CG:601288","Shanghai Stock Exchange","No","Financials","$10,254,471,353","6,600","Analyze"
"ACNNF","AusCann Group Holdings Ltd","Australia","","AT:AC8","Asx - All Markets","No","Unknown","$27,754,468","27,758","Analyze"
"ACST","Acasti Pharma Inc.","Canada","","CV:ACST","TSX Venture Exchange","No","Health Care","$45,061,213","568,102","Analyze"
"ADDDF","adidas AG","Germany","","GF:ADS","Frankfurt Stock Exchange","No","Consumer Discretionary","$62,395,571,187","423","Analyze"
"ADVZF","Adventus Mining Corp.","Canada","","CV:ADZN","TSX Venture Exchange","No","Materials","$103,863,975","13,860","Analyze"
"AEM","Agnico Eagle Mines Limited","Canada","Canada","CT:AEM","Toronto Stock Exchange","Yes","Materials","$13,865,408,716","1,878,889","Analyze"
"AEZS","Aeterna Zentaris Inc.","Canada","Canada","CT:AEZS","Toronto Stock Exchange","Yes","Health Care","$75,046,458","3,754,059","Analyze"
"AFTPF","Afterpay Ltd","Australia","","AT:APT","Asx - All Markets","No","Information Technology","$26,704,670,076","896","Analyze"
"AG","First Majestic Silver Corp","Canada","Canada","CT:FR","Toronto Stock Exchange","Yes","Materials","$3,203,448,352","4,023,159","Analyze"
"AGI","Alamos Gold Inc Class A","Canada","Canada","CT:AGI","Toronto Stock Exchange","Yes","Materials","$3,116,471,470","2,796,077","Analyze"
"AHODF","Royal Ahold Delhaize N.V.","The Netherlands","","NA:AD","Nyse Euronext - Euronext Amsterdam","No","Consumer Staples","$33,656,657,805","322","Analyze"
"AKOM","Aerkomm Inc.","France","","FP:AKOM","Euronext Paris","No","Unknown","$25,056,333","0","Analyze"
"AKU","Akumin Inc.","Canada","Canada","CT:AKU","Toronto Stock Exchange","Yes","Health Care","$596,480,880","71,845","Analyze"
"AKZOF","Akzo Nobel N.V.","The Netherlands","","NA:AKZA","Nyse Euronext - Euronext Amsterdam","No","Materials","$20,736,051,302","0","Analyze"
"ALBHF","Alibaba Health Info Tech","China","","HK:0241","Hong Kong Exchange","No","Health Care","$19,155,544,400","0","Analyze"
"ALC","Alcon Inc.","Switzerland","Switzerland","SE:ALC","Six Swiss Exchange","Yes","Health Care","$39,906,372,000","610,418","Analyze"
"ALEAF","Aleafia Health Inc.","Canada","","CT:ALEF","Toronto Stock Exchange","No","Unknown","$75,750,630","560,812","Analyze"
"ALKEF","Alkane Resources Ltd","Australia","","AT:ALK","Asx - All Markets","No","Materials","$416,908,394","7,850","Analyze"
"ALMTF","Almonty Industries Inc.","Canada","","CT:ALL","Toronto Stock Exchange","No","Materials","$150,475,983","0","Analyze"
"ALVOF","Alvopetro Energy Ltd.","Canada","","CV:ALV","TSX Venture Exchange","No","Energy","$209,798,266","124,000","Analyze"
"ALYA","Alithya Group Inc. - Class A Subordinate Voting Shares","Canada","Canada","CT:ALYA","Toronto Stock Exchange","Yes","Information Technology","$225,763,789","22,055","Analyze"
"AMBFF","AMBU B","Denmark","Denmark","DC:AMBUB","Omx Nordic Exchange Copenhagen A/S","Yes","Health Care","$6,143,058,130","100","Analyze"
"AMSYF","ArcelorMittal","Luxembourg","","NA:MT","Nyse Euronext - Euronext Amsterdam","No","Materials","$31,833,208,515","0","Analyze"
"AMXEF","Amex Exploration Inc.","Canada","","CV:AMX","TSX Venture Exchange","No","Materials","$189,762,640","175,106","Analyze"
"ANXGF","Anaconda Mining Inc.","Canada","","CT:ANX","Toronto Stock Exchange","No","Materials","$88,721,531","90,648","Analyze"
"AOTVF","Ascot Resources Ltd.","Canada","","CT:AOT","Toronto Stock Exchange","No","Materials","$367,974,198","89,253","Analyze"
"AQN","Algonquin Power & Utilities Corp.","Canada","Canada","CT:AQN","Toronto Stock Exchange","Yes","Utilities","$9,400,773,322","1,656,618","Analyze"
"ARBKF","Argo Blockchain PLC","United Kingdom","","LN:ARB","London Stock Exchange","No","Communication Services","$133,725,000","0","Analyze"
"ARESF","Artis Real Estate Investment Trust","Canada","","CT:AX-UN","Toronto Stock Exchange","No","Real Estate","$1,191,915,752","1,400","Analyze"
"ARREF","Amerigo Resources Ltd","Canada","","CT:ARG","Toronto Stock Exchange","No","Materials","$216,404,633","8,915","Analyze"
"ASCJF","American Shipping Company ASA","Norway","","NO:AMSC","Oslo Bors Asa","No","Unknown","$226,099,564","728","Analyze"
"ASDRF","Ascendant Resources Inc.","Canada","","CT:ASND","Toronto Stock Exchange","No","Unknown","$18,838,493","124,000","Analyze"
"ASM","Avino Silver & Gold Mines Ltd.","Canada","The Netherlands","CT:ASM","Toronto Stock Exchange","Yes","Information Technology","$93,041,322","568,551","Analyze"
"ATBPF","Antibe Therapeutics Inc.","Canada","","CV:ATE","TSX Venture Exchange","No","Health Care","$37,236,155","0","Analyze"
"ATUSF","Altius Minerals Corporation","Canada","","CT:ALS","Toronto Stock Exchange","No","Materials","$550,341,226","17,002","Analyze"
"ATY","AcuityAds Holdings Inc.","Canada","","CT:AT","Toronto Stock Exchange","Yes","Communication Services","$436,240,310","215,694","Analyze"
"AUPH","Aurinia Pharmaceuticals Inc","Canada","Canada","CT:AUP","Toronto Stock Exchange","Yes","Health Care","$2,558,930,825","3,025,287","Analyze"
"AUXXF","Allegiant Gold Ltd.","Canada","","CV:AUAU","TSX Venture Exchange","No","Materials","$21,788,374","42,196","Analyze"
"AUY","Yamana Gold Inc.","Canada","Canada","CT:YRI","Toronto Stock Exchange","Yes","Materials","$4,131,751,600","11,752,134","Analyze"
"AVCNF","Avicanna Inc","Canada","","CT:AVCN","Toronto Stock Exchange","No","Unknown","$26,413,807","105","Analyze"
"AVLNF","Avalon Advanced Materials Inc.","Canada","","CT:AVL","Toronto Stock Exchange","No","Materials","$34,561,072","36,700","Analyze"
"AVTBF","Avant Brands Inc","Canada","","CT:AVNT","Toronto Stock Exchange","No","Communication Services","$72,293,152","1,607,275","Analyze"
"AWCMF","Alumina Limited","Australia","","AT:AWC","Asx - All Markets","No","Materials","$4,932,858,409","0","Analyze"
"AXAHF","AXA SA","France","","FP:CS","Euronext Paris","No","Financials","$66,948,210,596","3,411","Analyze"
"AXDDF","Azucar Minerals Ltd.","Canada","","CV:AMZ","TSX Venture Exchange","No","Materials","$5,611,006","76,549","Analyze"
"AXNVF","Axion Ventures Inc","Canada","","CV:AXV","TSX Venture Exchange","No","Unknown","$255,894","1,550","Analyze"
"AXU","Alexco Resource Corp","Canada","","CT:AXU","Toronto Stock Exchange","Yes","Materials","$259,562,316","684,343","Analyze"
"AYRWF","Ayr Strategies Inc.","Canada","","CF:AYR","Canadian Securities Exchange","No","Consumer Discretionary","$1,114,302,220","0","Analyze"
"BABYF","Else Nutrition Holdings Inc","Canada","","CV:BABY","TSX Venture Exchange","No","Consumer Staples","$150,661,127","121,649","Analyze"
"BAM","Brookfield Asset Management Inc.","Canada","Canada","CT:BAM-A","Toronto Stock Exchange","Yes","Financials","$96,207,283,210","1,593,384","Analyze"
"BAMR","Brookfield Asset Management Reinsurance Partners Ltd. Class A","Canada","Bermuda","CT:BAMR","Toronto Stock Exchange","Yes","Financials","$654,963,718","23,157","Analyze"
"BAP","Credicorp Ltd","Peru","Bermuda","PE:BAP","Bolsa De Valores De Lima","Yes","Financials","$12,527,364,935","524,422","Analyze"
"BAYZF","Beyer AG","Germany","Germany","GF:BAYN","Frankfurt Stock Exchange","Yes","Health Care","$54,298,579,012","853","Analyze"
"BB","Blackberry Limited","Canada","Canada","CT:BB","Toronto Stock Exchange","No","Information Technology","$6,531,782,147","11,618,614","Analyze"
"BBKCF","BIGG Digital Assets Inc.","Canada","","CF:BIGG","Canadian Securities Exchange","No","Financials","$183,640,869","17,316,515","Analyze"
"BBRYF","Burberry Group Plc","United Kingdom","","LN:BRBY","London Stock Exchange","No","Consumer Discretionary","$10,219,510,569","61,643","Analyze"
"BBSRF","Bluestone Resources Inc.","Canada","","CV:BSR","TSX Venture Exchange","No","Unknown","$197,173,104","35,545","Analyze"
"BCE","BCE, Inc.","Canada","Canada","CT:BCE","Toronto Stock Exchange","Yes","Communication Services","$46,544,818,438","885,522","Analyze"
"BCEKF","Bear Creek Mining Corporation","Canada","","CV:BCM","TSX Venture Exchange","No","Materials","$135,457,714","82,884","Analyze"
"BDRAF","Bombardier Inc. Class A","Canada","","CT:BBD-A","Toronto Stock Exchange","No","Unknown","$531,024,078","47,261","Analyze"
"BDRBF","Bombardier Inc. Class B","Canada","","CT:BBD-B","Toronto Stock Exchange","No","Industrials","$3,496,416,144","450,659","Analyze"
"BEPC","Brookfield Renewable Corporation Class A","Canada","Canada","CT:BEPC","Toronto Stock Exchange","Yes","Utilities","$6,936,417,601","586,599","Analyze"
"BFFAF","BASF SE","Germany","","GF:BAS","Frankfurt Stock Exchange","No","Materials","$67,825,977,637","111","Analyze"
"BHC","Bausch Health Companies Inc.","Canada","Canada","CT:BHC","Toronto Stock Exchange","No","Health Care","$10,207,107,599","1,197,961","Analyze"
"BHNGF","Bhang Inc.","Canada","","CF:BHNG","Canadian Securities Exchange","No","Unknown","$6,108,696","6,716","Analyze"
"BILZF","Ignite International Brands Ltd","Canada","","CF:BILZ","Canadian Securities Exchange","No","Unknown","$118,842,345","36,657","Analyze"
"BIPC","Brookfield Infrastructure Partners LP Class A Subordinate Voting Shares","Canada","Canada","CT:BIPC","Toronto Stock Exchange","Yes","Utilities","$2,673,926,537","245,677","Analyze"
"BITF","Bitfarms Ltd.","Canada","","CV:BITF","TSX Venture Exchange","Yes","Financials","$1,008,035,837","6,843,693","Analyze"
"BKLLF","Codebase Ventures Inc.","Canada","","CF:CODE","Canadian Securities Exchange","No","Financials","$5,433,291","459,991","Analyze"
"BLDP","Ballard Power Systems","Canada","Canada","CT:BLDP","Toronto Stock Exchange","Yes","Industrials","$4,958,270,298","3,481,502","Analyze"
"BLEVF","Beleave Inc.","Canada","","CF:BE","Canadian Securities Exchange","No","Unknown","$560,846","10,210","Analyze"
"BLU","BELLUS Health Inc.","Canada","","CT:BLU","Toronto Stock Exchange","Yes","Health Care","$477,857,902","1,337,272","Analyze"
"BMO","Bank Of Montreal","Canada","Canada","CT:BMO","Toronto Stock Exchange","Yes","Financials","$69,788,409,432","503,572","Analyze"
"BNIGF","Beroni Group Ltd.","Australia","","AO:BTG","National Stock Exchange of Australia","No","Unknown","$15,174,470","550","Analyze"
"BNOEF","Bionomics Ltd","Australia","","AT:BNO","Asx - All Markets","No","Health Care","$116,002,666","203,220","Analyze"
"BNPQF","BNP Paribas SA Class A","France","","FP:BNP","Euronext Paris","No","Financials","$84,396,272,247","1,024","Analyze"
"BNS","The Bank Of Nova Scotia","Canada","Canada","CT:BNS","Toronto Stock Exchange","Yes","Financials","$79,494,554,509","1,250,224","Analyze"
"BONXF","BonTerra Resources Inc.","Canada","","CV:BTR","TSX Venture Exchange","No","Materials","$84,465,735","39,831","Analyze"
"BPRMF","Blue Prism Group PLC","United Kingdom","United Kingdom","LN:PRSM","London Stock Exchange","Yes","Information Technology","$1,501,860,829","3,624","Analyze"
"BRGGF","Bragg Gaming Group Inc.","Canada","","CV:BRAG","TSX Venture Exchange","No","Unknown","$207,068,689","49,331","Analyze"
"BRPHF","Galaxy Digital Holdings Ltd","Canada","","CT:GLXY","Toronto Stock Exchange","No","Communication Services","$1,708,995,365","580,896","Analyze"
"BTG","B2Gold Corp","Canada","Canada","CT:BTO","Toronto Stock Exchange","Yes","Materials","$4,368,576,633","6,968,086","Analyze"
"BTGOF","BT Group PLC","United Kingdom","United Kingdom","LN:BT-A","London Stock Exchange","Yes","Communication Services","$18,747,009,132","56,201","Analyze"
"BUR","Burford Capital Limited","United Kingdom","Guernsey","LN:BUR","London Stock Exchange","Yes","Financials","$2,361,357,674","109,915","Analyze"
"BYDDF","BYD Company Limited","China","","HK:1211","Hong Kong Exchange","No","Communication Services","$38,252,000,000","57,673","Analyze"
"CAE","CAE Inc.","Canada","Canada","CT:CAE","Toronto Stock Exchange","No","Industrials","$9,598,669,007","183,289","Analyze"
"CANSF","Willow Biosciences Inc.","Canada","","CT:WLLW","Toronto Stock Exchange","No","Materials","$52,037,290","29,690","Analyze"
"CBWTF","Auxly Cannabis Group Inc.","Canada","","CV:XLY","TSX Venture Exchange","No","Health Care","$162,887,409","1,195,834","Analyze"
"CCHWF","Columbia Care Inc.","Canada","","CF:CCHW","Canadian Securities Exchange","No","Consumer Discretionary","$1,284,479,941","367,825","Analyze"
"CCJ","Cameco Corporation","Canada","Canada","CT:CCO","Toronto Stock Exchange","Yes","Energy","$10,588,477,813","8,673,168","Analyze"
"CGAU","Centerra Gold Inc.","Canada","","CT:CG","Toronto Stock Exchange","Yes","Materials","$2,258,461,738","58,841","Analyze"
"CGC","Canopy Growth Corporation","Canada","Australia","CT:WEED","Toronto Stock Exchange","No","Health Care","$5,640,660,295","4,442,096","Analyze"
"CGMLF","Chalice Gold Mines Limited","Australia","","AT:CHN","Asx - All Markets","No","Materials","$1,817,631,627","22,000","Analyze"
"CHPGF","Chesapeake Gold Corp.","Canada","","CV:CKG","TSX Venture Exchange","No","Materials","$205,468,941","11,948","Analyze"
"CHXMF","Troilus Gold Corp.","Canada","","CT:TLG","Toronto Stock Exchange","No","Materials","$134,873,579","146,819","Analyze"
"CIGI","Colliers International Group Inc.","Canada","Canada","CT:CIGI","Toronto Stock Exchange","Yes","Real Estate","$6,017,681,072","71,424","Analyze"
"CIXX","CI Financial Corp.","Canada","","CT:CIX","Toronto Stock Exchange","Yes","Financials","$4,531,144,815","28,457","Analyze"
"CKHUF","CK Hutchison Holdings Limited","China","","HK:0001","Hong Kong Exchange","No","Industrials","$25,934,929,280","900","Analyze"
"CLABF","Core One Labs Inc.","Canada","","CF:COOL","Canadian Securities Exchange","No","Unknown","$17,643,213","281,596","Analyze"
"CLS","Celestica","Canada","Canada","CT:CLS","Toronto Stock Exchange","Yes","Information Technology","$969,630,080","355,926","Analyze"
"CM","Canadian Imperial Bank Of Commerce","Canada","Canada","CT:CM","Toronto Stock Exchange","Yes","Financials","$53,827,220,907","491,423","Analyze"
"CMCL","Caledonia Mining Corporation Plc","Jersey","Jersey","CT:CAL","Toronto Stock Exchange","Yes","Materials","$155,605,687","21,200","Analyze"
"CNHI","CNH Industrial N.V.","The Netherlands","The Netherlands","IM:CNHI","Borsa Italiana S.P.A.","Yes","Industrials","$22,948,782,483","2,948,124","Analyze"
"CNI","Canadian National Railway Company","Canada","Australia","CT:CNR","Toronto Stock Exchange","Yes","Industrials","$88,093,363,482","1,367,354","Analyze"
"CNNEF","Canacol Energy Ltd.","Canada","","CT:CNE","Toronto Stock Exchange","No","Energy","$558,502,894","9,087","Analyze"
"CNQ","Canadian Natural Resources Limited","Canada","Canada","CT:CNQ","Toronto Stock Exchange","Yes","Energy","$50,311,264,970","3,032,003","Analyze"
"CNSNF","Constantine Metal Resources Ltd.","Canada","","CV:CEM","TSX Venture Exchange","No","Unknown","$15,930,216","175,003","Analyze"
"CNSWF","Constellation Software Inc","Canada","","CT:CSU","Toronto Stock Exchange","No","Information Technology","$37,737,876,624","0","Analyze"
"CP","Canadian Pacific Railway Limited","Canada","Canada","CT:CP","Toronto Stock Exchange","No","Industrials","$49,002,772,331","4,747,268","Analyze"
"CPG","Crescent Point Energy Corporation","Canada","Canada","CT:CPG","Toronto Stock Exchange","Yes","Consumer Discretionary","$2,886,653,377","4,277,269","Analyze"
"CPMMF","Crystal Peak Minerals Inc.","Canada","","CV:CPM","TSX Venture Exchange","No","Materials","$2,815,846","0","Analyze"
"CRECF","Critical Elements Lithium Corporation","Canada","","CV:CRE","TSX Venture Exchange","No","Materials","$234,818,199","59,489","Analyze"
"CRHCF","CRH plc","Ireland","","LN:CRH","London Stock Exchange","No","Materials","$37,001,925,138","0","Analyze"
"CRLBF","Cresco Labs Inc.","Canada","","CF:CL","Canadian Securities Exchange","No","Consumer Discretionary","$1,828,059,789","374,824","Analyze"
"CRON","Cronos Group Inc.","Canada","Canada","CT:CRON","Toronto Stock Exchange","No","Health Care","$2,168,795,878","1,972,375","Analyze"
"CRPOF","Ceapro Inc.","Canada","","CV:CZO","TSX Venture Exchange","No","Materials","$3,884,272","1,126","Analyze"
"CRSXF","Corsa Coal Corp.","Canada","","CV:CSO","TSX Venture Exchange","No","Materials","$80,678,489","122,550","Analyze"
"CRTPF","Cardiol Therapeutics Inc. Class A","Canada","","CT:CRDL","Toronto Stock Exchange","No","Unknown","$98,777,166","65,025","Analyze"
"CSGKF","Credit Suisse Group AG","Switzerland","","VX:CSGN","Six Swiss - Blue Chips Segment","No","Financials","$28,097,925,832","0","Analyze"
"CTARF","Centaurus Energy Inc.","Canada","","CV:CTA","TSX Venture Exchange","No","Energy","$8,160,889","37,409","Analyze"
"CTSDF","Converge Technology Solutions Corp.","Canada","","CT:CTS","Toronto Stock Exchange","No","Information Technology","$1,830,980,955","26,981","Analyze"
"CTVEF","Certive Solutions Inc.","Canada","","CF:CBP","Canadian Securities Exchange","No","Health Care","$7,220,235","1,000","Analyze"
"CUKPF","Carnival PLC","United Kingdom","United Kingdom","LN:CCL","London Stock Exchange","Yes","Consumer Discretionary","$187,707,200","2,429","Analyze"
"CURLF","Curaleaf Holdings Inc.","Canada","","CF:CURA","Canadian Securities Exchange","No","Consumer Discretionary","$6,567,095,861","305,473","Analyze"
"CVALF","Covalon Technologies Ltd.","Canada","","CV:COV","TSX Venture Exchange","No","Health Care","$52,875,576","600","Analyze"
"CVE","Cenovus Energy Inc","Canada","Canada","CT:CVE","Toronto Stock Exchange","Yes","Energy","$23,363,117,068","10,340,592","Analyze"
"CWBHF","Charlottes Web Holdings Inc.","Canada","","CT:CWEB","Toronto Stock Exchange","No","Health Care","$251,728,222","553,624","Analyze"
"CXBMF","Calibre Mining Corp.","Canada","","CT:CXB","Toronto Stock Exchange","No","Materials","$448,508,616","59,592","Analyze"
"CXXIF","C21 Investments Inc","Canada","","CF:CXXI","Canadian Securities Exchange","No","Consumer Discretionary","$74,811,123","62,810","Analyze"
"CYBN","Cybin Inc.","Canada","","QF:CYBN","Aequitas NEO Exchange (Lit Book)","Yes","Health Care","$341,408,896","1,174,981","Analyze"
"DB","Deutsche Bank AG","Germany","Germany","GF:DBK","Frankfurt Stock Exchange","Yes","Financials","$27,612,089,030","3,778,713","Analyze"
"DCBO","Docebo Inc.","Canada","","CT:DCBO","Toronto Stock Exchange","Yes","Information Technology","$2,591,506,291","79,456","Analyze"
"DDAIF","Daimler AG","Germany","","GF:DAI","Frankfurt Stock Exchange","No","Consumer Discretionary","$102,420,887,989","0","Analyze"
"DECPF","Diversified Energy Company PLC","United Kingdom","","LN:DEC","London Stock Exchange","No","Energy","$1,401,844,424","135,972","Analyze"
"DGEAF","Diageo PLC","United Kingdom","United Kingdom","LN:DGE","London Stock Exchange","Yes","Consumer Staples","$116,589,104,211","7,679","Analyze"
"DLAKF","Deutsche Lufthansa AG","Germany","","GF:LHA","Frankfurt Stock Exchange","No","Industrials","$8,099,415,238","18,428","Analyze"
"DMGGF","DMG Blockchain Solutions Inc.","Canada","","CV:DMGI","TSX Venture Exchange","No","Information Technology","$156,873,782","6,798,328","Analyze"
"DNN","Denison Mines Corp","Canada","","CT:DML","Toronto Stock Exchange","Yes","Materials","$1,482,567,913","18,069,510","Analyze"
"DOOO","BRP Inc.","Canada","","CT:DOO","Toronto Stock Exchange","Yes","Consumer Discretionary","$3,556,995,998","46,875","Analyze"
"DPSTF","Deutsche Post AG","Germany","","GF:DPW","Frankfurt Stock Exchange","No","Industrials","$77,392,146,310","0","Analyze"
"DRTT","DIRTT Environmental Solutions Ltd.","Canada","","CT:DRT","Toronto Stock Exchange","No","Industrials","$269,230,521","39,190","Analyze"
"DSGX","The Descartes Systems Group Inc.","Canada","Canada","CT:DSG","Toronto Stock Exchange","Yes","Information Technology","$7,051,002,159","85,880","Analyze"
"DTEGF","Deutsche Telekom AG","Germany","","GF:DTE","Frankfurt Stock Exchange","No","Communication Services","$95,540,546,699","739","Analyze"
"DYFSF","DynaCERT Inc.","Canada","","CV:DYA","TSX Venture Exchange","No","Industrials","$71,259,377","31,486","Analyze"
"DYLLF","Deep Yellow Limited","Australia","","AT:DYL","Asx - All Markets","No","Unknown","$308,346,985","384,429","Analyze"
"EDVMF","Endeavour Mining Corporation","Canada","","CT:EDV","Toronto Stock Exchange","No","Materials","$6,379,287,971","39,608","Analyze"
"EEVVF","Eve & Co. Inc.","Canada","","CV:EVE","TSX Venture Exchange","No","Unknown","$3,986,960","1,809,368","Analyze"
"EFLVF","Electrovaya Inc.","Canada","","CT:EFL","Toronto Stock Exchange","No","Industrials","$158,054,003","215,682","Analyze"
"EGLX","Enthusiast Gaming Holdings Inc.","Canada","","CT:EGLX","Toronto Stock Exchange","Yes","Communication Services","$455,450,314","288,117","Analyze"
"EGO","Eldorado Gold Corporation","Canada","Canada","CT:ELD","Toronto Stock Exchange","Yes","Materials","$1,735,148,866","1,894,986","Analyze"
"ELLXF","Elixinol Global Ltd.","Australia","","AT:EXL","Asx - All Markets","No","Unknown","$19,809,784","118,677","Analyze"
"ELRRF","Eloro Resources Ltd","Canada","","CV:ELO","TSX Venture Exchange","No","Materials","$183,161,923","75,029","Analyze"
"EMHTF","Emerald Health Therapeutics Inc.","Canada","","CV:EMH","TSX Venture Exchange","No","Health Care","$18,665,683","180,172","Analyze"
"EMX","Emx Royalty Corporation","Canada","","CV:EMX","TSX Venture Exchange","Yes","Materials","$234,883,323","156,344","Analyze"
"ENB","Enbridge Inc","Canada","Canada","CT:ENB","Toronto Stock Exchange","No","Energy","$86,886,855,839","4,053,145","Analyze"
"ENCUF","enCore Energy Corp.","Canada","","CV:EU","TSX Venture Exchange","No","Materials","$316,468,159","346,250","Analyze"
"EPGNF","Epigenomics AG","Germany","","GF:ECX","Frankfurt Stock Exchange","No","Unknown","$17,037,270","8,000","Analyze"
"EPWCF","Empower Clinics Inc","Canada","","CF:CBDT","Canadian Securities Exchange","No","Communication Services","$109,182,560","80,625","Analyze"
"EQX","Equinox Gold Corp.","Canada","Canada","CT:EQX","Toronto Stock Exchange","Yes","Materials","$2,341,782,896","1,474,670","Analyze"
"ERF","Enerplus Corporation","Canada","Canada","CT:ERF","Toronto Stock Exchange","Yes","Health Care","$2,309,049,128","2,051,513","Analyze"
"ERIXF","Telefonaktiebolaget LM Ericsson Class B","Sweden","","SS:ERIC-B","Nasdaq Omx Nordic","No","Information Technology","$3,059,927,640","0","Analyze"
"ERO","Ero Copper Corp.","Canada","Canada","CT:ERO","Toronto Stock Exchange","Yes","Materials","$1,788,325,445","24,188","Analyze"
"ESLOF","Essilor International","France","France","FP:EI","Euronext Paris","Yes","Health Care","$86,486,136,474","0","Analyze"
"ESLT","Elbit Systems Ltd.","Israel","Israel","IT:ESLT","Tel Aviv Stock Exchange","Yes","Industrials","$6,523,148,273","11,088","Analyze"
"ESOCF","Enel SpA","Italy","","IM:ENEL","Borsa Italiana S.P.A.","No","Utilities","$83,595,525,856","0","Analyze"
"EURN","Euronav Nv","Belgium","Belgium","BB:EURN","Nyse Euronext - Euronext Brussels","Yes","Energy","$2,444,474,561","2,523,146","Analyze"
"EXK","Endeavour Silver Corporation","Canada","","CT:EDR","Toronto Stock Exchange","Yes","Materials","$796,054,304","2,478,608","Analyze"
"EXMGF","Excelsior Mining Corp.","Canada","","CV:MIN","TSX Venture Exchange","No","Unknown","$108,723,316","142,500","Analyze"
"EXN","Excellon Resources Inc.","Canada","","CT:EXN","Toronto Stock Exchange","Yes","Materials","$47,507,055","54,753","Analyze"
"EXPGF","Experian PLC","United Kingdom","","LN:EXPN","London Stock Exchange","No","Industrials","$41,551,109,717","6,792","Analyze"
"EXROF","Exro Technologies Inc.","Canada","","CV:EXRO","TSX Venture Exchange","No","Industrials","$266,125,230","612,692","Analyze"
"FCUUF","Fission Uranium Corp.","Canada","","CV:FCU","TSX Venture Exchange","No","Energy","$596,548,912","271,514","Analyze"
"FDVRF","Facedrive Inc.","Canada","","CV:FD","TSX Venture Exchange","No","Information Technology","$85,637,925","24,973","Analyze"
"FFLWF","Fire & Flower Holdings Corp.","Canada","","CT:FAF","Toronto Stock Exchange","No","Unknown","$230,925,774","77,454","Analyze"
"FFMGF","First Mining Gold Corp.","Canada","","CT:FF","Toronto Stock Exchange","No","Materials","$171,042,697","1,391,291","Analyze"
"FFNTF","4Front Ventures Corp.","Canada","","CF:FFNT","Canadian Securities Exchange","No","Consumer Discretionary","$590,476,373","980,064","Analyze"
"FLMMF","Filo Mining Corp","Canada","","CT:FIL","Toronto Stock Exchange","No","Materials","$1,024,211,763","10,700","Analyze"
"FLOOF","Flower One Holdings Inc.","Canada","","CF:FONE","Canadian Securities Exchange","No","Unknown","$36,980,400","14,469","Analyze"
"FLYLF","FLYHT Aerospace Solutions Ltd.","Canada","","CV:FLY","TSX Venture Exchange","No","Industrials","$23,981,568","126,915","Analyze"
"FNV","Franco-Nevada Corporation","Canada","Canada","CT:FNV","Toronto Stock Exchange","Yes","Materials","$26,921,052,070","626,681","Analyze"
"FQVLF","First Quantum Minerals","Canada","","CT:FM","Toronto Stock Exchange","No","Materials","$16,942,561,494","0","Analyze"
"FQVTF","Fevertree Drinks PLC","United Kingdom","United Kingdom","LN:FEVR","London Stock Exchange","Yes","Consumer Staples","$4,102,497,414","2,684","Analyze"
"FRFHF","Fairfax Financial Holdings","Canada","","CT:FFH","Toronto Stock Exchange","No","Financials","$11,357,129,645","0","Analyze"
"FSM","Fortuna Silver Mines Inc","Canada","Canada","CT:FVI","Toronto Stock Exchange","Yes","Materials","$1,340,557,857","3,460,710","Analyze"
"FSNUF","Fresenius SE & Co. KGaA","Germany","","GF:FRE","Frankfurt Stock Exchange","No","Health Care","$21,147,308,430","100","Analyze"
"FSUMF","Fortescue Metals Group Ltd","Australia","","AT:FMG","Asx - All Markets","No","Materials","$33,930,193,396","115,291","Analyze"
"FSV","Firstservice Corporation","Canada","Canada","CT:FSV","Toronto Stock Exchange","Yes","Real Estate","$8,193,732,112","31,147","Analyze"
"FTI","TechnipFMC PLC","United Kingdom","United Kingdom","FP:FTI","Euronext Paris","No","Energy","$3,506,449,734","5,592,283","Analyze"
"FTMDF","Fortune Minerals Limited","Canada","","CT:FT","Toronto Stock Exchange","No","Materials","$36,603,831","47,544","Analyze"
"FTRP","Field Trip Health Ltd.","Canada","","CT:FTRP","Toronto Stock Exchange","Yes","Health Care","$341,591,631","151,919","Analyze"
"FTS","Fortis Inc.","Canada","Canada","CT:FTS","Toronto Stock Exchange","Yes","Utilities","$21,195,054,803","326,083","Analyze"
"FTSSF","First Cobalt Corp.","Canada","","CV:FCC","TSX Venture Exchange","No","Materials","$126,574,782","637,183","Analyze"
"FURY","Fury Gold Mines Limited","Canada","","CT:FURY","Toronto Stock Exchange","Yes","Materials","$83,893,289","233,984","Analyze"
"GAN","GAN Limited","United Kingdom","Bermuda","LN:GAN","London Stock Exchange","Yes","Consumer Discretionary","$673,543,475","516,685","Analyze"
"GATGF","Gatling Exploration Inc.","Canada","","CV:GTR","TSX Venture Exchange","No","Unknown","$11,122,955","20,991","Analyze"
"GBNH","Greenbrook TMS Inc.","Canada","","CT:GTMS","Toronto Stock Exchange","Yes","Health Care","$125,325,270","30,255","Analyze"
"GBOOF","Grupo Financiero Banorte SAB de CV Class O","Mexico","","MM:GFNORTEO","Bolsa Mexicana De Valores (Mexican Stock Exchange)","No","Financials","$19,571,461,632","7,280","Analyze"
"GDRZF","Gold Reserve Inc. Class A","Canada","","CV:GRZ","TSX Venture Exchange","Yes","Materials","$173,941,334","28,828","Analyze"
"GENTF","G5 Entertainment AB","Sweden","","SS:G5EN","Nasdaq Omx Nordic","No","Unknown","$423,187,001","110","Analyze"
"GFL","GFL Environmental Inc. Subordinate voting shares","Canada","Canada","CT:GFL","Toronto Stock Exchange","Yes","Industrials","$12,753,167,815","947,052","Analyze"
"GIB","CGI Group","Canada","Canada","CT:GIB-A","Toronto Stock Exchange","Yes","Information Technology","$20,144,832,464","139,303","Analyze"
"GIL","Gildan Activewear Inc. Class A","Canada","Canada","CT:GIL","Toronto Stock Exchange","Yes","Consumer Discretionary","$7,273,215,918","494,616","Analyze"
"GILT","Gilat Satellite Networks Ltd.","Israel","Israel","IT:GILT","Tel Aviv Stock Exchange","Yes","Information Technology","$480,590,869","401,106","Analyze"
"GLATF","Global Atomic Corporation","Canada","","CT:GLO","Toronto Stock Exchange","No","Unknown","$553,050,077","127,309","Analyze"
"GLAXF","GlaxoSmithKline PLC","United Kingdom","United Kingdom","LN:GSK","London Stock Exchange","Yes","Health Care","$98,533,627,259","818","Analyze"
"GLBXF","Globex Mining Enterprises Inc.","Canada","","CT:GMX","Toronto Stock Exchange","No","Materials","$44,819,582","9,124","Analyze"
"GLDG","GoldMining Inc.","Canada","","CT:GOLD","Toronto Stock Exchange","Yes","Materials","$192,980,178","320,819","Analyze"
"GLGDF","Gogold Resources Inc.","Canada","","CT:GGD","Toronto Stock Exchange","No","Materials","$705,462,437","75,896","Analyze"
"GLOB","Globant Sa","Argentina","Luxembourg","LX:GLOB","Luxembourg Stock Exchange","Yes","Information Technology","$12,440,330,440","368,382","Analyze"
"GLVMF","Golden Valley Mines Ltd.","Canada","","CV:GZZ","TSX Venture Exchange","No","Materials","$144,404,209","18,236","Analyze"
"GNENF","Ganfeng Lithium Co Ltd","China","","HK:1772","Hong Kong Exchange","No","Materials","$5,541,933,075","16,962","Analyze"
"GOGL","Golden Ocean Group Ltd","Norway","Bermuda","NO:GOGL","Oslo Bors Asa","Yes","Industrials","$2,020,547,594","1,700,572","Analyze"
"GOLD","Barrick Gold Corporation","Canada","Canada","CT:ABX","Toronto Stock Exchange","Yes","Materials","$34,340,954,882","17,515,777","Analyze"
"GOOS","Canada Goose Holdings Inc. Subordinate Voting Shares","Canada","Canada","CT:GOOS","Toronto Stock Exchange","Yes","Consumer Discretionary","$2,190,284,559","626,353","Analyze"
"GP","GreenPower Motor Company Inc.","Canada","Bangladesh","CV:GPV","TSX Venture Exchange","Yes","Consumer Discretionary","$302,063,106","110,038","Analyze"
"GPDNF","Danone SA","France","France","FP:BN","Euronext Paris","Yes","Consumer Staples","$44,341,766,891","895","Analyze"
"GPL","Great Panther Silver Limited","Canada","","CT:GPR","Toronto Stock Exchange","Yes","Materials","$157,989,069","1,458,578","Analyze"
"GRIN","Grindrod Shipping Holdings Ltd.","South Africa","","SJ:GSH","Johannesburg Stock Exchange","No","Industrials","$301,977,440","294,736","Analyze"
"GSS","Golden Star Resources","Canada","Canada","CT:GSC","Toronto Stock Exchange","Yes","Materials","$318,243,879","458,763","Analyze"
"GSV","Gold Standard Ventures Corporation","Canada","","CT:GSV","Toronto Stock Exchange","Yes","Materials","$162,625,885","685,059","Analyze"
"GTBAF","Great Bear Resources Ltd. Class A","Canada","","CV:GBR","TSX Venture Exchange","No","Unknown","$771,570,366","10,947","Analyze"
"GTBIF","Green Thumb Industries Inc.","Canada","","CF:GTII","Canadian Securities Exchange","No","Consumer Discretionary","$4,693,166,788","221,054","Analyze"
"GTE","Gran Tierra Energy Inc.","Canada","USA","CT:GTE","Toronto Stock Exchange","No","Energy","$315,723,035","11,924,338","Analyze"
"GUKYF","Gulf Keystone Petroleum Limited","United Kingdom","","LN:GKP","London Stock Exchange","No","Energy","$647,605,285","520","Analyze"
"HBM","Hudbay Minerals Inc","Canada","Canada","CT:HBM","Toronto Stock Exchange","Yes","Consumer Discretionary","$1,937,845,690","1,437,828","Analyze"
"HEOFF","H2O Innovation Inc.","Canada","","CV:HEO","TSX Venture Exchange","No","Industrials","$165,578,109","37,864","Analyze"
"HERTF","Heritage Cannabis Holdings Corp.","Canada","","CF:CANN","Canadian Securities Exchange","No","Unknown","$36,902,129","49,968","Analyze"
"HEXO","HEXO Corp.","Canada","","CT:HEXO","Toronto Stock Exchange","Yes","Health Care","$590,015,067","7,194,655","Analyze"
"HINKF","Heineken N.V.","The Netherlands","The Netherlands","NA:HEIA","Nyse Euronext - Euronext Amsterdam","Yes","Consumer Staples","$60,879,040,974","335","Analyze"
"HIVE","Hive Blockchain Technologies Ltd.","Canada","","CV:HIVE","TSX Venture Exchange","Yes","Information Technology","$1,400,686,971","6,253,580","Analyze"
"HKHHF","Heineken Holding N.V.","The Netherlands","","NA:HEIA","Nyse Euronext - Euronext Amsterdam","No","Consumer Staples","$25,461,866,851","126,325","Analyze"
"HMRZF","H & M Hennes & Mauritz Class B","Sweden","Sweden","SS:HM-B","Nasdaq Omx Nordic","Yes","Consumer Discretionary","$29,067,372,800","11,748","Analyze"
"HOCPF","Hoya Corp","Japan","","JT:7741","Tokyo Stock Exchange","No","Health Care","$57,599,574,716","0","Analyze"
"HRVOF","Harvest One Cannabis Inc.","Canada","","CV:HVT","TSX Venture Exchange","No","Unknown","$14,222,385","83,412","Analyze"
"HRVSF","Harvest Health & Recreation Inc.","Canada","","CF:HARV","Canadian Securities Exchange","No","Unknown","$877,002,243","281,483","Analyze"
"HSDT","Helius Medical Technologies Inc. Class A","Canada","USA","CT:HSM","Toronto Stock Exchange","No","Health Care","$31,678,147","8,532","Analyze"
"HSSHF","Digihost Technology Inc.","Canada","","CV:DGHI","TSX Venture Exchange","No","Communication Services","$135,159,896","91,664","Analyze"
"HUGE","FSD Pharma Inc. - Class B Subordinate Voting Shares","Canada","USA","CF:HUGE","Canadian Securities Exchange","Yes","Communication Services","$55,427,443","348,934","Analyze"
"HUT","Hut 8 Mining Corp.","Canada","","CT:HUT","Toronto Stock Exchange","Yes","Financials","$1,965,328,105","13,465,743","Analyze"
"IAG","Iamgold Corp","Canada","Canada","CT:IMG","Toronto Stock Exchange","Yes","Financials","$1,368,088,800","6,930,167","Analyze"
"ICL","Israel Chemicals Limited","Israel","Israel","IT:ICL","Tel Aviv Stock Exchange","Yes","Materials","$10,619,929,986","254,328","Analyze"
"IDBA","IDEX Biometrics ASA","Norway","","NO:IDEX","Oslo Bors Asa","Yes","Information Technology","$261,164,565","614","Analyze"
"IDEXF","Industria de Diseño Textil, S.A.","Spain","","SM:ITX","Bolsa De Madrid","No","Consumer Discretionary","$114,761,359,944","0","Analyze"
"IDXAF","IDEX Biometrics ASA","Norway","","NO:IDEX","Oslo Bors Asa","No","Information Technology","$261,164,565","1,250","Analyze"
"IFNNF","Infineon Technologies AG","Germany","","GF:IFX","Frankfurt Stock Exchange","No","Information Technology","$57,767,421,495","200","Analyze"
"IGXT","Intelgenx Technologies Corp.","Canada","","CV:IGX","TSX Venture Exchange","No","Health Care","$64,260,403","166,825","Analyze"
"IMBBF","Imperial Brands PLC","United Kingdom","","LN:IMB","London Stock Exchange","No","Consumer Staples","$19,996,656,766","581","Analyze"
"IMO","Imperial Oil Limited","Canada","Canada","CT:IMO","Toronto Stock Exchange","No","Energy","$23,982,950,874","452,365","Analyze"
"IMV","IMV Inc.","Canada","","CT:IMV","Toronto Stock Exchange","Yes","Health Care","$129,785,354","222,834","Analyze"
"INM","InMed Pharmaceuticals Inc.","Canada","","CT:IN","Toronto Stock Exchange","No","Health Care","$15,565,876","981,711","Analyze"
"IPA","ImmunoPrecise Antibodies Ltd.","Canada","","CV:IPA","TSX Venture Exchange","Yes","Health Care","$124,002,668","77,261","Analyze"
"IPNFF","ImagineAR Inc.","Canada","","CF:IP","Canadian Securities Exchange","No","Information Technology","$11,221,093","146,599","Analyze"
"IPOOF","InPlay Oil Corp.","Canada","","CT:IPO","Toronto Stock Exchange","No","Energy","$94,928,126","8,232","Analyze"
"ISENF","IsoEnergy Ltd.","Canada","","CV:ISO","TSX Venture Exchange","No","Energy","$386,159,720","48,216","Analyze"
"ITHUF","iAnthus Capital Holdings Inc.","Canada","","CF:IAN","Canadian Securities Exchange","No","Unknown","$29,192,093","155,781","Analyze"
"ITRG","Integra Resources Corp.","Canada","","CV:ITR","TSX Venture Exchange","Yes","Materials","$141,604,655","127,877","Analyze"
"ITXXF","Itaconix plc","United Kingdom","","LN:ITX","London Stock Exchange","No","Communication Services","$31,929,319","1,000","Analyze"
"IVPAF","Ivanhoe Mines Ltd. Class A","Canada","","CT:IVN","Toronto Stock Exchange","No","Materials","$9,826,922,079","40,331","Analyze"
"JAPAF","Japan Tobacco","Japan","","JT:2914","Tokyo Stock Exchange","No","Consumer Staples","$39,480,000,000","89","Analyze"
"JDCMF","JD.Com Inc","China","","HK:9618","Hong Kong Exchange","No","Consumer Discretionary","$132,051,184,259","0","Analyze"
"JRNGF","Journey Energy Inc.","Canada","","CT:JOY","Toronto Stock Exchange","No","Energy","$62,257,954","5,181","Analyze"
"JRVMF","Jervois Mining Limited","Australia","","AT:JRV","Asx - All Markets","No","Unknown","$689,375,897","256,979","Analyze"
"JSNSF","J Sainsbury plc","United Kingdom","","LN:SBRY","London Stock Exchange","No","Consumer Staples","$9,562,856,179","1,327","Analyze"
"JUSHF","Jushi Holdings Inc Class B","Canada","","CF:JUSH","Canadian Securities Exchange","No","Consumer Discretionary","$734,754,811","566,393","Analyze"
"KGC","Kinross Gold Corporation","Canada","Canada","CT:K","Toronto Stock Exchange","Yes","Materials","$7,696,592,120","11,064,786","Analyze"
"KHRNF","Khiron Life Sciences Corp.","Canada","","CV:KHRN","TSX Venture Exchange","No","Unknown","$38,993,786","354,511","Analyze"
"KIQ","Kelso Technologies Inc","Canada","","CT:KLS","Toronto Stock Exchange","Yes","Industrials","$33,021,180","256,525","Analyze"
"KL","Kirkland Lake Gold Ltd.","Canada","Canada","CT:KL","Toronto Stock Exchange","Yes","Materials","$12,056,976,591","2,073,563","Analyze"
"KMDA","Kamada Ltd.","Israel","Israel","IT:KMDA","Tel Aviv Stock Exchange","Yes","Health Care","$234,453,126","34,060","Analyze"
"KNRLF","Kontrol Energy Corp.","Canada","","CF:KNR","Canadian Securities Exchange","No","Information Technology","$94,222,230","32,839","Analyze"
"KNTNF","K92 Mining Inc.","Canada","","CV:KNT","TSX Venture Exchange","No","Materials","$1,238,915,588","82,490","Analyze"
"KNYJF","Kone Oyj","Finland","","FH:KNEBV","Nasdaq Omx Helsinki Ltd.","No","Industrials","$31,428,528,714","0","Analyze"
"KOR","Corvus Gold Inc.","Canada","","CT:KOR","Toronto Stock Exchange","No","Materials","$412,761,278","143,488","Analyze"
"KPLUF","K+S AG","Germany","","GF:SDF","Frankfurt Stock Exchange","No","Materials","$3,052,830,000","935","Analyze"
"KRRGF","Karora Resources Inc","Canada","","CT:KRR","Toronto Stock Exchange","No","Materials","$507,288,494","0","Analyze"
"KYCCF","Keyence Corp","Japan","","JT:6861","Tokyo Stock Exchange","No","Information Technology","$147,140,648,820","0","Analyze"
"LAC","Lithium Americas Corp.","Canada","Canada","CT:LAC","Toronto Stock Exchange","Yes","Materials","$3,150,009,687","4,501,620","Analyze"
"LEV","The Lion Electric Company","Canada","","CT:LEV","Toronto Stock Exchange","Yes","Industrials","$2,158,035,987","952,270","Analyze"
"LEXX","Lexaria Bioscience Corp.","Canada","","CF:LXX","Canadian Securities Exchange","No","Health Care","$34,760,501","115,636","Analyze"
"LGO","Largo Resources Ltd.","Canada","Canada","CT:LGO","Toronto Stock Exchange","Yes","Materials","$747,589,805","100,501","Analyze"
"LIACF","American Lithium Corp.","Canada","","CV:LI","TSX Venture Exchange","No","Materials","$482,581,580","357,469","Analyze"
"LMGDF","Lumina Gold Corp.","Canada","","CV:LUM","TSX Venture Exchange","No","Materials","$153,753,004","277,550","Analyze"
"LMNL","Liminal BioSciences Inc.","Canada","","CT:LMNL","Toronto Stock Exchange","Yes","Health Care","$57,791,609","90,011","Analyze"
"LMRMF","Lomiko Metals Inc.","Canada","","CV:LMR","TSX Venture Exchange","No","Materials","$20,238,631","3,188,506","Analyze"
"LOGI","Logitech International SA","Switzerland","USA","SE:LOGN","Six Swiss Exchange","No","Information Technology","$15,572,671,535","909,756","Analyze"
"LOMLF","Lion One Metals Limited","Canada","","CV:LIO","TSX Venture Exchange","No","Materials","$139,325,354","78,450","Analyze"
"LSPD","Lightspeed POS Inc. Subordinate Voting Shares","Canada","Canada","CT:LSPD","Toronto Stock Exchange","Yes","Information Technology","$14,377,917,923","1,743,875","Analyze"
"LTMCF","Lithium Chile Inc","Canada","","CV:LITH","TSX Venture Exchange","No","Materials","$56,816,965","55,161","Analyze"
"LYSCF","Lynas Rare Earths Limited","Malaysia","","AT:LYC","Asx - All Markets","No","Materials","$4,964,165,959","0","Analyze"
"MAG","Mag Silver Corporation","Canada","Canada","CT:MAG","Toronto Stock Exchange","Yes","Materials","$1,682,962,279","398,362","Analyze"
"MAKOF","Mako Mining Corp.","Canada","","CV:MKO","TSX Venture Exchange","No","Materials","$210,978,875","106,022","Analyze"
"MAXR","Maxar Technologies Ltd.","Canada","USA","CT:MAXR","Toronto Stock Exchange","No","Industrials","$2,144,434,283","652,607","Analyze"
"MBAIF","CIBT Education Group Inc","Canada","","CT:MBA","Toronto Stock Exchange","No","Consumer Discretionary","$35,443,979","2,167","Analyze"
"MDNA","Medicenna Therapeutics Corp.","Canada","","CT:MDNA","Toronto Stock Exchange","Yes","Health Care","$129,225,084","98,060","Analyze"
"MEDIF","MediPharm Labs Corp.","Canada","","CT:LABS","Toronto Stock Exchange","No","Health Care","$59,620,938","76,981","Analyze"
"MEOH","Methanex Corporation","Canada","","CT:MX","Toronto Stock Exchange","Yes","Materials","$3,649,662,419","479,603","Analyze"
"MFC","Manulife Financial Corporation","Canada","Canada","CT:MFC","Toronto Stock Exchange","Yes","Financials","$39,313,154,447","3,877,745","Analyze"
"MGA","Magna International","Canada","","CT:MG","Toronto Stock Exchange","Yes","Consumer Discretionary","$24,947,506,710","1,151,422","Analyze"
"MGDPF","Marathon Gold Corporation","Canada","","CV:MOZ","TSX Venture Exchange","No","Materials","$586,518,516","162,025","Analyze"
"MGIC","Magic Software Enterprises Ltd.","Israel","","IT:MGIC","Tel Aviv Stock Exchange","Yes","Information Technology","$1,049,350,177","32,222","Analyze"
"MGPHF","Mason Graphite Inc.","Canada","","CV:LLG","TSX Venture Exchange","No","Materials","$47,961,361","279,090","Analyze"
"MIMZF","Nighthawk Gold Corp.","Canada","","CT:NHK","Toronto Stock Exchange","No","Materials","$57,968,100","5,435","Analyze"
"MISVF","Minco Silver Corporation","Canada","","CT:MSV","Toronto Stock Exchange","No","Materials","$20,138,277","61,703","Analyze"
"MJARF","MJardin Group Inc.","Canada","","CF:MJAR","Canadian Securities Exchange","No","Unknown","$1,412,165","134,472","Analyze"
"MKGAF","Merck Kgaa","Germany","","GF:MRK","Frankfurt Stock Exchange","No","Health Care","$29,539,608,660","0","Analyze"
"MLLOF","Medallion Resources Ltd.","Canada","","CV:MDL","TSX Venture Exchange","No","Materials","$8,753,246","1,444,153","Analyze"
"MLNLF","Millennial Lithium Corp.","Canada","","CV:ML","TSX Venture Exchange","No","Materials","$286,733,902","29,861","Analyze"
"MLRKF","Millrock Resources Inc.","Canada","","CV:MRO","TSX Venture Exchange","No","Materials","$7,456,447","430,043","Analyze"
"MLYF","Western Magnesium Corp.","Canada","","CV:WMG","TSX Venture Exchange","No","Materials","$235,487,308","250,015","Analyze"
"MMNFF","MedMen Enterprises Inc. Class B","Canada","","CF:MMEN","Canadian Securities Exchange","No","Health Care","$138,095,005","2,793,073","Analyze"
"MMRGF","Minaurum Gold Inc.","Canada","","CV:MGG","TSX Venture Exchange","No","Materials","$110,698,324","104,275","Analyze"
"MMX","Maverix Metals Inc.","Canada","","CT:MMX","Toronto Stock Exchange","Yes","Materials","$705,891,518","128,689","Analyze"
"MNDJF","Mandalay Resources Corporation","Canada","","CT:MND","Toronto Stock Exchange","No","Materials","$183,052,353","13,930","Analyze"
"MNMD","Mind Medicine (MindMed) Inc.","Canada","Canada","QF:NMED","Aequitas NEO Exchange (Lit Book)","Yes","Health Care","$1,047,338,486","2,093,568","Analyze"
"MOGO","Mogo Finance Technology Inc.","Canada","","CT:MOGO","Toronto Stock Exchange","Yes","Financials","$381,887,963","1,014,207","Analyze"
"MPNGF","Meituan Dianping Ord Cl B","China","","HK:3690","Hong Kong Exchange","No","Consumer Discretionary","$206,051,931,030","0","Analyze"
"MPXOF","MPX International Corp.","Canada","","CF:MPXI","Canadian Securities Exchange","No","Unknown","$10,530,635","19,197","Analyze"
"MTA","Metalla Royalty & Streaming Ltd.","Canada","","CV:MTA","TSX Venture Exchange","Yes","Materials","$334,057,976","190,825","Analyze"
"MTSFF","Mitsui Fudosan Co Ltd","Japan","","JT:8801","Tokyo Stock Exchange","No","Real Estate","$22,549,796,354","0","Analyze"
"MURGF","Münchener Ruckversicherungs","Germany","Germany","GF:MUV2","Frankfurt Stock Exchange","Yes","Financials","$41,189,085,714","2","Analyze"
"MVMDF","Mountain Valley MD Holdings Inc.","Canada","","CF:MVMD","Canadian Securities Exchange","No","Health Care","$63,850,618","0","Analyze"
"NAK","Northern Dynasty Minerals Ltd.","Canada","","CT:NDM","Toronto Stock Exchange","Yes","Materials","$225,934,873","11,801,869","Analyze"
"NCLTF","Nitori Holdings Co Ltd","Japan","","JT:9843","Tokyo Stock Exchange","No","Consumer Discretionary","$20,144,916,383","458","Analyze"
"NDVAF","Indiva Ltd.","Canada","","CV:NDVA","TSX Venture Exchange","No","Unknown","$46,889,798","36,678","Analyze"
"NEM","Newmont Corporation","USA","USA","CT:NGT","Toronto Stock Exchange","No","Materials","$45,542,197,750","5,834,742","Analyze"
"NEPT","Neptune Wellness Solutions Inc","Canada","","CT:NEPT","Toronto Stock Exchange","Yes","Health Care","$87,819,758","1,201,901","Analyze"
"NESRF","Northern Star Resources Limited","Australia","","AT:NST","Asx - All Markets","No","Materials","$8,303,677,849","7,860","Analyze"
"NEVPF","NeuroVive Pharmaceutical AB","Sweden","","SS:NVP","Nasdaq Omx Nordic","No","Unknown","$28,210,476","600","Analyze"
"NEWP","New Pacific Metals Corp.","Canada","","CT:NUAG","Toronto Stock Exchange","Yes","Materials","$516,319,537","128,965","Analyze"
"NEXA","Nexa Resources S.A.","Brazil","","CT:NEXA","Toronto Stock Exchange","Yes","Materials","$1,476,690,513","272,768","Analyze"
"NEXCF","NexTech AR Solutions Corp.","Canada","","CF:NTAR","Canadian Securities Exchange","No","Consumer Discretionary","$131,782,519","1,250,585","Analyze"
"NFGC","New Found Gold Corp","Canada","","CV:NFG","TSX Venture Exchange","Yes","Materials","$1,206,249,413","166,903","Analyze"
"NG","Novagold Resources Inc.","Canada","Canada","CT:NG","Toronto Stock Exchange","No","Materials","$2,487,384,855","874,451","Analyze"
"NGD","New Gold Inc.","Canada","Canada","CT:NGD","Toronto Stock Exchange","Yes","Materials","$925,949,275","7,015,504","Analyze"
"NGENF","NervGen Pharma Corp.","Canada","","CV:NGEN","TSX Venture Exchange","No","Health Care","$83,446,954","64,774","Analyze"
"NGGTF","National Grid PLC","United Kingdom","United Kingdom","LN:NG","London Stock Exchange","Yes","Utilities","$45,154,329,445","0","Analyze"
"NHYKF","Norsk Hydro ASA","Norway","","NO:NHY","Oslo Bors Asa","No","Materials","$17,556,071,071","3,724","Analyze"
"NIOBF","NioCorp Developments Ltd.","Canada","","CV:NB","TSX Venture Exchange","No","Materials","$212,120,313","830,650","Analyze"
"NMG","Nouveau Monde Graphite Inc.","Canada","","CV:NOU","TSX Venture Exchange","Yes","Materials","$413,616,057","112,534","Analyze"
"NNXPF","NanoXplore Inc.","Canada","","CV:GRA","TSX Venture Exchange","No","Unknown","$864,555,703","14,112","Analyze"
"NOA","North American Construction Group Ltd.","Canada","","CT:NOA","Toronto Stock Exchange","Yes","Energy","$491,133,198","29,358","Analyze"
"NOKBF","Nokia Corporation","Finland","","FH:NOKIA","Nasdaq Omx Helsinki Ltd.","No","Information Technology","$33,201,447,780","513,573","Analyze"
"NSCIF","Nanalysis Scientific Corp","Canada","","CV:NSCI","TSX Venture Exchange","No","Unknown","$75,472,307","10,000","Analyze"
"NSR","Nomad Royalty Company Ltd.","Canada","","CT:NSR","Toronto Stock Exchange","Yes","Materials","$408,365,351","15,654","Analyze"
"NSRCF","NextSource Materials Inc","Canada","","CT:NEXT","Toronto Stock Exchange","No","Materials","$254,181,296","292,927","Analyze"
"NSRGF","Nestle SA","Switzerland","Switzerland","VX:NESN","Six Swiss - Blue Chips Segment","Yes","Consumer Staples","$351,957,365,000","4,358","Analyze"
"NSRPF","Novo Resources Corp.","Canada","","CV:NVO","TSX Venture Exchange","No","Materials","$320,371,968","164,955","Analyze"
"NSRXF","Nomad Royalty Company Ltd.","Canada","","CT:NSR","Toronto Stock Exchange","No","Materials","$400,719,121","0","Analyze"
"NTR","Nutrien Ltd.","Canada","Canada","CT:NTR","Toronto Stock Exchange","Yes","Materials","$41,015,761,653","1,889,935","Analyze"
"NTSFF","Nanotech Security Corp.","Canada","","CV:NTS","TSX Venture Exchange","No","Industrials","$93,848,963","48,595","Analyze"
"NTTHF","Neo Lithium Corp.","Canada","","CV:NLC","TSX Venture Exchange","No","Unknown","$718,539,683","333,081","Analyze"
"NVCN","Neovasc Inc.","Canada","","CT:NVCN","TSX Venture Exchange","Yes","Health Care","$50,021,197","382,241","Analyze"
"NVEI","Nuvei Corporation","Canada","","CT:NVEI","Toronto Stock Exchange","Yes","Information Technology","$25,239,489,121","117,350","Analyze"
"NVMI","Nova Measuring Instruments Ltd.","Israel","Israel","IT:NOVA","Tel Aviv Stock Exchange","Yes","Information Technology","$2,944,566,970","71,386","Analyze"
"NVNXF","Novonix Limited","Australia","","AT:NVX","Asx - All Markets","No","Unknown","$2,099,153,235","0","Analyze"
"NVSEF","Novartis AG","Switzerland","Switzerland","VX:NOVN","Six Swiss - Blue Chips Segment","Yes","Health Care","$202,422,099,498","773","Analyze"
"NXE","Nexgen Energy Ltd.","Canada","Canada","CT:NXE","Toronto Stock Exchange","Yes","Materials","$2,967,035,936","2,967,281","Analyze"
"NXGWF","Next Green Wave Holdings Inc.","Canada","","CF:NGW","Canadian Securities Exchange","No","Unknown","$60,778,081","117,922","Analyze"
"NXOPF","Nexoptic Technology Corp","Canada","","CV:NXO","TSX Venture Exchange","No","Information Technology","$104,322,282","182,122","Analyze"
"NXTTF","Namaste Technologies Inc.","Canada","","CV:N","TSX Venture Exchange","No","Consumer Discretionary","$35,631,863","186,856","Analyze"
"OGI","Organigram Holdings Inc.","Canada","Canada","CV:OGI","TSX Venture Exchange","Yes","Health Care","$707,563,199","4,947,589","Analyze"
"OLNCF","Omni-Lite Industries Canada Inc.","Canada","","CV:OML","TSX Venture Exchange","No","Industrials","$7,673,019","5,000","Analyze"
"OMVJF","OMV AG","Austria","Austria","AV:OMV","Wiener Boerse Ag","Yes","Energy","$20,027,781,801","3,596","Analyze"
"OMZNF","Osisko Metals Incorporated","Canada","","CT:OM","Toronto Stock Exchange","No","Unknown","$60,176,367","15,192","Analyze"
"ONCY","Oncolytics Biotech Inc.","Canada","","CT:ONC","Toronto Stock Exchange","Yes","Health Care","$123,109,665","197,340","Analyze"
"OPSSF","Opsens Inc.","Canada","","CT:OPS","Toronto Stock Exchange","No","Health Care","$269,717,315","52,245","Analyze"
"OR","Osisko Gold Royalties Ltd","Canada","Canada","CT:OR","Toronto Stock Exchange","Yes","Consumer Staples","$2,023,389,959","636,427","Analyze"
"ORLA","Orla Mining Ltd.","Canada","","CT:OLA","Toronto Stock Exchange","Yes","Materials","$828,231,515","166,263","Analyze"
"ORRCF","Oroco Resource Corp","Canada","","CV:OCO","TSX Venture Exchange","No","Materials","$437,286,182","88,975","Analyze"
"ORZCF","Orezone Gold Corporation","Canada","","CV:ORE","TSX Venture Exchange","No","Materials","$322,660,265","100,179","Analyze"
"OTEX","Open Text Corporation","Canada","Canada","CT:OTEX","Toronto Stock Exchange","No","Information technology","$13,650,213,064","310,602","Analyze"
"OTSKF","Otsuka Holdings Co Ltd","Japan","","JT:4578","Tokyo Stock Exchange","No","Health Care","$23,205,961,667","2,016","Analyze"
"OYIEF","Ocean Yield ASA","Norway","","NO:OCY","Oslo Bors Asa","No","Energy","$841,375,560","236","Analyze"
"PAAS","Pan American Silver Corp.","Canada","Canada","CT:PAAS","Toronto Stock Exchange","Yes","Materials","$5,320,574,441","1,845,255","Analyze"
"PAFRF","Pan African Resources PLC","South Africa","","LN:PAF","London Stock Exchange","No","Materials","$482,692,508","2,250","Analyze"
"PBA","Pembina Pipeline Corp.","Canada","Canada","CT:PPL","Toronto Stock Exchange","Yes","Energy","$18,691,672,833","820,212","Analyze"
"PBTHF","PointsBet Holdings Ltd.","Australia","","AT:PBH","Asx - All Markets","No","Consumer Discretionary","$2,025,701,401","3,372","Analyze"
"PCLOF","PharmaCielo Ltd.","Canada","","CV:PCLO","TSX Venture Exchange","No","Unknown","$133,830,380","190,116","Analyze"
"PDS","Precision Drilling Corp","Canada","Canada","CT:PD","Toronto Stock Exchange","Yes","Energy","$648,723,763","45,667","Analyze"
"PGPEF","Publicis Groupe SA","France","","FP:PUB","Euronext Paris","No","Communication Services","$17,324,359,365","5,140","Analyze"
"PKKFF","Peak Fintech Group Inc.","Canada","","CF:PKK","Canadian Securities Exchange","No","Information Technology","$660,830,496","0","Analyze"
"PLG","Platinum Group Metals Ltd.","Canada","","CT:PTM","Toronto Stock Exchange","Yes","Materials","$182,711,012","1,068,862","Analyze"
"PLM","Polymet Mining Corporation","Canada","Canada","CT:POM","Toronto Stock Exchange","Yes","Materials","$322,807,424","90,595","Analyze"
"PLNHF","Planet 13 Holdings Inc.","Canada","","CF:PLTH","Canadian Securities Exchange","No","Consumer Discretionary","$859,233,205","325,528","Analyze"
"PLPRF","Plus Products Inc.","Canada","","CF:PLUS","Canadian Securities Exchange","No","Unknown","$17,280,455","438,903","Analyze"
"PLRTF","Plymouth Rock Technologies Inc.","Canada","","CF:PRT","Canadian Securities Exchange","No","Industrials","$21,588,082","349,859","Analyze"
"PLSDF","Pulse Seismic Inc.","Canada","","CT:PSD","Toronto Stock Exchange","No","Energy","$76,924,443","4,800","Analyze"
"POETF","POET Technologies Inc.","Canada","","CV:PTK","TSX Venture Exchange","No","Information Technology","$288,835,811","408,593","Analyze"
"PPCCF","PICC Property and Casualty Company","China","","HK:2328","Hong Kong Exchange","No","Financials","$6,082,417,590","0","Analyze"
"PPTA","Perpetua Resources Corp.","Canada","Canada","CT:PPTA","Toronto Stock Exchange","Yes","Materials","$303,963,700","86,871","Analyze"
"PRMNF","Prime Mining Corp.","Canada","","CV:PRYM","TSX Venture Exchange","No","Materials","$383,329,029","814","Analyze"
"PROBF","Probe Metals Inc.","Canada","","CV:PRB","TSX Venture Exchange","No","Materials","$203,911,288","64,689","Analyze"
"PROF","Profound Medical Corp.","Canada","","CT:PRN","Toronto Stock Exchange","Yes","Health Care","$305,802,030","63,313","Analyze"
"PSHIF","PetroShale Inc.","Canada","","CV:PSH","TSX Venture Exchange","No","Energy","$57,317,101","100","Analyze"
"PTOTF","Patriot One Technologies Inc.","Canada","","CT:PAT","Toronto Stock Exchange","No","Unknown","$55,950,464","85,436","Analyze"
"PTRUF","Petrus Resources Ltd.","Canada","","CT:PRQ","Toronto Stock Exchange","No","Energy","$61,548,935","6,644","Analyze"
"PUFLF","Purifloh Limited","Australia","","AT:PO3","Asx - All Markets","No","Unknown","$45,488,408","0","Analyze"
"PVG","Pretium Resources Inc","Canada","Canada","CT:PVG","Toronto Stock Exchange","Yes","Materials","$2,061,241,707","858,099","Analyze"
"PXCLF","Phoenix Copper Ltd.","United Kingdom","","LN:PXC","","No","Unknown","$94,795,418","2,900","Analyze"
"PYR","PyroGenesis Canada Inc.","Canada","","CT:PYR","Toronto Stock Exchange","Yes","Industrials","$674,851,142","120,199","Analyze"
"QSR","Restaurant Brands International Inc.","Canada","Canada","CT:QSR","Toronto Stock Exchange","No","Consumer Discretionary","$18,855,532,423","1,034,879","Analyze"
"QTRHF","Quarterhill Inc","Canada","","CT:QTRH","Toronto Stock Exchange","No","Information Technology","$261,186,676","5,082","Analyze"
"RACE","Ferrari N.V.","Italy","The Netherlands","IM:RACE","Borsa Italiana S.P.A.","Yes","Consumer Discretionary","$41,511,003,404","237,184","Analyze"
"RBA","Ritchie Bros Auctioneers Inc","Canada","Canada","CT:RBA","Toronto Stock Exchange","No","Industrials","$7,507,898,687","333,998","Analyze"
"RCI","Rogers Communication","Canada","","CT:RCI-B","Toronto Stock Exchange","Yes","Communication Services","$19,243,633,095","214,214","Analyze"
"RDDTF","Radient Technologies Inc","Canada","","CV:RTI","TSX Venture Exchange","No","Unknown","$19,190,741","69,495","Analyze"
"REAX","The Real Brokerage, Inc.","Canada","","CV:REAX","TSX Venture Exchange","Yes","Real Estate","$336,656,566","99,866","Analyze"
"RECAF","Reconnaissance Energy Africa Ltd.","Canada","","CV:RECO","TSX Venture Exchange","No","Energy","$930,232,380","463,557","Analyze"
"REPYF","Repsol SA","Spain","","SM:REP","Bolsa De Madrid","No","Energy","$20,454,429,723","0","Analyze"
"REZZF","Global Battery Metals Ltd.","Canada","","CV:GBML","TSX Venture Exchange","No","Materials","$11,926,011","97,576","Analyze"
"RFP","Resolute Forest Products Inc","Canada","USA","CT:RFP","Toronto Stock Exchange","No","Materials","$1,051,348,829","462,497","Analyze"
"RHHBF","Roche Holding AG","Switzerland","","SE:RO","Six Swiss Exchange","No","Health Care","$67,441,600,000","2,198","Analyze"
"RHHVF","Roche Holding AG Dividends Rights Certificate","Switzerland","Switzerland","VX:ROG","Six Swiss - Blue Chips Segment","Yes","Health Care","$270,486,639,500","5,811","Analyze"
"RIOFF","Rio2 Ltd.","Canada","","CV:RIO","TSX Venture Exchange","No","Unknown","$131,821,616","114,356","Analyze"
"RKUNF","Rakuten Inc","Japan","","JT:4755","Tokyo Stock Exchange","No","Consumer Discretionary","$16,556,680,232","0","Analyze"
"RLFTF","Relief Therapeutics Holding AG","Switzerland","","SW:RLF","","No","Health Care","$259,803,530","4,639,333","Analyze"
"RLXXF","RELX PLC","United Kingdom","United Kingdom","LN:REL","London Stock Exchange","Yes","Industrials","$58,883,907,845","4,191","Analyze"
"ROMJF","Rubicon Organics Inc.","Canada","","CF:ROMJ","Canadian Securities Exchange","No","Unknown","$113,646,154","3,681","Analyze"
"RVVTF","Revive Therapeutics Ltd","Canada","","CF:RVV","Canadian Securities Exchange","No","Health Care","$113,251,047","513,460","Analyze"
"RY","Royal Bank Of Canada","Canada","Canada","CT:RY","Toronto Stock Exchange","Yes","Financials","$151,562,044,800","975,497","Analyze"
"RYES","Rise Gold Corp","Canada","","CF:RISE","Canadian Securities Exchange","No","Materials","$10,306,565","9,017","Analyze"
"SA","Seabridge Gold","Canada","","CT:SEA","Toronto Stock Exchange","Yes","Materials","$1,353,751,846","266,714","Analyze"
"SAND","Sandstorm Gold Ltd","Canada","Sweden","CT:SSL","Toronto Stock Exchange","Yes","Industrials","$1,272,671,631","1,608,854","Analyze"
"SAPGF","SAP SE","Germany","","GF:SAP","Frankfurt Stock Exchange","No","Information Technology","$177,420,242,665","0","Analyze"
"SBSW","D/B/A Sibanye-Stillwater Limited","South Africa","USA","SJ:SSW","Johannesburg Stock Exchange","Yes","Materials","$10,629,505,719","3,321,289","Analyze"
"SEOVF","Sernova Corp.","Canada","","CV:SVA","TSX Venture Exchange","No","Health Care","$264,535,624","34,720","Analyze"
"SGML","Sigma Lithium Corporation","Canada","","CV:SGML","TSX Venture Exchange","Yes","Materials","$838,350,835","88,689","Analyze"
"SGSVF","Sabina Gold & Silver Corp.","Canada","","CT:SBB","Toronto Stock Exchange","No","Materials","$454,742,779","333,515","Analyze"
"SHECF","Shin-Etsu Chemical Co Ltd","Japan","","JT:4063","Tokyo Stock Exchange","No","Materials","$71,696,000,117","839","Analyze"
"SHMDF","Shimano Inc","Japan","","JT:7309","Tokyo Stock Exchange","No","Consumer Discretionary","$24,664,447,200","0","Analyze"
"SHOP","Shopify Inc. Class A","Canada","Canada","CT:SHOP","Toronto Stock Exchange","Yes","Information Technology","$179,048,013,140","787,886","Analyze"
"SII","Sprott Inc.","Canada","Canada","CT:SII","Toronto Stock Exchange","Yes","Financials","$987,567,851","74,743","Analyze"
"SILEF","Silver Elephant Mining Corp","Canada","","CT:ELEF","Toronto Stock Exchange","No","Unknown","$47,834,045","1,560,339","Analyze"
"SILV","Silvercrest Metals Inc.","Canada","","CT:SIL","Toronto Stock Exchange","Yes","Materials","$1,083,687,171","586,999","Analyze"
"SILXF","Silex Systems Limited","Australia","","AT:SLX","Asx - All Markets","No","Unknown","$226,998,704","1,000","Analyze"
"SJR","Shaw Communications Inc. (Class B)","Canada","","CT:SJR-B","Toronto Stock Exchange","Yes","Consumer Discretionary","$13,937,447,043","145,221","Analyze"
"SKREF","Skeena Resources Limited","Canada","","CV:SKE","TSX Venture Exchange","No","Unknown","$659,493,574","11,060","Analyze"
"SLF","Sun Life Financial Inc.","Canada","Canada","CT:SLF","Toronto Stock Exchange","Yes","Financials","$32,790,136,597","606,922","Analyze"
"SLHG","Skylight Health Group Inc.","Canada","","CV:SLHG","TSX Venture Exchange","Yes","Health Care","$129,887,129","78,844","Analyze"
"SLI","Standard Lithium Ltd.","Canada","United Kingdom","CV:SLI","TSX Venture Exchange","Yes","Materials","$1,593,775,723","3,321,291","Analyze"
"SLSSF","Solaris Resources Inc.","Canada","","CT:SLS","Toronto Stock Exchange","No","Materials","$1,167,323,012","0","Analyze"
"SLVRF","Silver One Resources Inc.","Canada","","CV:SVE","TSX Venture Exchange","No","Materials","$82,470,728","197,223","Analyze"
"SNANF","Sona Nanotech Inc.","Canada","","CF:SONA","Canadian Securities Exchange","No","Unknown","$13,462,256","6,174","Analyze"
"SNEJF","Sony Corporation","Japan","","JT:6758","Tokyo Stock Exchange","No","Consumer Discretionary","$141,856,502,275","0","Analyze"
"SNYNF","Sanofi SA","France","France","FP:SAN","Euronext Paris","Yes","Health Care","$121,441,181,402","31,806","Analyze"
"SPHRF","Starpharma Holdings Limited","Australia","","AT:SPL","Asx - All Markets","No","Health Care","$349,364,579","0","Analyze"
"SRAFF","Sandfire Resources America Inc.","Canada","","CV:SFR","TSX Venture Exchange","No","Materials","$164,743,700","246,054","Analyze"
"SROYF","Sailfish Royalty Corp.","Canada","","CV:FISH","TSX Venture Exchange","No","Materials","$85,528,574","222","Analyze"
"SSEZF","SSE PLC","United Kingdom","United Kingdom","LN:SSE","London Stock Exchange","Yes","Utilities","$23,121,265,500","0","Analyze"
"SSRM","SSR Mining Inc.","Canada","Canada","CT:SSRM","Toronto Stock Exchange","Yes","Materials","$3,403,113,886","1,009,346","Analyze"
"STKL","Sunopta Inc","Canada","","CT:SOY","Toronto Stock Exchange","No","Consumer Staples","$850,624,666","708,528","Analyze"
"STMEF","STMicroelectronics N.V.","Italy","","FP:STM","Euronext Paris","No","Information Technology","$39,329,093,367","0","Analyze"
"STN","Stantec Inc","Canada","Canada","CT:STN","Toronto Stock Exchange","Yes","Industrials","$5,525,370,901","53,394","Analyze"
"STOHF","Equinor Asa","Norway","","NO:EQNR","Oslo Bors Asa","No","Energy","$90,661,448,886","0","Analyze"
"SU","Suncor Energy  Inc.","Canada","Canada","CT:SU","Toronto Stock Exchange","Yes","Energy","$34,345,184,046","6,794,070","Analyze"
"SVKEF","Skandinaviska Enskilda Banken AB Class A","Sweden","Sweden","SS:SEB-A","Nasdaq Omx Nordic","Yes","Financials","$32,875,792,304","0","Analyze"
"SVM","Silvercorp Metals Inc.","Canada","Canada","CT:SVM","Toronto Stock Exchange","Yes","Materials","$721,523,407","980,019","Analyze"
"SVTRF","Severn Trent PLC","United Kingdom","United Kingdom","LN:SVT","London Stock Exchange","Yes","Utilities","$8,969,132,247","0","Analyze"
"SVYSF","Solvay SA","Belgium","","BB:SOLB","Nyse Euronext - Euronext Brussels","No","Materials","$14,347,810,751","0","Analyze"
"SWIR","Sierra Wireless Inc","Canada","Canada","CT:SW","Toronto Stock Exchange","Yes","Information Technology","$605,413,077","123,233","Analyze"
"SYTA","Siyata Mobile, Inc.","Canada","","CV:SIM","TSX Venture Exchange","Yes","Communication Services","$2,836,968","382,292","Analyze"
"TAC","TransAlta Corporation","Canada","","CT:TA","Toronto Stock Exchange","Yes","Utilities","$3,026,901,702","163,377","Analyze"
"TAKOF","Drone Delivery Canada Corp","Canada","","CV:FLT","TSX Venture Exchange","No","Unknown","$186,085,180","85,325","Analyze"
"TAOIF","TAG Oil Ltd","Canada","","CT:TAO","Toronto Stock Exchange","No","Energy","$34,333,030","0","Analyze"
"TATYF","Tate & Lyle PLC","United Kingdom","","LN:TATE","London Stock Exchange","No","Consumer Staples","$4,336,986,424","0","Analyze"
"TBPMF","Tetra Bio-Pharma Inc.","Canada","","CV:TBP","TSX Venture Exchange","No","Health Care","$76,316,808","390,085","Analyze"
"TBXXF","Turmalina Metals Corp.","Canada","","CV:TBX","TSX Venture Exchange","No","Unknown","$28,097,798","47,054","Analyze"
"TCN","Tricon Residential Inc.","Canada","","CT:TCN","Toronto Stock Exchange","Yes","Real Estate","$3,821,373,843","516,280","Analyze"
"TCNNF","Trulieve Cannabis Corp.","Canada","","CT:TRUL","Toronto Stock Exchange","No","Health Care","$14,767,854","175,718","Analyze"
"TCTZF","Tencent Holdings Limited","China","","HK:0700","Hong Kong Exchange","No","Communication Services","$628,171,877,386","93,099","Analyze"
"TD","The Toronto-Dominion Bank","Canada","Canada","CT:TD","Toronto Stock Exchange","Yes","Financials","$130,665,740,648","1,366,526","Analyze"
"TECK","Teck Resources Ltd","Canada","Canada","CT:TECK-B","Toronto Stock Exchange","Yes","Materials","$15,267,465,593","4,206,316","Analyze"
"TEFOF","Telefonica SA","Spain","","SM:TEF","Bolsa De Madrid","No","Communication Services","$24,807,435,431","0","Analyze"
"TFII","TFI International Inc.","Canada","Canada","CT:TFII","Toronto Stock Exchange","Yes","Industrials","$10,398,920,762","148,692","Analyze"
"TGA","Transglobe Energy Corporation","Canada","South Africa","CT:TGL","Toronto Stock Exchange","Yes","Energy","$182,080,598","894,118","Analyze"
"TGB","Taseko Mines Limited","Canada","","CT:TKO","Toronto Stock Exchange","Yes","Materials","$647,226,315","1,794,451","Analyze"
"TGIFF","1933 Industries Inc.","Canada","","CF:TGIF","Canadian Securities Exchange","No","Unknown","$18,989,820","589,587","Analyze"
"TGODF","Green Organic Dutchman Holdings Ltd.","Canada","","CT:TGOD","Toronto Stock Exchange","No","Health Care","$76,208,432","2,929,777","Analyze"
"THCBF","THC BioMed Intl. Ltd.","Canada","","CF:THC","Canadian Securities Exchange","No","Health Care","$12,124,053","35,965","Analyze"
"THM","International Tower Hill Mines Ltd","Canada","","CT:ITH","Toronto Stock Exchange","No","Materials","$144,310,019","112,552","Analyze"
"THNPF","Technip Energies Nv","France","","FP:TE","Euronext Paris","No","Energy","$2,927,591,033","172","Analyze"
"THTX","Theratechnologies Inc.","Canada","","CT:TH","Toronto Stock Exchange","Yes","Health Care","$334,338,969","263,544","Analyze"
"TIXT","TELUS International (Cda) Inc.","Canada","","CT:TIXT","Toronto Stock Exchange","Yes","Information Technology","$1,986,714,721","353,469","Analyze"
"TKGBF","Turkiye Garanti Bankasi AS","Turkey","","TI:GARAN","Istanbul Stock Exchange","No","Financials","$3,738,000,000","0","Analyze"
"TLLTF","TILT Holdings Inc.","Canada","","CF:TILT","Canadian Securities Exchange","No","Unknown","$117,565,917","441,696","Analyze"
"TLRY","Tilray, Inc. - Class 2","Canada","USA","CT:TLRY","Toronto Stock Exchange","No","Health Care","$5,371,279,894","20,969,058","Analyze"
"TMDI","Titan Medical Inc.","Canada","","CT:TMD","Toronto Stock Exchange","Yes","Health Care","$165,580,258","324,193","Analyze"
"TMNSF","Temenos Group AG","Switzerland","","SE:TEMN","Six Swiss Exchange","No","Information Technology","$9,405,869,634","0","Analyze"
"TNYBF","Tinley Beverage Company Inc.","Canada","","CF:TNY","Canadian Securities Exchange","No","Unknown","$17,873,229","10,790","Analyze"
"TPRFF","Gran Colombia Gold Corp.","Canada","","CV:GCM","TSX Venture Exchange","No","Materials","$396,897,673","86,427","Analyze"
"TRBMF","Torq Resources Inc.","Canada","","CV:TORQ","TSX Venture Exchange","No","Materials","$39,455,346","15,030","Analyze"
"TREVF","Trevali Mining Corporation","Canada","","CT:TV","Toronto Stock Exchange","No","Materials","$202,664,866","32,593","Analyze"
"TRI","Thomson Reuters Corporation","Canada","Canada","CT:TRI","Toronto Stock Exchange","Yes","Industrials","$58,090,227,643","444,675","Analyze"
"TRIL","Trillium Therapeutics Inc.","Canada","Canada","CT:TRIL","Toronto Stock Exchange","Yes","Health Care","$1,852,075,290","1,244,989","Analyze"
"TRMLF","Tourmaline Oil Corp","Canada","","CT:TOU","Toronto Stock Exchange","No","Energy","$11,476,099,001","0","Analyze"
"TRP","TransCanada Corporation","Canada","Canada","CT:TRP","Toronto Stock Exchange","Yes","Energy","$53,307,593,996","1,522,638","Analyze"
"TRQ","Turquoise Hill Resources Ltd","Canada","Canada","CT:TRQ","Toronto Stock Exchange","Yes","Materials","$2,684,427,490","648,168","Analyze"
"TRRSF","Trisura Group Ltd","Canada","","CT:TSU","Toronto Stock Exchange","No","Financials","$1,429,435,131","3,996","Analyze"
"TRSSF","TerrAscend Corp.","Canada","","CF:TER","Canadian Securities Exchange","No","Unknown","$1,123,976,673","93,983","Analyze"
"TSCDF","Tesco PLC","United Kingdom","","LN:TSCO","London Stock Exchange","No","Consumer Staples","$29,130,911,320","0","Analyze"
"TSEM","Tower Semiconductor Ltd.","Israel","Israel","IT:TSEM","Tel Aviv Stock Exchange","Yes","Information Technology","$3,369,670,141","253,136","Analyze"
"TSRMF","Treasury Metals Inc.","Canada","","CT:TML","Toronto Stock Exchange","No","Materials","$82,277,781","78,051","Analyze"
"TTFNF","Total SA","France","France","FP:FP","Euronext Paris","Yes","Energy","$137,645,580,921","305","Analyze"
"TU","Telus Corporation","Canada","","CT:T","Toronto Stock Exchange","Yes","Communication Services","$30,644,776,342","927,857","Analyze"
"UCBJF","UCB SA","Belgium","Belgium","BB:UCB","Nyse Euronext - Euronext Brussels","Yes","Health Care","$22,494,579,348","101","Analyze"
"UFS","Domtar Corp","Canada","USA","CT:UFS","Toronto Stock Exchange","No","Materials","$2,757,652,050","326,277","Analyze"
"UROY","Uranium Royalty Corp.","Canada","","CV:URC","TSX Venture Exchange","Yes","Energy","$445,824,916","1,258,283","Analyze"
"USAS","Americas Silver Corporation","Canada","","CT:USA","Toronto Stock Exchange","Yes","Materials","$126,739,692","1,155,964","Analyze"
"UUGWF","United Utilities Group PLC","United Kingdom","United Kingdom","LN:UU","London Stock Exchange","Yes","Utilities","$9,221,995,343","0","Analyze"
"UURAF","Ucore Rare Metals Inc.","Canada","","CT:UCU","Toronto Stock Exchange","No","Materials","$38,383,790","91,931","Analyze"
"UUUU","Energy Fuels Inc","Canada","Canada","CT:EFR","Toronto Stock Exchange","No","Energy","$1,110,925,251","5,625,976","Analyze"
"VBNK","VersaBank","Canada","","CT:VB","Toronto Stock Exchange","Yes","Financials","$323,892,996","22,902","Analyze"
"VCISF","VINCI SA","France","France","FP:DG","Euronext Paris","Yes","Industrials","$61,541,570,372","0","Analyze"
"VET","Vermilion Energy Inc.","Canada","Canada","CT:VET","Toronto Stock Exchange","Yes","Energy","$1,707,142,319","3,014,667","Analyze"
"VEV","Vicinity Motor Corp.","Canada","","CV:VMC","TSX Venture Exchange","Yes","Consumer Discretionary","$165,867,934","50,749","Analyze"
"VEXTF","Vext Science Inc.","Canada","","CF:VEXT","Canadian Securities Exchange","No","Unknown","$46,461,143","5,073","Analyze"
"VFF","Village Farms International, Inc.","Canada","Canada","CT:VFF","Toronto Stock Exchange","No","Consumer Staples","$677,782,900","575,730","Analyze"
"VITFF","Victoria Gold Corp","Canada","","CT:VGCX","Toronto Stock Exchange","No","Materials","$925,462,618","66,532","Analyze"
"VIVEF","Vivendi SA","France","France","FP:VIV","Euronext Paris","Yes","Communication Services","$14,577,578,163","1,100","Analyze"
"VLNCF","Valens GroWorks Corp.","Canada","","CV:VLNS","TSX Venture Exchange","No","Unknown","$315,981,489","293,115","Analyze"
"VOBIF","Vobile Group Limited","Hong Kong","","HK:3738","Hong Kong Exchange","No","Information Technology","$1,835,304,396","0","Analyze"
"VQSLF","VIQ Solutions Inc.","Canada","","CV:VQS","TSX Venture Exchange","No","Information Technology","$123,224,138","3,425","Analyze"
"VRNOF","Verano Hldgs Corp","Canada","","CF:VRNO","Canadian Securities Exchange","No","Consumer Discretionary","$2,243,482,905","1,100,180","Analyze"
"VRYYF","The Very Good Food Company Inc","Canada","","CF:VERY","Canadian Securities Exchange","No","Consumer Staples","$248,161,673","0","Analyze"
"VS","Versus Systems Inc.","Canada","","CF:VS","Canadian Securities Exchange","Yes","Communication Services","$41,430,004","49,552","Analyze"
"VSQTF","Victory Square Technologies Inc","Canada","","CF:VST","Canadian Securities Exchange","No","Unknown","$34,015,203","111,357","Analyze"
"VVCIF","VIVO Cannabis Inc.","Canada","","CT:VIVO","Toronto Stock Exchange","No","Health Care","$26,815,843","90,691","Analyze"
"VYGVF","Voyager Digital (Canada) Ltd.","Canada","","CF:VYGR","Canadian Securities Exchange","No","Information Technology","$1,533,630,788","931,729","Analyze"
"WCN","Waste Connections Inc","Canada","Canada","CT:WCN","Toronto Stock Exchange","No","Industrials","$33,943,998,206","628,790","Analyze"
"WDDMF","WeedMD Inc.","Canada","","CV:WMD","TSX Venture Exchange","No","Unknown","$48,017,734","50,984","Analyze"
"WFG","West Fraser Timber Co. Ltd","Canada","Canada","CT:WFG","Toronto Stock Exchange","Yes","Materials","$9,229,161,673","257,546","Analyze"
"WFTSF","Wavefront Technology Solutions Inc","Canada","","CV:WEE","TSX Venture Exchange","No","Energy","$32,629,541","5,500","Analyze"
"WMLLF","Wealth Minerals Ltd.","Canada","","CV:WML","TSX Venture Exchange","No","Unknown","$114,000,493","306,095","Analyze"
"WOWMF","Wow Unlimited Media Inc.","Canada","","CV:WOW","TSX Venture Exchange","No","Unknown","$29,442,557","0","Analyze"
"WPM","Wheaton Precious Metals Corp.","Canada","Canada","CT:WPM","Toronto Stock Exchange","Yes","Materials","$18,583,426,620","2,149,628","Analyze"
"WPRT","Westport Fuel Systems Inc","Canada","","CT:WPRT","Toronto Stock Exchange","Yes","Consumer Discretionary","$514,698,896","1,034,030","Analyze"
"WRN","Western Copper And Gold Corporation","Canada","","CT:WRN","Toronto Stock Exchange","Yes","Materials","$265,374,780","427,838","Analyze"
"WSTRF","Western Uranium & Vanadium Corp.","Canada","","CF:WUC","Canadian Securities Exchange","No","Unknown","$113,135,098","79,456","Analyze"
"XEBEF","Xebec Adsorption Inc.","Canada","","CV:XBC","TSX Venture Exchange","No","Industrials","$380,600,701","14,639","Analyze"
"XIACF","Xiaomi Corp","Hong Kong","","HK:1810","Hong Kong Exchange","No","Information Technology","$59,892,185,670","0","Analyze"
"XRTX","XORTX Therapeutics Inc.","Canada","","CF:XRX","Canadian Securities Exchange","Yes","Health Care","$294,171,834","196,288","Analyze"
"YNDX","Yandex N.V.","Russia","The Netherlands","RX:YNDX","Standard-Classica-Forts","Yes","Communication Services","$25,219,410,000","1,245,135","Analyze"
"YZCHF","Yanzhou Coal Mining Company Limited H Shares","China","","HK:1171","Hong Kong Exchange","No","Energy","$3,490,947,000","0","Analyze"
"ZFSVF","Zurich Insurance Group Ltd","Switzerland","","VX:ZURN","Six Swiss - Blue Chips Segment","No","Financials","$64,096,031,142","147","Analyze"
"ZOM","Zomedica Pharmaceuticals Corp.","Canada","Canada","CV:ZOM","","No","Health Care","$498,685,055","18,649,753","Analyze"