"Symbol","Name","OTC Market","Country","Underlying Symbol","Underlying Exchange","GICS Sector","Market cap","Current yield","Avg Volume","Action"
"TCEHY","Tencent Holdings Ltd. Unsponsored ADRs","Pink","China","HK:0700","Hong Kong Exchange","Communication Services","$629,226,518,968","2.05%","17,735,152","Analyze"
"LVMUY","LVMH Moet Hennessy Louis Vuitton SE Unsponsored ADRs","Pink","France","FP:MC","Euronext Paris","Consumer Discretionary","$378,618,479,984","4.67%","159,749","Analyze"
"LVMHF","LVMH MoÃ«t Hennessy Louis Vuitton Sponsored ADRs","Pink","France","FP:MC","Euronext Paris","Consumer Discretionary","$376,574,212,761","0.94%","1,062","Analyze"
"NSRGY","Nestle S.A. Sponsored ADRs","Pink","Switzerland","VX:NESN","Six Swiss - Blue Chips Segment","Consumer Staples","$344,950,100,000","2.24%","260,603","Analyze"
"RHHBY","Roche Holding Ltd Sponsored ADRs","OTCQX","Switzerland","VX:ROG","Six Swiss - Blue Chips Segment","Health Care","$272,875,352,680","18.74%","561,527","Analyze"
"LRLCY","L Oreal SA Unsp/Adrs","Pink","France","FP:OR","Euronext Paris","Consumer Staples","$234,305,784,922","0.00%","88,965","Analyze"
"MPNGY","Meituan Unsp/Adrs","Pink","China","HK:3690","Hong Kong Exchange","Consumer Discretionary","$205,911,246,498","0.00%","30,093","Analyze"
"PROSY","Prosus Nv Sponsored ADRs","Pink","The Netherlands","NA:PRX","Nyse Euronext - Euronext Amsterdam","Consumer Discretionary","$186,109,513,549","0.91%","692,296","Analyze"
"CICHY","China Construction Bank Corporation Unsponsored ADRs Class H","Pink","China","CG:601939","Shanghai Stock Exchange","Financials","$169,373,987,850","2.31%","41,257","Analyze"
"HESAY","Hermes Intl Sa Unsp/Adrs","Pink","France","FP:RMS","Euronext Paris","Consumer Discretionary","$156,427,476,231","2.06%","0","Analyze"
"AAGIY","AIA Group Limited Sponsored ADRs","Pink","Hong Kong","HK:1299","Hong Kong Exchange","Financials","$140,714,130,833","0.38%","160,578","Analyze"
"SIEGY","Siemens AG Sponsored ADRs","Pink","Germany","GF:SIE","Frankfurt Stock Exchange","Industrials","$139,060,000,000","4.28%","109,983","Analyze"
"CMWAY","Commonwealth Bank of Australia Sponsored ADRs","Pink","Australia","AT:CBA","Asx - All Markets","Financials","$138,752,080,226","4.48%","27,446","Analyze"
"OGZPY","Gazprom PJSC Sponsored ADRs","Pink","Russia","RX:GAZP","Standard-Classica-Forts","Energy","$122,392,061,693","6.38%","443,179","Analyze"
"IDEXY","Industria de Diseno Textil Inditex SA Unsp/Adrs","Pink","Spain","SM:ITX","Bolsa De Madrid","Consumer Discretionary","$115,160,291,400","1.19%","253,441","Analyze"
"SBRCY","Sberbank Russia PJSC Sponsored ADRs","Pink","Russia","RX:SBER","Standard-Classica-Forts","Financials","$113,061,640,150","5.71%","95,762","Analyze"
"RCRUY","Recruit Holdings Co Adrs","Pink","Japan","JT:6098","Tokyo Stock Exchange","Industrials","$108,965,431,928","0.29%","277,653","Analyze"
"NTTYY","Nippon Telegraph and Telephone Corporation Sponsored ADRs","Pink","Japan","JT:9432","Tokyo Stock Exchange","Communication Services","$106,335,506,504","3.25%","123,231","Analyze"
"EADSY","Airbus SE Unsponsored ADRs","Pink","The Netherlands","FP:AIR","Euronext Paris","Industrials","$102,277,028,578","5.37%","518,987","Analyze"
"DMLRY","Daimler Ag Unsp / Adrs","Pink","Germany","GF:DAI","Frankfurt Stock Exchange","Consumer Discretionary","$102,233,666,435","5.65%","179,488","Analyze"
"CSLLY","Csl Ltd Sponsored ADRs","Pink","Australia","AT:CSL","Asx - All Markets","Health Care","$101,842,572,875","1.99%","26,223","Analyze"
"SFTBY","Softbank Grp Unsp/Adrs","Pink","Japan","JT:9984","Tokyo Stock Exchange","Communication Services","$98,552,953,356","0.57%","587,981","Analyze"
"ADYEY","Adyen N.V Unponsored ADRs","Pink","The Netherlands","NA:ADYEN","Nyse Euronext - Euronext Amsterdam","Communication Services","$95,535,405,745","0.00%","150,562","Analyze"
"ALIZY","Allianz Se Unsp/Adrs","Pink","Germany","GF:ALV","Frankfurt Stock Exchange","Financials","$95,445,859,132","41.47%","79,515","Analyze"
"SBGSY","Schneider Elec Unsp/Adrs","Pink","France","FP:SU","Euronext Paris","Industrials","$94,408,338,362","7.84%","96,449","Analyze"
"PPRUY","Kering Sa Unsp/Adrs","Pink","France","FP:KER","Euronext Paris","Consumer Discretionary","$91,363,093,013","7.53%","0","Analyze"
"VWAGY","Volkswagen AG Unsponsored ADRs","Pink","Germany","GF:VOW","Frankfurt Stock Exchange","Communication Services","$91,286,035,198","15.71%","39,800","Analyze"
"DTEGY","Deutsche Telekom AG Sponsored ADRs","OTCQX","Germany","GF:DTE","Frankfurt Stock Exchange","Communication Services","$91,134,317,527","3.13%","209,583","Analyze"
"ESLOY","Essilor Lxttca Unsp/Adrs","Pink","France","FP:EI","Euronext Paris","Consumer Discretionary","$86,185,438,177","1.11%","23,647","Analyze"
"BNPQY","BNP Paribas SA Sponsored ADRs","OTCQX","France","FP:BNP","Euronext Paris","Financials","$84,761,338,407","3.27%","156,283","Analyze"
"ENLAY","Enel SpA Unsponsored ADRs","Pink","Italy","IM:ENEL","Borsa Italiana S.P.A.","Utilities","$83,570,109,156","2.23%","314,627","Analyze"
"HKXCY","Hong Kong Exchanges & Clearing Unsp/Adrs","Pink","Hong Kong","HK:0388","Hong Kong Exchange","Financials","$79,277,841,044","14.63%","22,589","Analyze"
"NPSNY","Naspers Limited Sponsored ADRs Class N","Pink","South Africa","SJ:NPN","Johannesburg Stock Exchange","Consumer Discretionary","$79,023,481,474","1.23%","982,453","Analyze"
"AIQUY","L Air Liquide Sa Unsp/Adrs","Pink","France","FP:AI","Euronext Paris","Materials","$78,784,382,202","8.27%","0","Analyze"
"DPSGY","Deutsche Post AG Sponsored ADRs","Pink","Germany","GF:DPW","Frankfurt Stock Exchange","Industrials","$77,541,576,875","2.16%","54,051","Analyze"
"SMMNY","Siemens Healthineers Adrs","Pink","Germany","GY:SHL","Deutsche Boerse Xetra","Health Care","$76,027,200,000","2.37%","27,029","Analyze"
"KDDIY","Kddi Corp Unsp/Adrs","Pink","Japan","JT:9433","Tokyo Stock Exchange","Communication Services","$73,871,996,373","3.37%","146,773","Analyze"
"SHECY","Shin-Etsu Chem Unsp/Adrs","Pink","Japan","JT:4063","Tokyo Stock Exchange","Materials","$72,132,662,724","1.50%","46,678","Analyze"
"DASTY","Dassault Systemes SA Sponsored ADRs","Pink","France","FP:DSY","Euronext Paris","Information Technology","$72,082,588,344","0.21%","66,918","Analyze"
"LUKOY","Oil company LUKOIL PJSC Sponsored ADRs","Pink","Russia","RX:LKOH","Standard-Classica-Forts","Energy","$71,780,892,943","6.21%","38,407","Analyze"
"IBDRY","Iberdrola SA Sponsored ADRs","Pink","Spain","SM:IBE","Bolsa De Madrid","Utilities","$71,491,168,240","0.93%","61,253","Analyze"
"NABZY","National Australia Bank Limited Sponsored ADRs","Pink","Australia","AT:NAB","Asx - All Markets","Financials","$70,822,092,744","8.34%","88,349","Analyze"
"TOELY","Tokyo Electron Unsp/Adrs","Pink","Japan","JT:8035","Tokyo Stock Exchange","Information Technology","$70,682,025,586","2.85%","54,170","Analyze"
"FRCOY","Fast Retailing Unsp/Adrs","Pink","Japan","JT:9983","Tokyo Stock Exchange","Consumer Discretionary","$70,263,189,734","0.70%","37,692","Analyze"
"GLNCY","Glencore Plc Unsp/Adrs","Pink","Switzerland","LN:GLEN","London Stock Exchange","Materials","$69,262,203,068","1.15%","506,890","Analyze"
"BASFY","BASF SE Sponsored ADRs","OTCQX","Germany","GF:BAS","Frankfurt Stock Exchange","Materials","$68,213,575,646","17.77%","173,241","Analyze"
"AXAHY","AXA SA Sponsored ADRs","OTCQX","France","FP:CS","Euronext Paris","Financials","$67,444,891,183","5.13%","113,550","Analyze"
"DKILY","Daikin Industries Ltd Unsp/Adrs","Pink","Japan","JT:6367","Tokyo Stock Exchange","Industrials","$66,595,494,666","1.03%","161,153","Analyze"
"NJDCY","Nidec Corp Adrs","Pink","Japan","JT:6594","Tokyo Stock Exchange","Industrials","$65,877,508,025","0.62%","78,828","Analyze"
"WXXWY","Wuxi Biologics  Unsp/Adrs","Pink","China","HK:2269","Hong Kong Exchange","Health Care","$64,618,997,173","0.00%","48,586","Analyze"
"ZURVY","Zurich Insurance Group Ltd Sponsored ADRs","OTCQX","Switzerland","VX:ZURN","Six Swiss - Blue Chips Segment","Financials","$64,005,755,042","53.14%","129,281","Analyze"
"VCISY","Vinci Sa Unsp/Adrs","Pink","France","FP:DG","Euronext Paris","Industrials","$63,187,066,906","10.19%","64,520","Analyze"
"ADDYY","adidas AG Sponsored ADRs","OTCQX","Germany","GF:ADS","Frankfurt Stock Exchange","Consumer Discretionary","$62,862,540,901","1.91%","27,369","Analyze"
"HEINY","Heineken NV Sponsored ADRs","OTCQX","The Netherlands","NA:HEIA","Nyse Euronext - Euronext Amsterdam","Consumer Staples","$61,044,756,926","1.85%","27,940","Analyze"
"WMMVY","Wal-Mart de Mexico SAB de CV Sponsored ADRs Class V","OTCQX","Mexico","MM:WALMEX","Bolsa Mexicana De Valores (Mexican Stock Exchange)","Consumer Staples","$60,887,910,971","2.58%","23,489","Analyze"
"ANZBY","Australia and New Zealand Banking Group Limited Sponsored ADRs","Pink","Australia","AT:ANZ","Asx - All Markets","Financials","$60,097,470,031","4.97%","100,778","Analyze"
"BMWYY","Bayerische Motoren Werke Aktiengesellschaft Sponsored ADRs","Pink","Germany","GF:BMW","Frankfurt Stock Exchange","Consumer Discretionary","$60,012,901,089","5.72%","36,193","Analyze"
"XIACY","Xiaomi Corp Unsp/Adrs","Pink","Hong Kong","HK:1810","Hong Kong Exchange","Information Technology","$59,931,148,230","0.00%","0","Analyze"
"DBSDY","DBS Group Holdings Ltd Sponsored ADRs","Pink","Singapore","SP:D05","Singapore Exchange","Financials","$59,623,422,046","0.94%","37,989","Analyze"
"PDRDY","Pernod Ricard SA Unsponsored ADRs","Pink","France","FP:RI","Euronext Paris","Consumer Staples","$59,288,853,184","6.89%","57,078","Analyze"
"DNNGY","Orsted A/S Unsp/Adrs","Pink","Denmark","DC:ORSTED","Omx Nordic Exchange Copenhagen A/S","Utilities","$58,630,549,228","24.74%","106,397","Analyze"
"LZAGY","Lonza Group Ag Unsp/Adrs","Pink","Switzerland","VX:LONN","Six Swiss - Blue Chips Segment","Health Care","$58,282,968,753","3.83%","22,201","Analyze"
"CHGCY","Chugai Pharmaceutical Co Unsp/Adrs","Pink","Japan","JT:4519","Tokyo Stock Exchange","Health Care","$58,263,301,045","1.23%","120,551","Analyze"
"NTDOY","NINTENDO CO LTD Unsponsored ADRs","Pink","Japan","JT:7974","Tokyo Stock Exchange","Communication Services","$58,233,259,600","2.03%","1,106,885","Analyze"
"LNSTY","London Stock Exchange Group plc Sponsored ADRs","Pink","United Kingdom","LN:LSE","London Stock Exchange","Financials","$57,794,949,989","2.71%","155,320","Analyze"
"HOCPY","HOYA CORPORATION Sponsored ADRs","Pink","Japan","JT:7741","Tokyo Stock Exchange","Health Care","$57,747,455,524","57.62%","17,262","Analyze"
"IFNNY","Infineon Technologies AG Sponsored ADRs","OTCQX","Germany","GF:IFX","Frankfurt Stock Exchange","Information Technology","$57,656,418,199","0.50%","176,199","Analyze"
"DSDVY","Dsv Panalpna A/S Unsp/Adrs","Pink","Denmark","DC:DSV","Omx Nordic Exchange Copenhagen A/S","Industrials","$57,600,000,000","3.33%","25,300","Analyze"
"HTHIY","Hitachi Ltd Sponsored ADRs","Pink","Japan","JT:6501","Tokyo Stock Exchange","Information Technology","$57,203,316,592","88.86%","36,787","Analyze"
"PNGAY","Ping An Insurance (Group) Company of China Ltd. Sponsored ADRs Class H","Pink","China","CG:601318","Shanghai Stock Exchange","Financials","$56,061,635,205","15.14%","251,851","Analyze"
"ISNPY","Intesa Sanpaolo S.p.A. Sponsored ADRs","Pink","Italy","IM:ISP","Borsa Italiana S.P.A.","Financials","$55,473,972,739","0.21%","97,436","Analyze"
"SAFRY","Safran Sa Unspon/ Adrs","Pink","France","FP:SAF","Euronext Paris","Industrials","$55,062,167,818","1.33%","76,456","Analyze"
"DNZOY","Denso Corp Unsp/Adrs","Pink","Japan","JT:6902","Tokyo Stock Exchange","Consumer Discretionary","$54,762,174,095","0.00%","8,375","Analyze"
"ATLKY","Atlas Copco AB Sponsored ADRs Class A","Pink","Sweden","SS:ATCO-A","Nasdaq Omx Nordic","Industrials","$54,283,616,188","1.22%","52,149","Analyze"
"BAYRY","Bayer AG Sponsored ADRs","Pink","Germany","GF:BAYN","Frankfurt Stock Exchange","Health Care","$54,269,106,290","14.48%","313,715","Analyze"
"MQBKY","Macquarie Group Limited Sponsored ADRs","Pink","Australia","AT:MQG","Asx - All Markets","Financials","$53,339,206,701","3.25%","8,809","Analyze"
"RBGLY","Reckitt Benckiser Group plc Sponsored ADRs","Pink","United Kingdom","LN:RB","London Stock Exchange","Consumer Staples","$53,316,233,582","11.69%","205,861","Analyze"
"NILSY","MMC Norilsk Nickel PJSC ADRs","Pink","Russia","RX:GMKN","Standard-Classica-Forts","Materials","$52,569,147,127","6.55%","43,479","Analyze"
"MRAAY","Murata Mfg Inc Unsp/Adrs","Pink","Japan","JT:6981","Tokyo Stock Exchange","Information Technology","$51,578,145,926","1.49%","0","Analyze"
"NRDBY","Nordea Bank Abp Sponsored ADRs","Pink","Sweden","FH:NDA-FI","Nasdaq Omx Helsinki Ltd.","Financials","$51,514,983,414","3.07%","95,479","Analyze"
"NGLOY","Anglo American plc Sponsored ADRs","OTCQX","United Kingdom","LN:AAL","London Stock Exchange","Materials","$49,300,000,000","12.32%","101,820","Analyze"
"IDCBY","Industrial and Commercial Bank of China Limited Unsponsored ADRs Class H","Pink","China","CG:601398","Shanghai Stock Exchange","Financials","$48,865,047,087","2.36%","68,347","Analyze"
"SXYAY","Sika Ag Adrs","Pink","Switzerland","VX:SIKA","Six Swiss - Blue Chips Segment","Materials","$48,418,266,140","7.32%","43,212","Analyze"
"DSNKY","Daiichi Sankyo Company Limited Sponsored ADRs","Pink","Japan","JT:4568","Tokyo Stock Exchange","Health Care","$47,595,246,839","1.58%","53,630","Analyze"
"WFAFY","Wesfarmers Ltd Unsp/Adrs","Pink","Australia","","","Unknown","$47,167,754,067","8.56%","0","Analyze"
"YAHOY","Z Holdings Corp Uns/Adrs","Pink","Japan","JT:4689","Tokyo Stock Exchange","Communication Services","$47,041,063,255","45.24%","72,726","Analyze"
"ITOCY","Itochu Corp Unsp/Adrs","Pink","Japan","JT:8001","Tokyo Stock Exchange","Industrials","$46,694,807,012","3.38%","19,342","Analyze"
"JMHLY","Jardine Matheson Holdings Limited Sponsored ADRs","Pink","Hong Kong","SP:J36","Singapore Exchange","Industrials","$46,563,628,993","3.02%","14,188","Analyze"
"ANPDY","Anta Sports Prds Unsp/Adrs","Pink","China","","","Unknown","$45,813,857,229","0.21%","0","Analyze"
"VWAPY","Volkswagen Ag Pfd Uns/Adrs","Pink","Germany","","","Unknown","$45,550,782,801","22.00%","0","Analyze"
"FANUY","Fanuc Corporation Unsponsored ADRs","Pink","Japan","JT:6954","Tokyo Stock Exchange","Industrials","$44,696,400,000","2.42%","335,654","Analyze"
"DANOY","Danone SA ADRs","OTCQX","France","FP:BN","Euronext Paris","Consumer Staples","$44,387,162,000","15.03%","904,674","Analyze"
"GVDNY","Givaudan Sa Unsp/Adrs","Pink","Switzerland","VX:GIVN","Six Swiss - Blue Chips Segment","Materials","$42,907,319,944","68.86%","9,926","Analyze"
"CLLNY","Cellnex Telecom Unsp/Adrs","Pink","","","","Unknown","$42,349,290,314","0.05%","0","Analyze"
"EXPGY","Experian PLC Sponsored ADRs","OTCQX","United Kingdom","LN:EXPN","London Stock Exchange","Industrials","$41,654,924,049","1.04%","34,491","Analyze"
"FUJIY","Fujifilm Hldgs Corp Adrs","Pink","Japan","","","Information Technology","$41,339,884,730","1.62%","0","Analyze"
"MURGY","Muenchener Re Gp Unsp/Adrs","Pink","Germany","","","Unknown","$40,698,739,456","33.73%","70,083","Analyze"
"JAPAY","Japan Tobacco Unsp/Adrs","Pink","Japan","JT:2914","Tokyo Stock Exchange","Consumer Staples","$40,040,000,000","5.64%","22,971","Analyze"
"OVCHY","Overseas Chinse Unsp/Adrs","Pink","Singapore","SP:O39","Singapore Exchange","Financials","$39,895,610,108","2.31%","18,795","Analyze"
"SMCAY","SMC Corp Sponsored ADRs","Pink","Japan","JT:6273","Tokyo Stock Exchange","Industrials","$39,720,974,066","0.85%","168,301","Analyze"
"VWDRY","Vestas Wind Sys Unsp/Adrs","Pink","Denmark","DC:VWS","Omx Nordic Exchange Copenhagen A/S","Industrials","$39,627,191,282","1.74%","311,206","Analyze"
"DNBBY","Dnb Asa Sp/Adrs","Pink","Norway","","","Unknown","$39,115,709,480","3.90%","0","Analyze"
"FJTSY","Fujitsu Ltd Unsp/Adrs","Pink","Japan","","","Information Technology","$39,006,905,645","1.44%","0","Analyze"
"HXGBY","Hexagon Ab Unsp/Adrs","Pink","Sweden","SS:HEXA-B","Nasdaq Omx Nordic","Information Technology","$38,465,899,691","0.60%","69,960","Analyze"
"TTNDY","Techtronic Industries Co. Ltd. Sponsored ADRs","Pink","Hong Kong","HK:0669","Hong Kong Exchange","Industrials","$38,344,591,236","0.21%","14,602","Analyze"
"KBCSY","KBC Group NV Unsp/Adrs","Pink","Belgium","BB:KBC","Nyse Euronext - Euronext Brussels","Financials","$38,285,895,989","3.13%","29,546","Analyze"
"BYDDY","BYD Company Limited Unsponsored ADRs","Pink","China","HK:1211","Hong Kong Exchange","Consumer Discretionary","$38,225,800,000","0.20%","294,543","Analyze"
"SUHJY","Sun Hung Kai Properties Limited Sponsored ADRs","Pink","Hong Kong","HK:0016","Hong Kong Exchange","Real Estate","$38,221,721,814","37.53%","58,355","Analyze"
"MITSY","Mitsui & Co.Ltd Sponsored ADRs","Pink","Japan","JT:8031","Tokyo Stock Exchange","Industrials","$37,811,953,900","18.46%","3,295","Analyze"
"CODYY","Compagnie de Saint-Gobain Unsp/Adrs","Pink","France","FP:SGO","Euronext Paris","Industrials","$37,740,641,066","9.39%","85,086","Analyze"
"VIVHY","Vivendi Sa Unsp/Adrs","Pink","France","","","Communication Services","$37,635,648,564","1.77%","0","Analyze"
"TKOMY","Tokio Marine Holdings Inc. Sponsored ADRs","Pink","Japan","JT:8766","Tokyo Stock Exchange","Financials","$37,560,375,000","3.84%","39,436","Analyze"
"CGEMY","Capgemini SE Unsp/Adrs","Pink","France","FP:CAP","Euronext Paris","Information Technology","$37,149,542,624","4.43%","18,422","Analyze"
"EVVTY","Evolution Gaming Unsp/Adrs","Pink","Sweden","SS:EVO","Nasdaq Omx Nordic","Consumer Discretionary","$37,076,551,781","0.39%","23,035","Analyze"
"RDSMY","Koninklijke DSM N.V. Sponsored ADRs","OTCQX","The Netherlands","NA:DSM","Nyse Euronext - Euronext Amsterdam","Materials","$37,075,612,471","4.53%","10,956","Analyze"
"SVNDY","Seven & I Holdings Unsp/Adrs","Pink","Japan","JT:3382","Tokyo Stock Exchange","Consumer Staples","$37,017,817,210","2.24%","58,050","Analyze"
"VLVLY","Volvo Ab Unsp/Adrs","Pink","Sweden","","","Industrials","$36,963,560,491","2.08%","0","Analyze"
"CMPGY","Compass Group Plc Sponsored ADRs","Pink","United Kingdom","LN:CPG","London Stock Exchange","Consumer Discretionary","$36,836,608,558","2.41%","139,024","Analyze"
"ASHTY","Ashted Grp Plc Unsp/Adrs","Pink","United Kingdom","","","Unknown","$36,585,575,470","0.18%","0","Analyze"
"VONOY","Vonovia Se Unsp/Adrs","Pink","Germany","GY:VNA","Deutsche Boerse Xetra","Real Estate","$36,287,232,187","5.36%","29,122","Analyze"
"HSNGY","Hang Seng Bank Limited Sponsored ADRs","Pink","Hong Kong","HK:0011","Hong Kong Exchange","Financials","$35,847,056,250","30.93%","1,385","Analyze"
"PDYPY","Flutter Entmt Unsp/Adrs","Pink","Ireland","","","Unknown","$34,840,883,718","2.69%","0","Analyze"
"GZPFY","Gazprom Neft PJSC Sponsored ADRs","Pink","Russia","RX:SIBN","Standard-Classica-Forts","Energy","$34,488,213,581","41.24%","8,229","Analyze"
"BHKLY","BOC Hong Kong (Holdings) Limited Sponsored ADRs","Pink","Hong Kong","HK:2388","Hong Kong Exchange","Financials","$34,451,404,477","1.91%","17,229","Analyze"
"TLSYY","Telstra Corporation Limited Sponsored ADRs","Pink","Australia","AT:TLS","Asx - All Markets","Communication Services","$34,205,124,631","0.70%","23,348","Analyze"
"FSUGY","Fortescue Metals Group Ltd Sponsored ADRs","OTCQX","Australia","AT:FMG","Asx - All Markets","Materials","$33,914,798,572","12.18%","21,302","Analyze"
"UOVEY","United Overseas Bank Ltd. (Singapore) Sponsored ADRs","Pink","Singapore","SP:U11","Singapore Exchange","Financials","$33,545,933,665","2.47%","23,860","Analyze"
"ADRNY","Royal Ahold Delhaize N.V. Sponsored ADRs","OTCQX","The Netherlands","NA:AD","Nyse Euronext - Euronext Amsterdam","Consumer Staples","$33,536,399,435","2.59%","38,985","Analyze"
"ENGIY","ENGIE SA Sponsored ADRs","Pink","France","FP:ENGI","Euronext Paris","Utilities","$33,533,874,601","3.85%","119,012","Analyze"
"SHZHY","Shenzhou Intl Grp Uns/Adrs","Pink","China","","","Unknown","$33,424,901,608","8.14%","0","Analyze"
"DBOEY","Deutsche Boerse AG Unsponsored ADRs","Pink","Germany","GF:DB1","Frankfurt Stock Exchange","Financials","$33,060,000,000","17.24%","45,343","Analyze"
"EONGY","E.ON SE Sponsored ADRs","Pink","Germany","GF:EOAN","Frankfurt Stock Exchange","Utilities","$33,038,910,000","0.00%","139,338","Analyze"
"BRDCY","Bridgestone Corp Unsp/Adrs","Pink","Japan","JT:5108","Tokyo Stock Exchange","Consumer Discretionary","$32,744,474,379","3.46%","45,754","Analyze"
"CLPBY","Coloplast A/S Sponsored ADRs","Pink","Denmark","DC:COLO-B","Omx Nordic Exchange Copenhagen A/S","Health Care","$32,432,400,000","2.19%","23,191","Analyze"
"GELYY","Geely Autombl Hl Unsp/Adrs","Pink","China","HK:0175","Hong Kong Exchange","Consumer Discretionary","$32,329,864,690","0.26%","0","Analyze"
"SDVKY","Sandvik AB Sponsored ADRs Class B","Pink","Sweden","SS:SAND","Nasdaq Omx Nordic","Industrials","$31,776,104,201","1.56%","41,413","Analyze"
"ALPMY","Astellas Pharma Unsp/Adrs","Pink","Japan","","","Unknown","$31,706,233,887","2.32%","0","Analyze"
"SGAPY","Singapore Telecommunications Limited Sponsored ADRs","Pink","Singapore","SP:Z74","Singapore Exchange","Communication Services","$31,345,195,394","0.40%","70,829","Analyze"
"AMADY","Amadeus It Group Unsp/Adrs","Pink","Spain","","","Unknown","$31,327,714,716","1.10%","0","Analyze"
"KNYJY","Kone Oyj B Unsp/Adrs","Pink","Finland","FH:KNEBV","Nasdaq Omx Helsinki Ltd.","Industrials","$31,251,785,726","5.08%","11,225","Analyze"
"ASAZY","Assa Abloy Unsp/Adrs","Pink","Sweden","","","Unknown","$30,716,736,327","2.56%","0","Analyze"
"CTPCY","CITIC Ltd Sponsored ADRs","Pink","Hong Kong","HK:0267","Hong Kong Exchange","Industrials","$30,544,775,762","10.25%","3,108","Analyze"
"SCMWY","Swisscom AG Sponsored ADRs","Pink","Switzerland","VX:SCMN","Six Swiss - Blue Chips Segment","Communication Services","$30,361,118,792","37.54%","7,717","Analyze"
"CJPRY","Central Japan Railway Unsp/Adrs","Pink","Japan","JT:9022","Tokyo Stock Exchange","Industrials","$30,261,400,000","0.74%","41,984","Analyze"
"PCRFY","Panasonic Corp S/Adrs","Pink","Japan","JT:6752","Tokyo Stock Exchange","Consumer Discretionary","$30,145,747,459","2.37%","125,367","Analyze"
"UNCRY","Unicredito Spa Unsp/Adrs","Pink","Italy","","","Unknown","$30,052,748,520","1.78%","82,969","Analyze"
"TSCDY","TESCO PLC S/ADRs","OTCQX","United Kingdom","LN:TSCO","London Stock Exchange","Consumer Staples","$29,870,164,545","0.92%","195,274","Analyze"
"SOTGY","Sunny Optical Tech Adrs","Pink","China","HK:2382","Hong Kong Exchange","Information Technology","$29,865,023,632","0.33%","926","Analyze"
"BACHY","Bank of China Limited Unsponsored ADRs Class H","Pink","China","HK:3988","Hong Kong Exchange","Financials","$29,736,081,488","2.22%","96,826","Analyze"
"MIELY","Mitsubishi Elec Unsp/Adrs","Pink","Japan","","","Industrials","$29,405,925,255","2.36%","0","Analyze"
"MKKGY","Merck KGaA Sponsored ADRs","Pink","Germany","GF:MRK","Frankfurt Stock Exchange","Health Care","$29,332,821,060","3.08%","31,417","Analyze"
"WEGZY","WEG S.A. Sponsored ADRs","Pink","Brazil","BS:WEGE3","XBSP","Industrials","$29,297,279,626","3.19%","151","Analyze"
"LGRDY","Legrand Sa Unsp/Adrs","Pink","France","FP:LR","Euronext Paris","Industrials","$29,198,607,670","6.50%","33,305","Analyze"
"OCPNY","Olympus Corp. Sponsored ADRs","Pink","Japan","JT:7733","Tokyo Stock Exchange","Health Care","$29,130,178,946","53.52%","55,305","Analyze"
"SCGLY","Societe Generale S.A. Sponsored ADRs","Pink","France","FP:GLE","Euronext Paris","Financials","$28,698,883,343","8.18%","263,198","Analyze"
"WTKWY","Wolters Kluwer NV Sponsored ADRs","Pink","The Netherlands","NA:WKL","Nyse Euronext - Euronext Amsterdam","Industrials","$28,188,984,509","1.33%","9,705","Analyze"
"HOKCY","Hong Kong & China Gas Co. Ltd. Sponsored ADRs","Pink","Hong Kong","HK:0003","Hong Kong Exchange","Utilities","$28,176,403,848","22.45%","33,527","Analyze"
"SSREY","Swiss Re AG Sponsored ADRs","Pink","Switzerland","VX:SREN","Six Swiss - Blue Chips Segment","Financials","$28,168,360,988","30.07%","64,736","Analyze"
"GBERY","Geberit Ag Unsp/Adrs","Pink","Switzerland","","","Unknown","$27,770,321,175","14.73%","0","Analyze"
"KAOOY","Kao Corp Unsp/Adrs","Pink","Japan","JT:4452","Tokyo Stock Exchange","Consumer Staples","$27,431,250,000","1.60%","162,887","Analyze"
"MGDDY","Michelin Cie Gen Unsp/Adrs","Pink","France","FP:ML","Euronext Paris","Consumer Discretionary","$27,425,791,548","7.48%","94,642","Analyze"
"BDRFY","Beierdorf Ag Unsp/Adrs","Pink","Germany","","","Unknown","$27,266,400,000","3.20%","0","Analyze"
"AFTPY","Afterpay Ltd ADRs","Pink","Australia","AT:APT","Asx - All Markets","Information Technology","$27,067,505,267","0.00%","21,640","Analyze"
"BAESY","BAE Systems plc Sponsored ADRs","Pink","United Kingdom","LN:BA","London Stock Exchange","Industrials","$26,602,435,318","0.73%","102,853","Analyze"
"FSNUY","Fresenius SE & Co. KGaA Sponsored ADRs","Pink","Germany","GF:FRE","Frankfurt Stock Exchange","Health Care","$26,347,447,382","7.43%","8,970","Analyze"
"SSDOY","Shiseido CompanyLimited Sponsored ADRs","Pink","Japan","JT:4911","Tokyo Stock Exchange","Consumer Staples","$26,300,000,000","60.84%","40,407","Analyze"
"CKHUY","CK Hutchison Holdings Unsp/Adrs","Pink","China","HK:0001","Hong Kong Exchange","Industrials","$26,158,437,030","36.68%","333,406","Analyze"
"SSMXY","Sysmex Corp Unsp/Asdr ADRs","Pink","Japan","JT:6869","Tokyo Stock Exchange","Health Care","$25,724,540,890","0.82%","14,797","Analyze"
"KUBTY","Kubota Corporation Sponsored ADRs","Pink","Japan","JT:6326","Tokyo Stock Exchange","Industrials","$25,722,140,992","37.59%","23,687","Analyze"
"HKHHY","Heineken Holding N.V. Sponsored ADRs","OTCQX","The Netherlands","NA:HEIO","Nyse Euronext - Euronext Amsterdam","Consumer Staples","$25,571,318,315","2.21%","2,958","Analyze"
"RWEOY","RWE AG Sponsored ADRs","Pink","Germany","GF:RWE","Frankfurt Stock Exchange","Utilities","$25,385,300,602","0.00%","61,708","Analyze"
"CRHKY","China Resources Beer (Holdings) Co. Ltd. Sponsored ADRs","Pink","Hong Kong","HK:0291","Hong Kong Exchange","Consumer Staples","$25,320,800,751","2.53%","602","Analyze"
"UNICY","Unicharm Corporation Sponsored ADRs","Pink","Japan","JT:8113","Tokyo Stock Exchange","Consumer Staples","$25,143,789,920","0.68%","71,464","Analyze"
"OPYGY","Polyus Gold PJSC Sponsored ADRs","Pink","Russia","RX:PLZL","Standard-Classica-Forts","Materials","$24,846,423,780","0.00%","671","Analyze"
"SWDBY","Swedbank AB Sponsored ADRs Class A","Pink","Sweden","SS:SWED-A","Nasdaq Omx Nordic","Financials","$24,425,853,466","6.78%","20,893","Analyze"
"AMKBY","A.P Moller-Mrs Uns/Adrs","Pink","Denmark","DC:MAERSK-A","Omx Nordic Exchange Copenhagen A/S","Industrials","$24,398,466,939","1.76%","38,256","Analyze"
"SVNLY","Svenska Handelsbanken AB Uns/Adrs","Pink","Sweden","SS:SHB-A","Nasdaq Omx Nordic","Financials","$24,251,371,248","9.93%","194,029","Analyze"
"TLPFY","Teleperformance Unsp/Adrs","Pink","France","FP:RCF","Euronext Paris","Industrials","$24,192,842,688","1.17%","3,013","Analyze"
"KMTUY","Komatsu Ltd. Sponsored ADRs","Pink","Japan","JT:6301","Tokyo Stock Exchange","Industrials","$23,958,849,596","2.92%","163,323","Analyze"
"SSEZY","SSE plc Sponsored ADRs","Pink","United Kingdom","LN:SSE","London Stock Exchange","Utilities","$23,824,492,930","3.62%","16,168","Analyze"
"KLBAY","Klabin SA Sponsored ADRs","Pink","Brazil","BS:KLBN11","XBSP","Materials","$23,806,600,800","0.05%","3,265","Analyze"
"KRYAY","Kerry Group Plc Sponsored ADRs","Pink","Ireland","ID:KRZ","Irish Stock Exchange - All Market","Consumer Staples","$23,726,558,655","0.66%","5,490","Analyze"
"EJPRY","East Japan Rwy Unsp/Adrs","Pink","Japan","JT:9020","Tokyo Stock Exchange","Industrials","$23,651,009,592","1.44%","77,975","Analyze"
"MLYBY","Malayan Banking Bhd. Sponsored ADRs","Pink","Malaysia","MK:1155","Bursa Malaysia","Financials","$23,298,975,786","13.17%","1,873","Analyze"
"CLPHY","CLP Holdings Limited Sponsored ADRs","Pink","Hong Kong","HK:0002","Hong Kong Exchange","Utilities","$23,195,218,520","32.16%","46,862","Analyze"
"TELNY","Telenor ASA Sponsored ADRs","Pink","Norway","NO:TEL","Oslo Bors Asa","Communication Services","$23,175,025,026","54.35%","39,449","Analyze"
"LGGNY","Legal & General Group Plc Sponsored ADRs","Pink","United Kingdom","LN:LGEN","London Stock Exchange","Financials","$23,163,290,745","0.92%","48,603","Analyze"
"OTSKY","Otsuka Holdings Co Adrs","Pink","Japan","","","Unknown","$23,127,864,681","2.13%","0","Analyze"
"CTTAY","Continental AG Sponsored ADRs","Pink","Germany","GF:CON","Frankfurt Stock Exchange","Consumer Discretionary","$22,681,678,502","46.22%","45,744","Analyze"
"SGSOY","SGS SA Adrs","Pink","Switzerland","VX:SGSN","Six Swiss - Blue Chips Segment","Industrials","$22,642,491,672","3.08%","25,880","Analyze"
"SZKMY","Suzuki Motor Co Unsp/Adrs","Pink","Japan","JT:7269","Tokyo Stock Exchange","Consumer Discretionary","$22,640,124,127","48.81%","5,015","Analyze"
"DTCWY","Deutsche Wohnen Unsp/Adrs","Pink","Germany","","","Unknown","$22,614,654,539","3.37%","0","Analyze"
"KYOCY","Kyocera Corporation Sponsored ADRs","Pink","Japan","JT:6971","Tokyo Stock Exchange","Information Technology","$22,521,172,111","2.02%","14,353","Analyze"
"UCBJY","UCB SA Unsp/Adrs","Pink","Belgium","BB:UCB","Nyse Euronext - Euronext Brussels","Health Care","$22,399,271,575","2.21%","30,874","Analyze"
"IESFY","Interconexion Electrica SA ESP Sponsored ADRs","OTCQX","Colombia","CX:ISA","Bolsa De Valores De Colombia","Utilities","$22,220,018,554","29.09%","0","Analyze"
"LSRCY","Lasertec Corp Unsp/Adrs","Pink","","","","Unknown","$22,204,447,200","0.29%","0","Analyze"
"EDPFY","EDP-Energias de Portugal SA Sponsored ADRs","Pink","Portugal","PL:EDP","Nyse Euronext - Euronext Lisbon","Utilities","$22,136,431,398","0.34%","19,708","Analyze"
"NSANY","Nissan Motor Co Ltd Sponsored ADRs","Pink","Japan","JT:7201","Tokyo Stock Exchange","Consumer Discretionary","$21,947,718,582","0.00%","139,034","Analyze"
"HVRRY","Hannover Ruck SE Sponsored ADRs","Pink","Germany","GF:HNR1","Frankfurt Stock Exchange","Financials","$21,712,308,005","5.00%","20,968","Analyze"
"HENKY","Henkel AG & Co. KGaA Sponsored ADRs","Pink","Germany","GF:HEN","Frankfurt Stock Exchange","Consumer Staples","$21,604,728,883","8.90%","20,558","Analyze"
"ATLCY","Atlas Copco AB Sponsored ADRs Class B","Pink","Sweden","SS:ATCO-B","Nasdaq Omx Nordic","Industrials","$21,475,703,105","2.89%","6,295","Analyze"
"MITEY","Mitsubishi Est Unsp/Adrs","Pink","Japan","","","Unknown","$21,405,116,934","1.45%","0","Analyze"
"ESALY","Eisai Co. Ltd. Sponsored ADRs","Pink","Japan","JT:4523","Tokyo Stock Exchange","Health Care","$21,357,268,832","2.11%","9,472","Analyze"
"AVVIY","Aviva plc Sponsored ADRs","Pink","United Kingdom","LN:AV","London Stock Exchange","Financials","$21,116,317,534","1.95%","125,858","Analyze"
"AKZOY","Akzo Nobel N.V. Sponsored ADRs","OTCQX","The Netherlands","NA:AKZA","Nyse Euronext - Euronext Amsterdam","Materials","$20,931,002,427","4.08%","70,494","Analyze"
"SGIOY","Shionogi & Co Unsp/Adrs","Pink","Japan","JT:4507","Tokyo Stock Exchange","Health Care","$20,926,126,841","1.50%","87,906","Analyze"
"OMVKY","OMV AG Sponsored ADRs","Pink","Austria","AV:OMV","Wiener Boerse Ag","Energy","$20,912,727,255","2.90%","4,355","Analyze"
"IMBBY","Imperial Brands PLC Sponsored ADRs","OTCQX","United Kingdom","LN:IMB","London Stock Exchange","Consumer Staples","$20,697,945,169","6.31%","855,540","Analyze"
"REPYY","Repsol SA Sponsored ADRs","OTCQX","Spain","SM:REP","Bolsa De Madrid","Energy","$20,574,024,834","0.00%","86,061","Analyze"
"HLDCY","Henderson Land Development Co. Ltd. Sponsored ADRs","Pink","Hong Kong","HK:0012","Hong Kong Exchange","Real Estate","$20,333,825,413","42.86%","30,568","Analyze"
"ASBFY","Associated British Foods plc Sponsored ADRs","Pink","United Kingdom","LN:ABF","London Stock Exchange","Consumer Staples","$19,918,522,444","0.25%","28,633","Analyze"
"OMRNY","OMRON Corporation Sponsored ADRs","Pink","Japan","JT:6645","Tokyo Stock Exchange","Information Technology","$19,820,132,199","87.41%","10,992","Analyze"
"GBOOY","Grupo Financiero Banorte SAB de CV Sponsored ADRs Class O","OTCQX","Mexico","MM:GFNORTEO","Bolsa Mexicana De Valores (Mexican Stock Exchange)","Financials","$19,535,418,431","9.35%","17,330","Analyze"
"EBKDY","Erste Group Bank AG Sponsored ADRs","Pink","Austria","AV:EBS","Wiener Boerse Ag","Financials","$19,495,728,000","2.41%","46,659","Analyze"
"ASMIY","ASM International N.V. ADRs","OTCQX","The Netherlands","NA:ASM","Nyse Euronext - Euronext Amsterdam","Information Technology","$19,388,665,060","0.51%","0","Analyze"
"TSYHY","TravelSky Technology Ltd. Sponsored ADRs","Pink","China","HK:0696","Hong Kong Exchange","Information Technology","$19,238,712,800","0.08%","4,066","Analyze"
"UPMMY","UPM-Kymmene Corp Unsponsored ADRs","Pink","Finland","FH:UPM","Nasdaq Omx Helsinki Ltd.","Materials","$19,219,822,521","3.61%","24,553","Analyze"
"SGTZY","Surgutneftegas PJSC Sponsored ADRs","Pink","Russia","RX:SNGS","Standard-Classica-Forts","Energy","$18,809,736,215","13.30%","124","Analyze"
"VEOEY","Veolia Environnement SA Sponsored ADRs","Pink","France","FP:VIE","Euronext Paris","Utilities","$18,743,720,332","2.16%","52,934","Analyze"
"SYIEY","Symrise Ag Unsp/Adrs","Pink","Germany","GF:SY1","Frankfurt Stock Exchange","Materials","$18,589,683,182","2.92%","22,468","Analyze"
"CABGY","Carlsberg A/S Sponsored ADRs Class B","Pink","Denmark","DC:CARL-B","Omx Nordic Exchange Copenhagen A/S","Consumer Staples","$18,512,976,086","66.29%","96,602","Analyze"
"OCDDY","Ocado Group Plc Spns/Adrs","Pink","United Kingdom","LN:OCDO","London Stock Exchange","Consumer Discretionary","$18,495,576,609","0.00%","15,773","Analyze"
"WOPEY","Woodside Petroleum Ltd Sponsored ADRs","Pink","Australia","AT:WPL","Asx - All Markets","Energy","$18,238,774,647","2.23%","108,374","Analyze"
"SCHYY","Sands China Ltd Unsp/Adrs","Pink","Hong Kong","HK:1928","Hong Kong Exchange","Consumer Discretionary","$17,950,692,914","0.00%","109,641","Analyze"
"SSUMY","Sumitomo Corporation Sponsored ADRs","Pink","Japan","JT:8053","Tokyo Stock Exchange","Industrials","$17,833,598,780","4.36%","81,453","Analyze"
"MTNOY","MTN Group Limited Sponsored ADRs","Pink","South Africa","SJ:MTN","Johannesburg Stock Exchange","Communication Services","$17,733,417,890","4.90%","10,343","Analyze"
"NHYDY","Norsk Hydro ASA Sponsored ADRs","OTCQX","Norway","NO:NHY","Oslo Bors Asa","Materials","$17,669,245,277","14.64%","125,382","Analyze"
"OEZVY","VERBUND AG Sponsored ADRs","Pink","Austria","AV:VER","Wiener Boerse Ag","Utilities","$17,551,093,027","3.64%","315","Analyze"
"KNRRY","Knorr-Bremse Unsp/Adrs","Pink","Germany","GY:KBX","Deutsche Boerse Xetra","Industrials","$17,486,976,000","5.65%","12,671","Analyze"
"PUBGY","Publicis Groupe SA Sponsored ADRs","OTCQX","France","FP:PUB","Euronext Paris","Communication Services","$17,378,089,581","11.66%","27,590","Analyze"
"VDMCY","Vodacom Group Limited Sponsored ADRs","Pink","South Africa","SJ:VOD","Johannesburg Stock Exchange","Communication Services","$17,202,054,685","88.05%","4,888","Analyze"
"JBSAY","JBS S.A. Sponsored ADRs","OTCQX","Brazil","BS:JBSS3","XBSP","Consumer Staples","$17,125,945,951","14.79%","43,345","Analyze"
"TLSNY","Telia Company Ab Unsp/Adrs","Pink","Sweden","","","Communication Services","$17,074,212,356","3.10%","0","Analyze"
"RKUNY","Rakuten Inc Sponsored ADRs","Pink","Japan","JT:4755","Tokyo Stock Exchange","Consumer Discretionary","$17,014,832,643","41.78%","34,025","Analyze"
"AVIFY","Advanced Info Service Public Co. Ltd. Sponsored ADRs","Pink","Thailand","TB:ADVANC","Stock Exchange Of Thailand","Communication Services","$16,921,637,751","4.27%","632","Analyze"
"OAOFY","TATNEFT PJSC Sponsored ADRs","Pink","Russia","RX:TATN","Standard-Classica-Forts","Energy","$16,892,115,243","61.95%","3,436","Analyze"
"NPSCY","NIPPON STEEL CORP. Sponsored ADRs","Pink","Japan","JT:5401","Tokyo Stock Exchange","Materials","$16,602,114,893","57.14%","750","Analyze"
"AJINY","Ajinomoto Co Unsp/Adrs","Pink","Japan","","","Unknown","$16,392,526,117","1.55%","0","Analyze"
"ATEYY","Advantest Corp. Sponsored ADRs","Pink","Japan","JT:6857","Tokyo Stock Exchange","Information Technology","$16,332,544,457","1.61%","11,598","Analyze"
"KNBWY","Kirin Holdings Company Limited Sponsored ADRs","Pink","Japan","JT:2503","Tokyo Stock Exchange","Consumer Staples","$16,324,040,000","2.28%","38,051","Analyze"
"CLLDY","CapitaLand Limited Sponsored ADRs","Pink","Singapore","SP:C31","Singapore Exchange","Real Estate","$16,155,922,934","1.50%","5,375","Analyze"
"RYCEY","Rolls-Royce Holdings PLC Sponsored ADRs","Pink","United Kingdom","LN:RR","London Stock Exchange","Industrials","$15,982,110,249","8.12%","2,449,494","Analyze"
"NVZMY","Novozymes A/S Unsp/Adrs","Pink","Denmark","DC:NZYM-B","Omx Nordic Exchange Copenhagen A/S","Materials","$15,968,817,744","0.00%","9,736","Analyze"
"HENOY","Henkel AG & Co. KGaA Sponsored ADRs Pfd","Pink","Germany","GY:HEN3","Deutsche Boerse Xetra","Consumer Staples","$15,947,715,267","8.27%","15,276","Analyze"
"BDORY","Banco do Brasil S.A. Sponsored ADRs","Pink","Brazil","BS:BBAS3","XBSP","Financials","$15,817,101,950","32.96%","308,157","Analyze"
"JBAXY","Julius Baer Grp Unsp/Adrs","Pink","Switzerland","VX:BAER","Six Swiss - Blue Chips Segment","Financials","$15,681,768,498","12.49%","139,039","Analyze"
"RTOKY","Rentokil Initial plc Sponsored ADRs","Pink","United Kingdom","LN:RTO","London Stock Exchange","Industrials","$15,624,346,771","0.18%","65,230","Analyze"
"DNKEY","Danske Bank A/S Sponsored ADRs","Pink","Denmark","DC:DANSKE","Omx Nordic Exchange Copenhagen A/S","Financials","$15,536,394,433","0.00%","6,119","Analyze"
"SGBLY","Standard Bank Group Limited Sponsored ADRs","Pink","South Africa","SJ:SBK","Johannesburg Stock Exchange","Financials","$15,446,700,000","62.93%","35,181","Analyze"
"PEXNY","PTT Exploration & Production Plc Sponsored ADRs","Pink","Thailand","TB:PTTEP.F","Stock Exchange Of Thailand","Energy","$15,363,843,498","2.00%","144","Analyze"
"POAHY","Porsche Autombl Unsp/Adrs","Pink","Germany","GY:PAH3","Deutsche Boerse Xetra","Consumer Discretionary","$15,327,046,875","22.08%","342,337","Analyze"
"NCMGY","Newcrest Mining Limited Sponsored ADRs","Pink","Australia","AT:NCM","Asx - All Markets","Materials","$15,025,891,601","2.99%","35,638","Analyze"
"AHKSY","Asahi Kaisei Crp Unsp/Adrs","Pink","Japan","JT:3407","Tokyo Stock Exchange","Materials","$14,831,436,820","2.77%","55,372","Analyze"
"TEZNY","Terna Rete Elettrica Adrs","Pink","Italy","IM:TRN","Borsa Italiana S.P.A.","Utilities","$14,679,641,566","0.82%","13,372","Analyze"
"SKHSY","Sekisui House Ltd. Sponsored ADRs","Pink","Japan","JT:1928","Tokyo Stock Exchange","Consumer Discretionary","$14,508,442,645","3.94%","14,994","Analyze"
"UMICY","Umicore Sa Unsp/Adrs","Pink","Belgium","","","Unknown","$14,488,320,000","5.10%","30,767","Analyze"
"MHGVY","Mowi ASA Sponsored ADRs","Pink","Norway","NO:MOWI","Oslo Bors Asa","Consumer Staples","$14,437,741,661","0.72%","18,290","Analyze"
"MKTAY","Makita Corporation Sponsored ADRs","Pink","Japan","JT:6586","Tokyo Stock Exchange","Industrials","$14,381,699,827","1.14%","26,161","Analyze"
"SWMAY","Swedish Match Ab Unsp/Adrs","Pink","Sweden","SS:SWMA","Nasdaq Omx Nordic","Consumer Staples","$14,141,000,000","11.58%","26,733","Analyze"
"SKHHY","Sonic Healthcare Sp/Adrs","Pink","Australia","","","Unknown","$14,056,913,828","3.10%","25,093","Analyze"
"CRRFY","Carrefour SA Sponsored ADRs","Pink","France","FP:CA","Euronext Paris","Consumer Staples","$13,871,415,624","13.64%","112,165","Analyze"
"SOLVY","Solvay SA Sponsored ADRs","OTCQX","Belgium","BB:SOLB","Nyse Euronext - Euronext Brussels","Materials","$13,774,521,722","17.31%","915","Analyze"
"LNVGY","Lenovo Group Limited Sponsored ADRs","Pink","Hong Kong","HK:0992","Hong Kong Exchange","Information Technology","$13,769,690,376","0.17%","29,186","Analyze"
"SOUHY","South32 Ltd Spns/Adrs","Pink","Australia","","","Unknown","$13,608,128,612","0.34%","0","Analyze"
"PANDY","Pandora A/S Sponsored ADRs","Pink","Denmark","DC:PNDORA","Omx Nordic Exchange Copenhagen A/S","Consumer Discretionary","$13,544,000,000","1.17%","10,672","Analyze"
"KKPNY","Royal KPN NV Sponsored ADRs","Pink","The Netherlands","NA:KPN","Nyse Euronext - Euronext Amsterdam","Communication Services","$13,386,059,427","4.14%","81,442","Analyze"
"TTDKY","TDK Corporation Sponsored ADRs","Pink","Japan","JT:6762","Tokyo Stock Exchange","Information Technology","$13,292,113,894","1.51%","6,921","Analyze"
"YARIY","Yara International ASA Sponsored ADRs","Pink","Norway","NO:YAR","Oslo Bors Asa","Materials","$13,092,897,228","9.08%","24,613","Analyze"
"BMBOY","Grupo Bimbo SAB de CV Sponsored ADRs","Pink","Mexico","MM:BIMBOA","Bolsa Mexicana De Valores (Mexican Stock Exchange)","Consumer Staples","$12,985,193,236","8.62%","0","Analyze"
"QBIEY","QBE Insurance Group Limited Sponsored ADRs","Pink","Australia","AT:QBE","Asx - All Markets","Financials","$12,934,251,830","0.98%","14,929","Analyze"
"TNABY","Tenaga Nasional Bhd Sponsored ADRs","Pink","Malaysia","MK:5347","Bursa Malaysia","Utilities","$12,826,444,673","4.46%","1,712","Analyze"
"SLVYY","SOLVAY SA UNSP/ADRs","OTCQX","Belgium","","","Unknown","$12,821,633,978","18.58%","0","Analyze"
"SUTNY","Sumitomo Mitsui Trust Holdings Inc Sponsored ADRs","Pink","Japan","JT:8309","Tokyo Stock Exchange","Financials","$12,797,438,104","3.67%","143,240","Analyze"
"SDXAY","Sodexo SA Sponsored ADRs","Pink","France","FP:SW","Euronext Paris","Consumer Discretionary","$12,776,965,959","18.49%","15,502","Analyze"
"COVTY","Covestro AG Sponsored ADRs","Pink","Germany","GY:1COV","Deutsche Boerse Xetra","Materials","$12,650,736,000","3.97%","16,264","Analyze"
"CCHGY","Coca-Cola HBC AG Sponsored ADRs","Pink","Switzerland","LN:CCH","London Stock Exchange","Consumer Staples","$12,572,977,638","1.86%","1,087","Analyze"
"IMPUY","Impala Platinum Holdings Limited Sponsored ADRs","OTCQX","South Africa","SJ:IMP","Johannesburg Stock Exchange","Materials","$12,504,192,827","9.79%","126,366","Analyze"
"BKHYY","Bank Hapoalim BM Sponsored ADRs","Pink","Israel","IT:POLI","Tel Aviv Stock Exchange","Financials","$12,457,078,180","0.22%","166","Analyze"
"HGKGY","Power Assets Holdings Limited Sponsored ADRs","Pink","Hong Kong","HK:0006","Hong Kong Exchange","Utilities","$12,357,376,980","48.70%","6,919","Analyze"
"YAMCY","Yamaha Corporation Sponsored ADRs","Pink","Japan","JT:7951","Tokyo Stock Exchange","Consumer Discretionary","$12,272,930,452","1.23%","4,630","Analyze"
"STBFY","Suntory Beverage & Food Limited Unsp/Adrs","Pink","Japan","JT:2587","Tokyo Stock Exchange","Consumer Staples","$12,180,780,000","1.82%","30,681","Analyze"
"NPNYY","Nippon Yusen Kabushiki Kaisha Sponsored ADRs","Pink","Japan","JT:9101","Tokyo Stock Exchange","Industrials","$12,099,420,223","2.77%","3,065","Analyze"
"SNMCY","Suncorp Group Limited Sponsored ADRs","Pink","Australia","AT:SUN","Asx - All Markets","Financials","$12,021,269,448","7.04%","111","Analyze"
"SINGY","Singapore Airlns Unsp/Adrs","Pink","Singapore","","","Unknown","$12,013,934,696","0.00%","0","Analyze"
"MONDY","Mondi Plc Unsp/Adrs","Pink","United Kingdom","","","Unknown","$12,006,531,095","1.23%","32,718","Analyze"
"YASKY","Yaskawa Electric Unsp/Adrs","Pink","Japan","","","Unknown","$11,973,736,634","13.36%","0","Analyze"
"BZLFY","Bunzl plc Sponsored ADRs","Pink","United Kingdom","LN:BNZL","London Stock Exchange","Industrials","$11,891,778,449","1.53%","12,846","Analyze"
"BDOUY","BDO Unibank Inc. Sponsored ADRs","Pink","Philippines","PM:BDO","Philippine Stock Exchange Inc.","Financials","$11,870,642,792","4.43%","2,824","Analyze"
"PSMMY","Persimmon Plc Unsp/Adrs","Pink","United Kingdom","","","Unknown","$11,777,989,194","3.18%","11,854","Analyze"
"SSLZY","Santos Limited Sponsored ADRs","Pink","Australia","AT:STO","Asx - All Markets","Energy","$11,509,002,375","1.90%","383","Analyze"
"ALNPY","ANA Holdings Inc. Sponsored ADRs","Pink","Japan","JT:9202","Tokyo Stock Exchange","Industrials","$11,477,757,396","11.50%","660","Analyze"
"ASXFY","Asx Ltd Unsp/Adrs","Pink","Australia","","","Unknown","$11,449,217,881","3.78%","0","Analyze"
"KIROY","Kumba Iron Ore Limited Sponsored ADRs","Pink","South Africa","SJ:KIO","Johannesburg Stock Exchange","Materials","$11,382,518,321","21.29%","6,167","Analyze"
"ICAGY","International Consolidated Airlines Group SA Sponsored ADRs","Pink","Spain","LN:IAG","London Stock Exchange","Industrials","$11,310,556,298","7.41%","657,744","Analyze"
"IFJPY","Informa Plc Sponsored ADRs","Pink","United Kingdom","LN:INF","London Stock Exchange","Communication Services","$11,258,314,902","0.00%","38,823","Analyze"
"NDVLY","New World Development Co. Ltd. Sponsored ADRs","Pink","Hong Kong","HK:0017","Hong Kong Exchange","Real Estate","$10,972,520,626","94.50%","11,207","Analyze"
"BXBLY","Brambles Limited Sponsored ADRs","Pink","Australia","AT:BXB","Asx - All Markets","Industrials","$10,947,974,859","1.35%","64,921","Analyze"
"SKFRY","SKF AB Sponsored ADRs Class B","Pink","Sweden","SS:SKF-B","Nasdaq Omx Nordic","Industrials","$10,833,293,580","2.92%","27,234","Analyze"
"MNBEY","MinebeaMitsumi Inc. Sponsored ADRs","Pink","Japan","JT:6479","Tokyo Stock Exchange","Industrials","$10,770,972,883","55.51%","832","Analyze"
"HLPPY","Hang Lung Properties Limited Sponsored ADRs","Pink","Hong Kong","HK:0101","Hong Kong Exchange","Real Estate","$10,591,259,617","6.54%","36,515","Analyze"
"SNLAY","Sino Land Co. Ltd. Sponsored ADRs","Pink","Hong Kong","HK:0083","Hong Kong Exchange","Real Estate","$10,561,590,016","7.70%","137","Analyze"
"SEOAY","Stora Enso Oyj Sponsored ADRs Class R","Pink","Finland","FH:STERV","Nasdaq Omx Helsinki Ltd.","Materials","$10,342,952,169","1.78%","36,023","Analyze"
"SKBSY","Skanska AB Sponsored ADRs Class B","Pink","Sweden","SS:SKA-B","Nasdaq Omx Nordic","Industrials","$10,337,907,373","3.60%","1,947","Analyze"
"BURBY","Burberry Group plc Sponsored ADRs","Pink","United Kingdom","LN:BRBY","London Stock Exchange","Consumer Discretionary","$10,220,522,903","1.68%","51,130","Analyze"
"ARKAY","Arkema SA Sponsored ADRs","Pink","France","FP:AKE","Euronext Paris","Materials","$10,217,461,779","1.88%","1,403","Analyze"
"CHYHY","Chr. Hansen Holding A/S Sponsored ADRs","Pink","Denmark","DC:CHR","Omx Nordic Exchange Copenhagen A/S","Materials","$10,210,657,290","4.49%","92,095","Analyze"
"DSEEY","Daiwa Securities Group Inc. Sponsored ADRs","Pink","Japan","JT:8601","Tokyo Stock Exchange","Financials","$10,077,316,118","5.55%","3,417","Analyze"
"TMSNY","Temenos AG Sponsored ADRs","Pink","Switzerland","SE:TEMN","Six Swiss Exchange","Information Technology","$9,790,032,673","0.77%","7,457","Analyze"
"KGFHF","Kingfisher PLC ADRs","OTCQX","United Kingdom","LN:KGF","London Stock Exchange","Consumer Discretionary","$9,655,537,361","2.11%","4,077","Analyze"
"KGFHY","Kingfisher Plc Sponsored ADRs","OTCQX","United Kingdom","LN:KGF","London Stock Exchange","Consumer Discretionary","$9,646,208,183","1.02%","55,827","Analyze"
"SLLDY","Sanlam Limited Sponsored ADRs","Pink","South Africa","SJ:SLM","Johannesburg Stock Exchange","Financials","$9,585,511,820","34.84%","6,281","Analyze"
"JSAIY","J Sainsbury Plc Sponsored ADRs","OTCQX","United Kingdom","LN:SBRY","London Stock Exchange","Consumer Staples","$9,545,363,157","0.65%","10,184","Analyze"
"ACCYY","Accor SA Sponsored ADRs","Pink","France","FP:AC","Euronext Paris","Consumer Discretionary","$9,465,481,441","16.92%","98,850","Analyze"
"UUGRY","United Utilities Group PLC Sponsored ADRs","Pink","United Kingdom","LN:UU","London Stock Exchange","Utilities","$9,358,918,537","1.57%","19,775","Analyze"
"ORKLY","Orkla ASA Sponsored ADRs Class A","Pink","Norway","NO:ORK","Oslo Bors Asa","Consumer Staples","$9,353,365,260","29.44%","44,823","Analyze"
"WTBDY","Whitbread PLC Sponsored ADRs","Pink","United Kingdom","LN:WTB","London Stock Exchange","Consumer Discretionary","$9,332,269,577","0.00%","2,147","Analyze"
"JAPSY","Japan Airlines Unsp/Adrs","Pink","Japan","","","Unknown","$9,311,156,550","0.00%","0","Analyze"
"CRZBY","Commerzbank AG Sponsored ADRs","Pink","Germany","GF:CBK","Frankfurt Stock Exchange","Financials","$9,286,231,856","2.90%","21,441","Analyze"
"AGESY","ageas SA/NV Sponsored ADRs","Pink","The Netherlands","BB:AGS","Nyse Euronext - Euronext Brussels","Financials","$9,259,375,714","5.47%","14,105","Analyze"
"STRNY","Severn Trent Plc Sponsored ADRs","Pink","United Kingdom","LN:SVT","London Stock Exchange","Utilities","$9,251,294,541","2.75%","400","Analyze"
"AUCOY","Polymetal International PLC Sponsored ADRs","Pink","Russia","LN:POLY","London Stock Exchange","Materials","$9,085,730,220","6.98%","3,894","Analyze"
"WHGLY","WH Group Ltd. (HK) Sponsored ADRs","Pink","Hong Kong","HK:0288","Hong Kong Exchange","Consumer Staples","$8,727,756,856","0.17%","24,029","Analyze"
"TMRAY","TOMRA Systems ASA Sponsored ADRs","Pink","Norway","NO:TOM","Oslo Bors Asa","Industrials","$8,659,175,850","5.13%","1,564","Analyze"
"HKVTY","HK Electric Investments & HK Electric Investments Ltd. Sponsored ADRs","Pink","Hong Kong","HK:2638","Hong Kong Exchange","Utilities","$8,615,295,000","3.28%","0","Analyze"
"IPSEY","Ipsen SA Sponsored ADRs","Pink","France","FP:IPN","Euronext Paris","Health Care","$8,414,978,410","3.99%","607","Analyze"
"AGRPY","Absa Group Limited Sponsored ADRs","Pink","South Africa","SJ:ABG","Johannesburg Stock Exchange","Financials","$8,401,209,239","15.64%","452","Analyze"
"AHEXY","Adecco Group Ag Unsp/Adrs","Pink","Switzerland","","","Unknown","$8,351,957,862","9.02%","0","Analyze"
"CMSQY","Computershare Limited Sponsored ADRs","Pink","Australia","AT:CPU","Asx - All Markets","Information Technology","$8,298,259,723","2.51%","4,341","Analyze"
"RTMVY","Rightmove Plc Unsp/Adrs","Pink","United Kingdom","","","Unknown","$8,206,373,617","0.39%","15,335","Analyze"
"DLAKY","Deutsche Lufthansa AG Sponsored ADRs","OTCQX","Germany","GF:LHA","Frankfurt Stock Exchange","Industrials","$8,165,166,949","13.65%","40,369","Analyze"
"HLTOY","Hellenic Telecommunications Organization SA Sponsored ADRs","Pink","Greece","GA:HTO","Athens Exchange S.A. Cash Market","Communication Services","$8,120,821,554","7.65%","588","Analyze"
"QABSY","Qantas Airways Ltd Sponsored ADRs","Pink","Australia","AT:QAN","Asx - All Markets","Industrials","$8,113,764,299","0.59%","5,613","Analyze"
"AUKNY","Auckland International Airport Ltd Sponsored ADRs","Pink","New Zealand","NZ:AIA","New Zealand Exchange Ltd","Industrials","$8,049,490,880","0.55%","101","Analyze"
"DNPLY","Dai Nippon Printing Co Ltd Sponsored ADRs","Pink","Japan","JT:7912","Tokyo Stock Exchange","Industrials","$7,956,387,878","2.66%","24,969","Analyze"
"HKMPY","Hikma Pharmaceuticals Plc Sponsored ADRs","Pink","Jordan","LN:HIK","London Stock Exchange","Health Care","$7,907,025,920","0.77%","200","Analyze"
"TMICY","Trend Micro Incorporated Sponsored ADRs","Pink","Japan","JT:4704","Tokyo Stock Exchange","Information Technology","$7,862,143,950","2.53%","3,021","Analyze"
"SMGZY","Smiths Group Plc Sponsored ADRs","Pink","United Kingdom","LN:SMIN","London Stock Exchange","Industrials","$7,842,706,783","1.91%","9,418","Analyze"
"BBSEY","BB Seguridade Participacoes SA Sponsored ADRs","Pink","Brazil","BS:BBSE3","XBSP","Financials","$7,740,000,000","24.88%","131,430","Analyze"
"RICOY","Ricoh Company Ltd. Sponsored ADRs","Pink","Japan","JT:7752","Tokyo Stock Exchange","Information Technology","$7,553,408,471","2.42%","282","Analyze"
"KPELY","Keppel Corporation Limited Sponsored ADRs","Pink","Singapore","SP:BN4","Singapore Exchange","Industrials","$7,414,826,992","2.33%","10,462","Analyze"
"SRGHY","Shoprite Holdings Limited Sponsored ADRs","Pink","South Africa","SJ:SHP","Johannesburg Stock Exchange","Consumer Staples","$7,409,471,430","43.42%","2,080","Analyze"
"MGYOY","MOL Hungarian Oil & Gas Plc Sponsored ADRs Class A","Pink","Hungary","HB:MOL","Budapest Stock Exchange","Energy","$7,210,938,451","3.60%","100","Analyze"
"LZRFY","Localiza Rent A Car S.A. Sponsored ADRs","OTCQX","Brazil","BS:RENT3","XBSP","Industrials","$7,205,433,365","3.72%","34,424","Analyze"
"JMPLY","Johnson Matthey Plc Sponsored ADRs","Pink","United Kingdom","LN:JMAT","London Stock Exchange","Materials","$7,155,888,898","0.95%","841","Analyze"
"VLEEY","Valeo SA Sponsored ADRs","Pink","France","FP:FR","Euronext Paris","Consumer Discretionary","$6,946,958,162","2.09%","40,202","Analyze"
"OISHY","Oil Search Ltd Sponsored ADRs","Pink","Australia","AT:OSH","Asx - All Markets","Energy","$6,881,841,402","0.23%","201","Analyze"
"RADLY","Raia Drogasil S.A. Sponsored ADRs","Pink","Brazil","BS:RADL3","XBSP","Consumer Staples","$6,807,603,530","3.98%","14,243","Analyze"
"ELUXY","Electrolux AB Sponsored ADRs Class B","Pink","Sweden","SS:ELUX-B","Nasdaq Omx Nordic","Consumer Discretionary","$6,766,374,825","2.08%","7,045","Analyze"
"UBSFY","Ubisoft Entertainment SA Unsponsored ADRs","Pink","France","FP:UBI","Euronext Paris","Communication Services","$6,701,991,666","0.00%","79,277","Analyze"
"TLKGY","Telkom SA SOC Ltd. Sponsored ADRs","Pink","South Africa","SJ:TKG","Johannesburg Stock Exchange","Communication Services","$6,650,410,403","3.92%","1,020","Analyze"
"IMIAY","IMI plc Sponsored ADRs","Pink","United Kingdom","LN:IMI","London Stock Exchange","Industrials","$6,513,330,427","0.46%","2,193","Analyze"
"GPOVY","Grupo Carso SAB de CV Sponsored ADRs","Pink","Mexico","MM:GCARSOA1","Bolsa Mexicana De Valores (Mexican Stock Exchange)","Industrials","$6,453,786,991","16.78%","0","Analyze"
"BTLCY","British Land Company PLC Sponsored ADRs","Pink","United Kingdom","LN:BLND","London Stock Exchange","Real Estate","$6,450,166,212","2.16%","39,430","Analyze"
"ESYJY","easyJet plc Sponsored ADRs","OTCQX","United Kingdom","LN:EZJ","London Stock Exchange","Industrials","$6,443,085,213","7.43%","61,354","Analyze"
"TSRYY","Treasury Wine Estates Limited Sponsored ADRs","Pink","Australia","AT:TWE","Asx - All Markets","Consumer Staples","$6,330,608,504","3.19%","39,185","Analyze"
"TKAMY","ThyssenKrupp AG Sponsored ADRs","Pink","Germany","GF:TKA","Frankfurt Stock Exchange","Materials","$6,298,776,155","1.73%","10,191","Analyze"
"NDBKY","Nedbank Group Limited Sponsored ADRs","Pink","South Africa","SJ:NED","Johannesburg Stock Exchange","Financials","$6,238,754,512","35.32%","12,248","Analyze"
"SPKKY","Spark New Zealand Limited Sponsored ADRs","Pink","New Zealand","NZ:SPK","New Zealand Exchange Ltd","Communication Services","$6,217,702,428","1.50%","15,726","Analyze"
"AUOTY","Au Optronics Corp Adrs","Pink","Taiwan","TT:2409","Taiwan Stock Exchange","Information Technology","$6,198,013,857","4.66%","247,386","Analyze"
"CFRUY","Compagnie FinanciÃ¨re Richemont SA  Un/Adrs","Pink","Switzerland","VX:CFR","Six Swiss - Blue Chips Segment","Consumer Discretionary","$6,133,500,000","15.39%","287,451","Analyze"
"WEGRY","Weir Group PLC Sponsored ADRs","Pink","United Kingdom","LN:WEIR","London Stock Exchange","Industrials","$6,069,729,776","0.98%","10,476","Analyze"
"TOPPY","TOPPAN PRINTING CO LTD Sponsored ADRs","Pink","Japan","JT:7911","Tokyo Stock Exchange","Industrials","$6,014,926,000","2.38%","115","Analyze"
"TKAGY","Telekom Austria AG Sponsored ADRs","Pink","Austria","AV:TKA","Wiener Boerse Ag","Communication Services","$5,997,112,500","1.39%","807","Analyze"
"CPCAY","Cathay Pacific Airways Limited Sponsored ADRs","Pink","Hong Kong","HK:0293","Hong Kong Exchange","Industrials","$5,986,596,191","0.28%","5,935","Analyze"
"CBUMY","China National Building Material Co. Ltd. Sponsored ADRs Class H","Pink","China","HK:3323","Hong Kong Exchange","Materials","$5,970,260,286","0.72%","1,175","Analyze"
"SWRAY","Swire Pacific Limited Sponsored ADRs Class A","Pink","Hong Kong","HK:0019","Hong Kong Exchange","Real Estate","$5,901,943,120","30.67%","16,090","Analyze"
"TIIAY","Telecom Italia S.p.A. Sponsored ADRs","Pink","Italy","IM:TIT","Borsa Italiana S.P.A.","Communication Services","$5,886,515,136","0.00%","31,154","Analyze"
"KHOLY","Koc Holding A.S. Unsponsored ADRs Class B","Pink","Turkey","TI:KCHOL","Istanbul Stock Exchange","Industrials","$5,776,775,758","2.29%","13,804","Analyze"
"HSQVY","Husqvarna AB Sponsored ADRs Class B","Pink","Sweden","SS:HUSQ-B","Nasdaq Omx Nordic","Consumer Discretionary","$5,757,978,517","1.02%","2,412","Analyze"
"GPFOY","Grupo Financiero Inbursa SAB de CV Sponsored ADRs Class O","Pink","Mexico","MM:GFINBURO","Bolsa Mexicana De Valores (Mexican Stock Exchange)","Financials","$5,747,842,535","0.53%","2,053","Analyze"
"SNPHY","Santen Pharmaceutical Co Unsp/Adrs","Pink","Japan","JT:4536","Tokyo Stock Exchange","Health Care","$5,712,720,611","1.46%","70,411","Analyze"
"LLESY","Lendlease Group Sponsored ADRs","Pink","Australia","AT:LLC","Asx - All Markets","Real Estate","$5,672,326,954","3.28%","1,687","Analyze"
"EGIEY","ENGIE Brasil Energia S.A. Sponsored ADRs","Pink","Brazil","BS:EGIE3","XBSP","Utilities","$5,580,945,742","25.07%","3,316","Analyze"
"LRENY","Lojas Renner SA Sponsored ADRs","Pink","Brazil","BS:LREN3","XBSP","Consumer Discretionary","$5,494,841,295","6.05%","93,720","Analyze"
"HLUYY","H. Lundbeck A/S Sponsored ADRs","Pink","Denmark","DC:LUN","Omx Nordic Exchange Copenhagen A/S","Health Care","$5,452,678,318","9.13%","810","Analyze"
"SMGBY","San Miguel Corp. Sponsored ADRs","Pink","Philippines","PM:SMC","Philippine Stock Exchange Inc.","Industrials","$5,446,822,204","6.11%","1,300","Analyze"
"TGLVY","Top Glove Corporation Bhd. Sponsored ADRs","Pink","Malaysia","MK:TOPG","Bursa Malaysia","Health Care","$5,444,726,160","18.09%","35,847","Analyze"
"BKNIY","Bankinter SA Sponsored ADRs","Pink","Spain","SM:BKT","Bolsa De Madrid","Financials","$5,420,162,909","0.83%","258","Analyze"
"TSGTY","Tsingtao Brewery Co Ltd Sponsored ADRs Class H","Pink","China","HK:0168","Hong Kong Exchange","Consumer Staples","$5,232,692,610","1.88%","899","Analyze"
"SCRYY","Scor SE Sponsored ADRs","Pink","France","FP:SCR","Euronext Paris","Financials","$5,181,158,943","64.81%","6,038","Analyze"
"GEBHY","Genting Bhd. Sponsored ADRs","Pink","Malaysia","MK:GENT","Bursa Malaysia","Consumer Discretionary","$5,142,444,382","0.00%","8,243","Analyze"
"PEGRD","Pennon Group Unsp/Adr New","Pink","United Kingdom","","","Unknown","$5,087,376,222","0.91%","0","Analyze"
"RSHYY","Federal Hydro-Generating Co. RusHydro PJSC Sponsored ADRs","OTCQX","Russia","RX:HYDR","Standard-Classica-Forts","Utilities","$5,007,893,526","4.65%","1,330","Analyze"
"CDEVY","City Developments Limited Sponsored ADRs","Pink","Singapore","SP:C09","Singapore Exchange","Real Estate","$4,997,026,328","1.45%","5,627","Analyze"
"MAKSF","Marks and Spencer Group plc ADRs","OTCQX","United Kingdom","LN:MKS","London Stock Exchange","Consumer Discretionary","$4,964,465,309","0.00%","3,201","Analyze"
"LYSDY","Lynas Corporation Limited Sponsored ADRs","Pink","Australia","AT:LYC","Asx - All Markets","Materials","$4,958,751,489","0.00%","91,427","Analyze"
"GIVSY","Grupo de Inversiones Suramericana S.A. Sponsored ADRs","Pink","Colombia","CX:GRUPOSUR","Bolsa De Valores De Colombia","Financials","$4,924,239,259","2.95%","75","Analyze"
"MAKSY","Marks and Spencer Group plc Sponsored ADRs","OTCQX","United Kingdom","LN:MKS","London Stock Exchange","Consumer Discretionary","$4,915,506,085","0.00%","48,944","Analyze"
"DUFRY","Dufry Ag Unsp/Adrs","Pink","Switzerland","VX:DUFN","Six Swiss - Blue Chips Segment","Consumer Discretionary","$4,875,799,276","70.47%","397,725","Analyze"
"AWCMY","Alumina Limited Sponsored ADRs","OTCQX","Australia","AT:AWC","Asx - All Markets","Materials","$4,831,299,558","0.95%","22,862","Analyze"
"BOALY","Boral Limited Sponsored ADRs","Pink","Australia","AT:BLD","Asx - All Markets","Materials","$4,803,950,069","0.00%","893","Analyze"
"BKEAY","Bank of East Asia Ltd. Sponsored ADRs","Pink","Hong Kong","HK:0023","Hong Kong Exchange","Financials","$4,793,122,272","35.98%","615","Analyze"
"TPRKY","Travis Perkins plc Unsponsored ADRs","Pink","United Kingdom","LN:TPK","London Stock Exchange","Industrials","$4,775,373,555","0.56%","0","Analyze"
"CPYYY","Centrica plc Sponsored ADRs","Pink","United Kingdom","LN:CNA","London Stock Exchange","Utilities","$4,689,686,067","4.98%","14,736","Analyze"
"IGGHY","IG Group Holdings plc Sponsored ADRs","Pink","United Kingdom","LN:IGG","London Stock Exchange","Financials","$4,682,582,837","3.98%","2,463","Analyze"
"AKABY","ALK-abello A/S Sponsored ADRs","Pink","Denmark","DC:ALK-B","Omx Nordic Exchange Copenhagen A/S","Health Care","$4,674,238,140","0.00%","0","Analyze"
"CLCGY","Clicks Group Limited Sponsored ADRs","Pink","South Africa","SJ:CLS","Johannesburg Stock Exchange","Consumer Staples","$4,628,750,694","11.94%","537","Analyze"
"UOLGY","UOL Group Limited Sponsored ADRs","Pink","Singapore","SP:U14","Singapore Exchange","Real Estate","$4,605,543,211","0.69%","1,140","Analyze"
"GLAPY","Glanbia Plc Sponsored ADRs","Pink","Ireland","LN:GL9","London Stock Exchange","Consumer Staples","$4,576,764,358","0.35%","403","Analyze"
"BDVSY","Bidvest Group Limited Sponsored ADRs","Pink","South Africa","SJ:BVT","Johannesburg Stock Exchange","Industrials","$4,450,788,446","23.06%","11,724","Analyze"
"GMALY","Genting Malaysia Bhd. Sponsored ADRs","Pink","Malaysia","MK:GENM","Bursa Malaysia","Consumer Discretionary","$4,409,491,008","0.00%","400","Analyze"
"SGTPY","Surgutneftegas PJSC Sponsored ADRs Pfd","Pink","Russia","RX:SNGSP","Standard-Classica-Forts","Energy","$4,367,033,002","0.37%","73,784","Analyze"
"TATYY","Tate & Lyle PLC Sponsored ADRs","OTCQX","United Kingdom","LN:TATE","London Stock Exchange","Consumer Staples","$4,348,776,470","0.83%","869","Analyze"
"TKGBY","Turkiye Garanti Bankasi Anonim Sirketi Sponsored ADRs","OTCQX","Turkey","TI:GARAN","Istanbul Stock Exchange","Financials","$4,326,000,000","1.74%","1,059,070","Analyze"
"EQUEY","Equatorial Energia S.A. Sponsored ADRs","Pink","Brazil","BS:EQTL3","XBSP","Utilities","$4,324,987,444","16.82%","3,396","Analyze"
"ROSYY","Rostelecom PJSC Sponsored ADRs","OTCQX","Russia","RX:RTKM","Standard-Classica-Forts","Communication Services","$4,289,783,964","0.00%","500","Analyze"
"BOSSY","HUGO BOSS AG Sponsored ADRs","OTCQX","Germany","GF:BOSS","Frankfurt Stock Exchange","Consumer Discretionary","$4,269,760,000","0.33%","974","Analyze"
"FCREY","Fletcher Building Limited Sponsored ADRs","Pink","New Zealand","NZ:FBU","New Zealand Exchange Ltd","Materials","$4,178,924,829","2.94%","0","Analyze"
"WBRBY","Wienerberger AG Sponsored ADRs","Pink","Austria","AV:WIE","Wiener Boerse Ag","Materials","$4,146,767,352","8.33%","5,959","Analyze"
"SKLKY","Shinsei Bank Ltd Sponsored ADRs","Pink","Japan","JT:8303","Tokyo Stock Exchange","Financials","$4,144,555,024","0.64%","484","Analyze"
"EVNVY","EVN AG Sponsored ADRs","Pink","Austria","AV:EVN","Wiener Boerse Ag","Utilities","$4,092,233,646","10.77%","0","Analyze"
"PCCWY","PCCW Limited Sponsored ADRs","Pink","Hong Kong","HK:0008","Hong Kong Exchange","Communication Services","$4,019,411,890","6.23%","453","Analyze"
"UPCHY","Uni-President China Holdings Ltd. Sponsored ADRs","Pink","China","HK:0220","Hong Kong Exchange","Consumer Staples","$3,971,195,680","0.41%","7","Analyze"
"WEICY","Weichai Pwr Co Unsp/Adrs","Pink","China","HK:2338","Hong Kong Exchange","Industrials","$3,893,366,400","2.61%","17,333","Analyze"
"NWSGY","NWS Holdings Limited Sponsored ADRs","Pink","China","HK:0659","Hong Kong Exchange","Industrials","$3,879,848,747","5.95%","1,284","Analyze"
"KWHIY","Kawasaki Heavy Industries Ltd Sponsored ADRs","Pink","Japan","JT:7012","Tokyo Stock Exchange","Industrials","$3,828,617,040","0.00%","4,129","Analyze"
"VNRFY","Vienna Insurance Group AG Wiener Versicherung Gruppe Sponsored ADRs","Pink","Austria","AV:VIG","Wiener Boerse Ag","Financials","$3,804,800,000","12.62%","5,050","Analyze"
"ISSDY","ISS A/S Sponsored ADRs","Pink","Denmark","DC:ISS","Omx Nordic Exchange Copenhagen A/S","Industrials","$3,757,960,800","11.90%","0","Analyze"
"SGAMY","Sega Sammy Holdings Inc. Sponsored ADRs","Pink","Japan","JT:6460","Tokyo Stock Exchange","Consumer Discretionary","$3,727,212,664","2.52%","2,735","Analyze"
"LKNCY","Luckin Coffee Inc Sp/Adrs","Pink","","","","Unknown","$3,723,184,571","0.00%","0","Analyze"
"YZCAY","Yanzhou Coal Mining Co. Ltd. Sponsored ADRs Class H","OTCQX","China","HK:1171","Hong Kong Exchange","Energy","$3,695,500,000","3.08%","10,465","Analyze"
"MRPLY","Mr Price Group Limited Sponsored ADRs","Pink","South Africa","SJ:MRP","Johannesburg Stock Exchange","Consumer Discretionary","$3,631,213,821","47.51%","5,787","Analyze"
"HYSNY","Hysan Development Co. Ltd. Sponsored ADRs","Pink","Hong Kong","HK:0014","Hong Kong Exchange","Real Estate","$3,570,254,082","20.90%","310","Analyze"
"GIKLY","Grifols S.A. Sponsored ADRs Class A","Pink","Spain","SM:GRF","Bolsa De Madrid","Health Care","$3,555,380,000","2.94%","0","Analyze"
"STWRY","Software AG Sponsored ADRs","OTCQX","Germany","GF:SOW","Frankfurt Stock Exchange","Information Technology","$3,484,956,000","6.46%","2,124","Analyze"
"HNLGY","Hang Lung Group Limited Sponsored ADRs","Pink","Hong Kong","HK:0010","Hong Kong Exchange","Real Estate","$3,444,894,147","6.64%","100","Analyze"
"LMPMY","Lee & Man Paper Manufacturing Limited Sponsored ADRs","Pink","Hong Kong","HK:2314","Hong Kong Exchange","Materials","$3,399,074,044","4.22%","193","Analyze"
"CPKPY","CP Pokphand Co. Ltd. Sponsored ADRs","Pink","Hong Kong","HK:0043","Hong Kong Exchange","Consumer Staples","$3,398,943,416","0.37%","139","Analyze"
"BTVCY","Britvic plc Sponsored ADRs","OTCQX","United Kingdom","LN:BVIC","London Stock Exchange","Consumer Staples","$3,396,053,793","1.11%","7,536","Analyze"
"TCCPY","TechnoPro Holdings Inc. Sponsored ADRs","Pink","Japan","JT:6028","Tokyo Stock Exchange","Industrials","$3,371,898,200","1.79%","10,084","Analyze"
"HYPMY","Hypera S.A. Sponsored ADRs","Pink","Brazil","BS:HYPE3","XBSP","Health Care","$3,331,793,529","22.89%","3,021","Analyze"
"AIRYY","Air China Limited Sponsored ADRs Class H","Pink","China","HK:0753","Hong Kong Exchange","Industrials","$3,306,804,765","0.05%","800","Analyze"
"SWRBY","Swire Pacific Limited Sponsored ADRs Class B","Pink","Hong Kong","HK:0087","Hong Kong Exchange","Real Estate","$3,220,419,600","37.04%","316","Analyze"
"VIAAY","Flughafen Wien AG Sponsored ADRs","Pink","Austria","GF:FLW1","Frankfurt Stock Exchange","Communication Services","$3,198,720,000","4.49%","0","Analyze"
"KWPCY","Kewpie Corporation Sponsored ADRs","Pink","Japan","JT:2809","Tokyo Stock Exchange","Consumer Staples","$3,183,750,000","44.44%","899","Analyze"
"BVNRY","Bavarian Nordic A/S Sponsored ADRs","Pink","Denmark","DC:BAVA","Omx Nordic Exchange Copenhagen A/S","Health Care","$3,180,833,059","3.75%","105","Analyze"
"MRRTY","Marfrig Alimentos SA Sponsored ADRs","Pink","Brazil","BS:MRFG3","XBSP","Consumer Staples","$3,180,301,600","30.46%","5,105","Analyze"
"KPLUY","K+S AG Sponsored ADRs","OTCQX","Germany","GF:SDF","Frankfurt Stock Exchange","Materials","$3,138,960,000","4.98%","1,000","Analyze"
"OSTIY","Osterreichische Post AG Sponsored ADRs","Pink","Austria","AV:POST","Wiener Boerse Ag","Industrials","$3,120,931,876","6.93%","0","Analyze"
"AKBTY","Akbank TAS Sponsored ADRs","OTCQX","Turkey","TI:AKBNK","Istanbul Stock Exchange","Financials","$3,092,700,000","2.49%","1,197","Analyze"
"AFLYY","Air France-KLM SA Sponsored ADRs","Pink","France","FP:AF","Euronext Paris","Industrials","$3,017,166,790","0.00%","64,490","Analyze"
"ALBKY","Alpha Bank AE Sponsored ADRs","Pink","Greece","GA:ALPHA","Athens Exchange S.A. Cash Market","Financials","$3,002,855,804","0.00%","2,040","Analyze"
"AGLXY","AGL Energy Limited Sponsored ADRs","Pink","Australia","AT:AGL","Asx - All Markets","Utilities","$2,929,787,235","14.61%","3,215","Analyze"
"THNPY","Technip Energies S/Adrs","Pink","France","FP:TE","Euronext Paris","Energy","$2,920,397,934","0.00%","31,780","Analyze"
"SHALY","Shangri-La Asia Limited Sponsored ADRs","Pink","Hong Kong","HK:0069","Hong Kong Exchange","Consumer Discretionary","$2,877,383,861","0.00%","501","Analyze"
"PUODY","Promotora y Operadora de Infraestructura SA Sponsored ADRs","Pink","Mexico","MM:PINFRA","Bolsa Mexicana De Valores (Mexican Stock Exchange)","Industrials","$2,834,581,089","3.17%","35","Analyze"
"JIXAY","Jiangxi Copper Company Limited Sponsored ADRs","Pink","China","HK:0358","Hong Kong Exchange","Materials","$2,779,126,446","0.12%","360","Analyze"
"SUBCY","Subsea 7 S.A. Sponsored ADRs","Pink","Norway","NO:SUBC","Oslo Bors Asa","Energy","$2,770,500,000","2.35%","27,062","Analyze"
"ARGGY","Aston Mt Lgnd Uns/Adrs","Pink","United Kingdom","","","Unknown","$2,769,272,695","0.00%","8,208","Analyze"
"TRKNY","Turk Telekomunikasyon A.S. Unsponsored ADRs","Pink","Turkey","TI:TTKOM","Istanbul Stock Exchange","Communication Services","$2,765,000,000","7.89%","11,361","Analyze"
"CGUSY","Casino Guichard-Perrachon SA Sponsored ADRs","Pink","France","FP:CO","Euronext Paris","Consumer Staples","$2,754,026,242","71.56%","112","Analyze"
"KCDMY","Kimberly-Clark de Mexico SAB de CV Sponsored ADRs","Pink","Mexico","MM:KIMBERA","Bolsa Mexicana De Valores (Mexican Stock Exchange)","Consumer Staples","$2,596,398,131","21.21%","22,491","Analyze"
"TBLMY","Tiger Brands Limited Sponsored ADRs","Pink","South Africa","SJ:TBS","Johannesburg Stock Exchange","Consumer Staples","$2,583,435,583","62.97%","555","Analyze"
"AMLYY","AMP Limited Sponsored ADRs","Pink","Australia","AT:AMP","Asx - All Markets","Financials","$2,514,901,506","5.88%","190","Analyze"
"PKCOY","Park24 Co Ltd Sponsored ADRs","Pink","Japan","JT:4666","Tokyo Stock Exchange","Industrials","$2,513,334,061","3.92%","2,723","Analyze"
"TIAIY","Telecom Italia S.p.A. Sponsored ADRs","Pink","Italy","IM:TIT","Borsa Italiana S.P.A.","Communication Services","$2,411,116,680","0.25%","5,960","Analyze"
"SPMYY","Spirent Communications plc Sponsored ADRs","Pink","United Kingdom","LN:SPT","London Stock Exchange","Information Technology","$2,384,264,008","0.40%","650","Analyze"
"INVVY","Indivior PLC Sponsored ADRs","Pink","United Kingdom","LN:INDV","London Stock Exchange","Health Care","$2,293,066,263","0.60%","733","Analyze"
"BAFYY","Balfour Beatty plc Sponsored ADRs","Pink","United Kingdom","LN:BBY","London Stock Exchange","Industrials","$2,292,267,893","0.63%","3,214","Analyze"
"SCGPY","Serco Group plc Sponsored ADRs","Pink","United Kingdom","LN:SRP","London Stock Exchange","Industrials","$2,137,605,423","1.25%","100","Analyze"
"SMSMY","Sims Ltd. Sponsored ADRs","Pink","Australia","AT:SGM","Asx - All Markets","Materials","$2,096,599,260","0.00%","2,090","Analyze"
"CHRYY","Chorus Limited Sponsored ADRs","Pink","New Zealand","NZ:CNU","New Zealand Exchange Ltd","Communication Services","$1,993,730,987","1.12%","9,577","Analyze"
"BPIRY","Piraeus Bank S.A. Sponsored ADRs","Pink","Greece","GA:TPEIR","Athens Exchange S.A. Cash Market","Financials","$1,975,580,212","2.67%","0","Analyze"
"CTPZY","Compania de Transmissao de Energia Eletrica Paulista Sponsored ADRs Pfd","Pink","Brazil","BS:TRPL4","XBSP","Utilities","$1,924,538,746","34.25%","0","Analyze"
"CMTOY","Cementos Argos SA Sponsored ADRs","Pink","Colombia","CX:CEMARGOS","Bolsa De Valores De Colombia","Materials","$1,842,675,696","0.98%","1,100","Analyze"
"SLCJY","SLC Agricola S.A. Sponsored ADRs","Pink","Brazil","BS:SLCE3","XBSP","Consumer Staples","$1,685,862,993","14.17%","262","Analyze"
"SPPJY","Sappi Limited Sponsored ADRs","Pink","South Africa","SJ:SAP","Johannesburg Stock Exchange","Materials","$1,678,261,502","5.74%","3,250","Analyze"
"FPAFY","First Pacific Co. Ltd. Sponsored ADRs","Pink","Hong Kong","HK:0142","Hong Kong Exchange","Financials","$1,672,930,693","1.08%","21,202","Analyze"
"PLFRY","PALFINGER AG Sponsored ADRs","Pink","Austria","AV:PAL","Wiener Boerse Ag","Industrials","$1,616,510,094","1.05%","0","Analyze"
"JDWPY","J D Wetherspoon plc Sponsored ADRs","Pink","United Kingdom","LN:JDW","London Stock Exchange","Consumer Discretionary","$1,599,611,500","1.88%","0","Analyze"
"SGHIY","Shanghai Industrial Holdings Limited Sponsored ADRs","Pink","Hong Kong","HK:0363","Hong Kong Exchange","Industrials","$1,588,416,148","6.84%","0","Analyze"
"GCHOY","Grupo Nutresa S.A. Sponsored ADRs","Pink","Colombia","CX:NUTRESA","Bolsa De Valores De Colombia","Consumer Staples","$1,513,806,177","5.56%","0","Analyze"
"AEBZY","Anadolu Efes Biracilik ve Malt Sanayii A.S. Sponsored ADRs","Pink","Turkey","TI:AEFES","Istanbul Stock Exchange","Consumer Staples","$1,509,868,421","3.56%","170","Analyze"
"USNZY","Usinas Siderurgicas de Minas Gerais SA-Usiminas Sponsored ADRs Pfd Class A RegS","Pink","Brazil","BS:USIM5","XBSP","Materials","$1,506,318,448","4.80%","87,116","Analyze"
"CLVLY","Clinuvel Pharmaceuticals Limited Sponsored ADRs","Pink","Australia","AT:CUV","Asx - All Markets","Health Care","$1,501,975,455","0.08%","9,780","Analyze"
"YDUQY","YDUQS Participacoes SA Sponsored ADRs","Pink","Brazil","BS:YDUQ3","XBSP","Consumer Discretionary","$1,486,717,373","9.77%","378","Analyze"
"SOLLY","Shui On Land Ltd. Sponsored ADRs","Pink","China","HK:0272","Hong Kong Exchange","Real Estate","$1,459,261,150","0.33%","0","Analyze"
"MYTAY","Magyar Telekom Telecommunications Plc Sponsored ADRs","Pink","Hungary","HB:MTELEKOM","Budapest Stock Exchange","Communication Services","$1,423,864,945","1.30%","32,732","Analyze"
"HKTVY","Hong Kong Television Network Ltd. Sponsored ADRs","Pink","Hong Kong","HK:1137","Hong Kong Exchange","Communication Services","$1,348,279,677","0.27%","1,150","Analyze"
"ANZLY","Air New Zealand Ltd Sponsored ADRs","Pink","Australia","AT:AIZ","Asx - All Markets","Industrials","$1,347,372,054","2.52%","200","Analyze"
"WACLY","WACOAL HOLDINGS CORP Sponsored ADRs","Pink","Japan","JT:3591","Tokyo Stock Exchange","Consumer Discretionary","$1,345,493,567","39.00%","0","Analyze"
"BRMSY","BR Malls Participacoes S.A. Sponsored ADRs","Pink","Brazil","BS:BRML3","XBSP","Real Estate","$1,335,906,241","0.62%","2,629","Analyze"
"AOMOY","MOSENERGO Sponsored ADRs","Pink","Russia","RX:MSNG","Standard-Classica-Forts","Utilities","$1,331,603,550","10.69%","1,500","Analyze"
"CYRBY","Cyrela Brazil Realty SA Empreendimentos e Participacoes Sponsored ADRs","Pink","Brazil","BS:CYRE3","XBSP","Consumer Discretionary","$1,237,203,963","35.12%","600","Analyze"
"CIOXY","Cielo Sponsored ADRs","Pink","Brazil","BS:CIEL3","XBSP","Information Technology","$1,236,150,853","32.09%","188,774","Analyze"
"JEXYY","Jiangsu Expressway Co. Ltd. Sponsored ADRs Class H","Pink","China","HK:0177","Hong Kong Exchange","Industrials","$1,215,890,000","2.31%","1,000","Analyze"
"CCGGY","C&C Group Plc Sponsored ADRs","OTCQX","Ireland","ID:GCC","Irish Stock Exchange - All Market","Consumer Staples","$1,212,716,426","0.00%","183","Analyze"
"GCTAY","Siemens Gamesa Unsp/Adrs","Pink","Spain","","","Unknown","$1,174,451,604","3.48%","67,873","Analyze"
"OIBRQ","OI S.A. Sponsored ADRs Pfd","Pink","Brazil","BS:OIBR4","XBSP","Communication Services","$1,112,807,846","0.00%","24,100","Analyze"
"MRVSY","Minerva S.A. Sponsored ADRs","Pink","Brazil","BS:BEEF3","XBSP","Consumer Staples","$1,099,291,704","12.83%","100","Analyze"
"CIBEY","Commercial International Bank (Egypt) SAE Sponsored ADRs","OTCQX","Egypt","EC:COMI","Egyptian Exchange","Financials","$1,079,785,232","1.89%","93,527","Analyze"
"FPLPY","Provident Financial PLC Sponsored ADRs","Pink","United Kingdom","LN:PFG","London Stock Exchange","Financials","$1,077,941,644","0.00%","0","Analyze"
"DSFGY","Dah Sing Financial Holdings Limited Sponsored ADRs","Pink","Hong Kong","HK:0440","Hong Kong Exchange","Financials","$1,011,987,814","10.53%","867","Analyze"
"TRUHY","Truly International Holdings Limited Sponsored ADRs","Pink","Hong Kong","HK:0732","Hong Kong Exchange","Information Technology","$998,281,123","0.82%","149","Analyze"
"SIHBY","Shenzhen Investment Holdings Bay Area Development Company Limited Sponsored ADRs","Pink","China","HK:0604","Hong Kong Exchange","Real Estate","$989,222,580","5.73%","1,540","Analyze"
"LGSXY","Light S.A. Sponsored ADRs","Pink","Brazil","BS:LIGT3","XBSP","Utilities","$987,271,609","16.64%","100","Analyze"
"MAHMF","Mahindra & Mahindra Ltd. Unsponsored GDR RegS ADRs","Pink","India","IS:M&M","National Stock Exchange Of India","Consumer Discretionary","$980,591,397","77.50%","1,225","Analyze"
"LTMAQ","Latam Airlines Group Adrs","Pink","Chile","","","Unknown","$976,316,386","5.89%","0","Analyze"
"GNCGY","Greencore Group Plc Sponsored ADRs","Pink","Ireland","LN:GNC","London Stock Exchange","Consumer Staples","$966,213,128","1.01%","100","Analyze"
"MMRTY","Massmart Holdings Limited Sponsored ADRs","Pink","South Africa","SJ:MSM","Johannesburg Stock Exchange","Consumer Staples","$956,540,906","5.75%","48,600","Analyze"
"DIPGY","Datang International Power Generation Co. Ltd. Sponsored ADRs Class H","Pink","China","HK:0991","Hong Kong Exchange","Utilities","$947,146,317","2.94%","433","Analyze"
"TOKTY","Tokai Tokyo Financial Holdings Inc. Sponsored ADRs","Pink","Japan","JT:8616","Tokyo Stock Exchange","Financials","$940,701,435","5.63%","0","Analyze"
"SLNLY","Stella International Holdings Limited Sponsored ADRs","Pink","China","HK:1836","Hong Kong Exchange","Consumer Discretionary","$927,108,767","0.23%","0","Analyze"
"COGNY","Cogna Educacao S.A. Sponsored ADRs","OTCQX","Brazil","BS:COGN3","XBSP","Consumer Discretionary","$883,881,525","0.47%","34,753","Analyze"
"ILPMY","permanent tsb Group Holdings PLC Sponsored ADRs","Pink","Ireland","ID:IL0A","Irish Stock Exchange - All Market","Financials","$866,831,486","0.00%","0","Analyze"
"IHLDY","Imperial Logistics Limited Sponsored ADRs","Pink","South Africa","SJ:IPL","Johannesburg Stock Exchange","Consumer Discretionary","$836,885,207","20.12%","127","Analyze"
"STBMY","St. Barbara Ltd. Sponsored ADRs","Pink","Australia","AT:SBM","Asx - All Markets","Materials","$794,670,296","1.07%","2,744","Analyze"
"TCLRY","Technicolor SA Sponsored ADRs","OTCQX","France","FP:TCH","Euronext Paris","Communication Services","$697,201,460","67.58%","71,464","Analyze"
"GFKSY","Gulf Keystone Petroleum Limited Unsponsored ADRs","Pink","Bermuda","LN:GKP","London Stock Exchange","Energy","$694,626,130","18.00%","2,000","Analyze"
"CGGYY","CGG Sponsored ADRs","Pink","France","FP:CGG","Euronext Paris","Energy","$576,374,977","0.00%","12,065","Analyze"
"CYBQY","CYBERDYNE Inc. Sponsored ADRs","Pink","Japan","JT:7779","Tokyo Stock Exchange","Health Care","$523,668,532","0.00%","442","Analyze"
"ADPXY","Audio Pixels Holdings Limited Sponsored ADRs","Pink","Australia","AT:AKP","Asx - All Markets","Information Technology","$514,280,041","0.00%","100","Analyze"
"PAFRY","PAN AFRICAN RESCES SP/ADRs","OTCQX","South Africa","","","Unknown","$497,217,978","0.29%","100","Analyze"
"AMSIY","ArcelorMittal South Africa Limited Sponsored ADRs","Pink","South Africa","SJ:ACL","Johannesburg Stock Exchange","Materials","$477,985,127","0.00%","0","Analyze"
"IOCJY","Iochpe Maxion S.A. Sponsored ADRs","Pink","Brazil","BS:MYPK3","XBSP","Industrials","$461,158,803","12.40%","200","Analyze"
"ANPCY","ANGLE plc Sponsored ADRs","OTCQX","United Kingdom","LN:AGL","London Stock Exchange","Health Care","$418,702,815","0.00%","0","Analyze"
"DEIPY","Rio Paranapanema Energia SA Sponsored ADRs","Pink","Brazil","","","Utilities","$412,358,669","44.89%","0","Analyze"
"PRISY","Promotora de Informaciones SA Sponsored ADRs Class A","Pink","Spain","SM:PRS","Bolsa De Madrid","Communication Services","$409,245,486","8.83%","0","Analyze"
"CTPTY","Compania de Transmissao de Energia Eletrica Paulista Sponsored ADRs","Pink","Brazil","BS:TRPL3","XBSP","Utilities","$395,935,162","26.52%","0","Analyze"
"PPCLY","PPC Ltd. Sponsored ADRs","Pink","South Africa","SJ:PPC","Johannesburg Stock Exchange","Materials","$390,313,004","8.78%","0","Analyze"
"NQMIY","NQ Minerals Plc Sponsored ADRs","OTCQB","Australia","","","Unknown","$383,012,700","0.00%","0","Analyze"
"RDRUY","Neometals Ltd. Sponsored ADRs","Pink","Australia","AT:NMT","Asx - All Markets","Materials","$372,895,952","0.24%","18,194","Analyze"
"CTJHY","CITIC Resources Holdings Limited Sponsored ADRs","Pink","China","HK:1205","Hong Kong Exchange","Industrials","$361,455,451","7.99%","0","Analyze"
"SPHRY","Starpharma Holdings Limited Sponsored ADRs","OTCQX","Australia","AT:SPL","Asx - All Markets","Health Care","$353,426,956","0.00%","6,588","Analyze"
"TVBCY","Television Broadcasts Limited Sponsored ADRs","Pink","Hong Kong","HK:0511","Hong Kong Exchange","Consumer Discretionary","$326,310,000","1.74%","600","Analyze"
"TSCHY","Trustco Group Holdings Ltd Sponsored ADRs","OTCQX","Japan","JT:3347","Tokyo Stock Exchange","Financials","$323,207,716","0.00%","0","Analyze"
"MTENY","Mahanagar Telephone Nigam Limited Sponsored ADRs","OTCQX","India","IS:MTNL","National Stock Exchange Of India","Communication Services","$320,016,026","0.00%","0","Analyze"
"MILTY","Mills Estruturas e Servicos de Engenharia S.A. Sponsored ADRs","Pink","Brazil","BS:MILS3","XBSP","Industrials","$272,342,228","2.22%","5,500","Analyze"
"ESPGY","Esprit Holdings Limited Sponsored ADRs","Pink","Hong Kong","HK:0330","Hong Kong Exchange","Consumer Discretionary","$254,773,561","0.00%","529","Analyze"
"PGSVY","PGS ASA Sponsored ADRs","Pink","Norway","NO:PGS","Oslo Bors Asa","Energy","$199,791,612","0.00%","10,352","Analyze"
"SILXY","Silex Systems Limited Sponsored ADRs","OTCQX","Australia","AT:SLX","Asx - All Markets","Unknown","$193,148,020","0.00%","952","Analyze"
"ENMPY","ENSURGE MICROPOWER SP/ADRs","OTCQB","Norway","","","Unknown","$168,100,418","0.00%","8,010","Analyze"
"NPKLY","Nampak Limited Sponsored ADRs","Pink","South Africa","SJ:NPK","Johannesburg Stock Exchange","Materials","$141,547,277","31.22%","800","Analyze"
"ORXOY","Orexo AB Sponsored ADRs","OTCQX","Sweden","SS:ORX","Nasdaq Omx Nordic","Health Care","$137,454,130","0.00%","1,000","Analyze"
"HDVTY","Henderson Investment Limited Sponsored ADRs","Pink","Hong Kong","HK:0097","Hong Kong Exchange","Unknown","$134,691,871","9.05%","0","Analyze"
"ADOCY","Adocia SA Sponsored ADRs","Pink","France","","","Health Care","$82,843,422","0.00%","0","Analyze"
"TRNLY","Trendlines Group Ltd. ADRs","OTCQX","Israel","SP:42T","Singapore Exchange","Unknown","$58,627,283","0.01%","1,217","Analyze"
"PDGRY","PDG Realty SA Empreendimentos e Participacoes Sponsored ADRs","Pink","Brazil","BS:PDGR3","XBSP","Unknown","$56,133,458","0.00%","0","Analyze"
"WLFDY","Wolford AG Sponsored ADRs","Pink","Austria","","","Unknown","$54,425,123","0.00%","0","Analyze"
"ICABY","i-CABLE Communications Limited Sponsored ADRs","Pink","Hong Kong","HK:1097","Hong Kong Exchange","Consumer Discretionary","$53,509,676","0.00%","150","Analyze"
"DPNEY","Daphne International Holdings Limited Sponsored ADRs","Pink","China","HK:0210","Hong Kong Exchange","Unknown","$50,702,883","0.00%","0","Analyze"
"GRFXY","GRAPHEX GROUP LTD  SP/ADRs","OTCQX","Hong Kong","","","Unknown","$43,942,639","0.00%","0","Analyze"
"ZXAIY","China Zenix Auto International Ltd. Sponsored ADRs","Pink","China","PRIVATE","","Consumer Discretionary","$43,365,000","0.00%","6,707","Analyze"
"EPGNY","Epigenomics AG Sponsored ADRs","OTCQX","Germany","GF:ECX","Frankfurt Stock Exchange","Unknown","$35,155,645","2.90%","0","Analyze"
"SGTSY","SINGULUS TECHNOLOGIES AG Sponsored ADRs","Pink","Germany","","","Unknown","$35,052,316","0.00%","0","Analyze"
"USOPY","U.S. Oil & Gas PLC Sponsored ADRs","Pink","Ireland","","","Energy","$25,641,184","0.00%","0","Analyze"
"CYBNY","Cyber Security 1 AB Sponsored ADRs","Pink","Sweden","","","Unknown","$19,902,458","106.77%","921","Analyze"
"GTMAY","Grupo TMM SAB Sponsored ADRs Class A","OTCQB","Mexico","","","Energy","$13,079,404","0.00%","250","Analyze"
"ICAYY","Empresas ICA SAB de CV Sponsored ADRs","Pink","Mexico","","","Unknown","$9,110,364","0.00%","300","Analyze"
"LVCLY","Living Cell Technologies Ltd. Sponsored ADRs","OTCQB","Australia","AT:LCT","Asx - All Markets","Health Care","$4,571,528","0.00%","3,402","Analyze"
"REDFY","Rediff.com India Ltd. Sponsored ADRs","Pink","India","","","Consumer Discretionary","$3,310,843","0.00%","269,480","Analyze"
"CNTFY","China Techfaith Wireless Communication Technology Ltd. Sponsored ADRs","Pink","China","","","Unknown","$127,044","0.00%","2,412","Analyze"
"HHKSY","DFCITY GP BERHAD  S/ADRs","OTCQB","Malaysia","","","Unknown","$0","0.00%","0","Analyze"