"Symbol","Name","Cross-list symbol","Cross-list exchange","GICS Sector","Industry","Market cap","Average Volume","Action"
"CNSWF","Constellation Software Inc","CT:CSU","Toronto Stock Exchange","Information Technology","Software-Application","$37,737,876,624","0","Analyze"
"FQVLF","First Quantum Minerals","CT:FM","Toronto Stock Exchange","Materials","Copper","$16,942,561,494","0","Analyze"
"TRMLF","Tourmaline Oil Corp","CT:TOU","Toronto Stock Exchange","Energy","Oil & Gas E&P","$11,476,099,001","0","Analyze"
"FRFHF","Fairfax Financial Holdings","CT:FFH","Toronto Stock Exchange","Financials","Insurance-Property & Casualty","$11,357,129,645","0","Analyze"
"IVPAF","Ivanhoe Mines Ltd. Class A","CT:IVN","Toronto Stock Exchange","Materials","Other Industrial Metals & Mining","$9,826,922,079","40,331","Analyze"
"ACDVF","Air Canada","CT:AC","Toronto Stock Exchange","Industrials","Airlines","$6,682,788,197","195,346","Analyze"
"CURLF","Curaleaf Holdings Inc.","CF:CURA","Canadian Securities Exchange","Consumer Discretionary","Drug Manufacturers—Specialty & Generic","$6,567,095,861","305,473","Analyze"
"EDVMF","Endeavour Mining Corporation","CT:EDV","Toronto Stock Exchange","Materials","Gold","$6,379,287,971","39,608","Analyze"
"GTBIF","Green Thumb Industries Inc.","CF:GTII","Canadian Securities Exchange","Consumer Discretionary","Drug Manufacturers—Specialty & Generic","$4,693,166,788","221,054","Analyze"
"BDRBF","Bombardier Inc. Class B","CT:BBD-B","Toronto Stock Exchange","Industrials","Aerospace & Defense","$3,496,416,144","450,659","Analyze"
"VRNOF","Verano Hldgs Corp","CF:VRNO","Canadian Securities Exchange","Consumer Discretionary","Drug Manufacturers-Specialty & Generic","$2,243,482,905","1,100,180","Analyze"
"WPTIF","WPT Industrial Real Estate Investment Trust","WIR-U","","Real Estate","REIT—Industrial","$1,833,996,410","3,232","Analyze"
"CTSDF","Converge Technology Solutions Corp.","CT:CTS","Toronto Stock Exchange","Information Technology","Information Technology Services","$1,830,980,955","26,981","Analyze"
"CRLBF","Cresco Labs Inc.","CF:CL","Canadian Securities Exchange","Consumer Discretionary","Drug Manufacturers—Specialty & Generic","$1,828,059,789","374,824","Analyze"
"BRPHF","Galaxy Digital Holdings Ltd","CT:GLXY","Toronto Stock Exchange","Communication Services","Capital Markets","$1,708,995,365","580,896","Analyze"
"VYGVF","Voyager Digital (Canada) Ltd.","CF:VYGR","Canadian Securities Exchange","Information Technology","Software—Application","$1,533,630,788","931,729","Analyze"
"TRRSF","Trisura Group Ltd","CT:TSU","Toronto Stock Exchange","Financials","Insurance-Specialty","$1,429,435,131","3,996","Analyze"
"CCHWF","Columbia Care Inc.","CF:CCHW","Canadian Securities Exchange","Consumer Discretionary","Drug Manufacturers—Specialty & Generic","$1,284,479,941","367,825","Analyze"
"WDOFF","WESDOME GOLD MINES LTD","","","Unknown","","$1,251,742,276","0","Analyze"
"KNTNF","K92 Mining Inc.","CV:KNT","TSX Venture Exchange","Materials","Gold","$1,238,915,588","82,490","Analyze"
"ARESF","Artis Real Estate Investment Trust","CT:AX-UN","Toronto Stock Exchange","Real Estate","REIT—Diversified","$1,191,915,752","1,400","Analyze"
"SLSSF","Solaris Resources Inc.","CT:SLS","Toronto Stock Exchange","Materials","Other Precious Metals & Mining","$1,167,323,012","0","Analyze"
"TRSSF","TerrAscend Corp.","CF:TER","Canadian Securities Exchange","Unknown","Drug Manufacturers—Specialty & Generic","$1,123,976,673","93,983","Analyze"
"AYRWF","Ayr Strategies Inc.","CF:AYR","Canadian Securities Exchange","Consumer Discretionary","Drug Manufacturers—Specialty & Generic","$1,114,302,220","0","Analyze"
"FLMMF","Filo Mining Corp","CT:FIL","Toronto Stock Exchange","Materials","Other Industrial Metals & Mining","$1,024,211,763","10,700","Analyze"
"RECAF","Reconnaissance Energy Africa Ltd.","CV:RECO","TSX Venture Exchange","Energy","Oil & Gas E&P","$930,232,380","463,557","Analyze"
"VITFF","Victoria Gold Corp","CT:VGCX","Toronto Stock Exchange","Materials","Gold","$925,462,618","66,532","Analyze"
"HRVSF","Harvest Health & Recreation Inc.","CF:HARV","Canadian Securities Exchange","Unknown","Drug Manufacturers—Specialty & Generic","$877,002,243","281,483","Analyze"
"NNXPF","NanoXplore Inc.","CV:GRA","TSX Venture Exchange","Unknown","Chemicals","$864,555,703","14,112","Analyze"
"PLNHF","Planet 13 Holdings Inc.","CF:PLTH","Canadian Securities Exchange","Consumer Discretionary","Drug Manufacturers—Specialty & Generic","$859,233,205","325,528","Analyze"
"GTBAF","Great Bear Resources Ltd. Class A","CV:GBR","TSX Venture Exchange","Unknown","Other Industrial Metals & Mining","$771,570,366","10,947","Analyze"
"ABSSF","AirBoss of America Corp","CT:BOS","Toronto Stock Exchange","Materials","Specialty Chemicals","$745,373,815","0","Analyze"
"JUSHF","Jushi Holdings Inc Class B","CF:JUSH","Canadian Securities Exchange","Consumer Discretionary","Drug Manufacturers—Specialty & Generic","$734,754,811","566,393","Analyze"
"NTTHF","Neo Lithium Corp.","CV:NLC","TSX Venture Exchange","Unknown","Other Industrial Metals & Mining","$718,539,683","333,081","Analyze"
"RUPRF","RUPERT RESOURCES LTD","","","Unknown","","$708,669,044","4,129","Analyze"
"GLGDF","Gogold Resources Inc.","CT:GGD","Toronto Stock Exchange","Materials","Other Precious Metals & Mining","$705,462,437","75,896","Analyze"
"PKKFF","Peak Fintech Group Inc.","CF:PKK","Canadian Securities Exchange","Information Technology","Information Technology Services","$660,830,496","0","Analyze"
"SKREF","Skeena Resources Limited","CV:SKE","TSX Venture Exchange","Unknown","Other Industrial Metals & Mining","$659,493,574","11,060","Analyze"
"GRAMF","TPCO Holding Corp","","","Consumer Discretionary","Drug Manufacturers—Specialty & Generic","$615,343,132","72,951","Analyze"
"FCUUF","Fission Uranium Corp.","CV:FCU","TSX Venture Exchange","Energy","Uranium","$596,548,912","271,514","Analyze"
"FFNTF","4Front Ventures Corp.","CF:FFNT","Canadian Securities Exchange","Consumer Discretionary","Drug Manufacturers—Specialty & Generic","$590,476,373","980,064","Analyze"
"MGDPF","Marathon Gold Corporation","CV:MOZ","TSX Venture Exchange","Materials","Gold","$586,518,516","162,025","Analyze"
"CNNEF","Canacol Energy Ltd.","CT:CNE","Toronto Stock Exchange","Energy","Oil & Gas E&P","$558,502,894","9,087","Analyze"
"GLATF","Global Atomic Corporation","CT:GLO","Toronto Stock Exchange","Unknown","Other Industrial Metals & Mining","$553,050,077","127,309","Analyze"
"ATUSF","Altius Minerals Corporation","CT:ALS","Toronto Stock Exchange","Materials","Other Industrial Metals & Mining","$550,341,226","17,002","Analyze"
"BDRAF","Bombardier Inc. Class A","CT:BBD-A","Toronto Stock Exchange","Unknown","Aerospace & Defense","$531,024,078","47,261","Analyze"
"KRRGF","Karora Resources Inc","CT:KRR","Toronto Stock Exchange","Materials","Gold","$507,288,494","0","Analyze"
"IAUCF","I-80 GOLD CORP F","","","Unknown","","$497,860,491","14,814","Analyze"
"LIACF","American Lithium Corp.","CV:LI","TSX Venture Exchange","Materials","Other Industrial Metals & Mining","$482,581,580","357,469","Analyze"
"SGSVF","Sabina Gold & Silver Corp.","CT:SBB","Toronto Stock Exchange","Materials","Gold","$454,742,779","333,515","Analyze"
"CLXPF","CYBIN INC","","","Unknown","","$449,795,819","0","Analyze"
"RCKTF","ROCK TECH LINTHIUM INC","","","Unknown","","$448,841,111","26,832","Analyze"
"CXBMF","Calibre Mining Corp.","CT:CXB","Toronto Stock Exchange","Materials","Other Industrial Metals & Mining","$448,508,616","59,592","Analyze"
"ORRCF","Oroco Resource Corp","CV:OCO","TSX Venture Exchange","Materials","Other Industrial Metals & Mining","$437,286,182","88,975","Analyze"
"JOSMF","JOSEMARIA RES INC","","","Unknown","","$422,008,479","0","Analyze"
"DSVSF","DISCOVERY SILVER CORP","","","Unknown","","$406,448,563","224,791","Analyze"
"NSRXF","Nomad Royalty Company Ltd.","CT:NSR","Toronto Stock Exchange","Materials","Other Precious Metals & Mining","$400,719,121","0","Analyze"
"TPRFF","Gran Colombia Gold Corp.","CV:GCM","TSX Venture Exchange","Materials","Gold","$396,897,673","86,427","Analyze"
"ISENF","IsoEnergy Ltd.","CV:ISO","TSX Venture Exchange","Energy","Uranium","$386,159,720","48,216","Analyze"
"PRMNF","Prime Mining Corp.","CV:PRYM","TSX Venture Exchange","Materials","Other Industrial Metals & Mining","$383,329,029","814","Analyze"
"XEBEF","Xebec Adsorption Inc.","CV:XBC","TSX Venture Exchange","Industrials","Specialty Industrial Machinery","$380,600,701","14,639","Analyze"
"AOTVF","Ascot Resources Ltd.","CT:AOT","Toronto Stock Exchange","Materials","Other Industrial Metals & Mining","$367,974,198","89,253","Analyze"
"VXTRF","VOXTUR ANALYTICS CORP","","","Unknown","","$367,813,457","0","Analyze"
"CWEGF","CREW ENERGY INC","","","Unknown","","$360,126,192","0","Analyze"
"FMCXF","FORAN MINING CORP","","","Unknown","","$333,573,861","7,253","Analyze"
"ORZCF","Orezone Gold Corporation","CV:ORE","TSX Venture Exchange","Materials","Gold","$322,660,265","100,179","Analyze"
"NSRPF","Novo Resources Corp.","CV:NVO","TSX Venture Exchange","Materials","Gold","$320,371,968","164,955","Analyze"
"EXCOF","EXCO TECHS LTD","","","Unknown","","$318,483,731","0","Analyze"
"ESKYF","ESKAY MINING CORP","","","Materials","","$317,017,834","0","Analyze"
"ENCUF","enCore Energy Corp.","CV:EU","TSX Venture Exchange","Materials","Uranium","$316,468,159","346,250","Analyze"
"VLNCF","Valens GroWorks Corp.","CV:VLNS","TSX Venture Exchange","Unknown","Drug Manufacturers—Specialty & Generic","$315,981,489","293,115","Analyze"
"VIZSF","Vizsla Resources Corp.","","","Unknown","Other Industrial Metals & Mining","$308,591,313","245,976","Analyze"
"TOBAF","TAAT LIFESTYLE & WELLNESS","","","Unknown","","$306,028,056","0","Analyze"
"AZMCF","ARIZONA METALS CORP","","","Unknown","","$299,515,444","0","Analyze"
"POETF","POET Technologies Inc.","CV:PTK","TSX Venture Exchange","Information Technology","Semiconductors","$288,835,811","408,593","Analyze"
"ATBYF","ABITIBI ROYALTIES INC ORD","","","Unknown","","$288,636,364","0","Analyze"
"MLNLF","Millennial Lithium Corp.","CV:ML","TSX Venture Exchange","Materials","Other Industrial Metals & Mining","$286,733,902","29,861","Analyze"
"OBELF","Obsidian Energy Ltd","","","Energy","Oil & Gas E&P","$283,692,404","170,122","Analyze"
"OPSSF","Opsens Inc.","CT:OPS","Toronto Stock Exchange","Health Care","Scientific & Technical Instruments","$269,717,315","52,245","Analyze"
"EXROF","Exro Technologies Inc.","CV:EXRO","TSX Venture Exchange","Industrials","Electrical Equipment & Parts","$266,125,230","612,692","Analyze"
"FOBIF","FOBI AI INC","","","Unknown","","$265,994,395","86,384","Analyze"
"SEOVF","Sernova Corp.","CV:SVA","TSX Venture Exchange","Health Care","Medical Devices","$264,535,624","34,720","Analyze"
"QTRHF","Quarterhill Inc","CT:QTRH","Toronto Stock Exchange","Information Technology","Communication Equipment","$261,186,676","5,082","Analyze"
"NSRCF","NextSource Materials Inc","CT:NEXT","Toronto Stock Exchange","Materials","Other Industrial Metals & Mining","$254,181,296","292,927","Analyze"
"CWBHF","Charlottes Web Holdings Inc.","CT:CWEB","Toronto Stock Exchange","Health Care","Drug Manufacturers—Specialty & Generic","$251,728,222","553,624","Analyze"
"VRYYF","The Very Good Food Company Inc","CF:VERY","Canadian Securities Exchange","Consumer Staples","Packaged Foods","$248,161,673","0","Analyze"
"CWSFF","Cielo Waste Solutions Corp.","","","Unknown","Waste Management","$244,939,995","651,114","Analyze"
"JAGGF","JAGUAR MINING INC","","","Materials","","$243,398,303","34,606","Analyze"
"VSBGF","VSBLTY GROUPE TECH","","","Unknown","","$238,112,270","616,146","Analyze"
"NOVRF","NOVA ROYALTY CORP","","","Unknown","","$236,934,915","271,042","Analyze"
"MLYF","Western Magnesium Corp.","CV:WMG","TSX Venture Exchange","Materials","Other Industrial Metals & Mining","$235,487,308","250,015","Analyze"
"CRECF","Critical Elements Lithium Corporation","CV:CRE","TSX Venture Exchange","Materials","Other Industrial Metals & Mining","$234,818,199","59,489","Analyze"
"CERAF","CERES Acquisition Corp Class A","","","Financials","Shell Companies","$234,360,000","5,576","Analyze"
"FFLWF","Fire & Flower Holdings Corp.","CT:FAF","Toronto Stock Exchange","Unknown","Pharmaceutical Retailers","$230,925,774","77,454","Analyze"
"BSXGF","BELO SUN MINING CORP ORD","","","Unknown","","$229,802,900","574,767","Analyze"
"ATRWF","ALTIUS RENEWABLE ROYALTIS","","","Unknown","","$226,402,098","2,811","Analyze"
"UEXCF","UEX CORP","","","Energy","","$225,284,582","375,670","Analyze"
"PHXHF","PHX ENERGY SERVICES CORP","","","Unknown","","$219,517,316","838","Analyze"
"LGDTF","LIBERTY GOLD CORP ORD","","","Materials","","$218,446,039","250,116","Analyze"
"ARREF","Amerigo Resources Ltd","CT:ARG","Toronto Stock Exchange","Materials","Copper","$216,404,633","8,915","Analyze"
"GVXXF","GoviEx Uranium Inc Class A","","","Unknown","Uranium","$215,043,178","60,738","Analyze"
"NIOBF","NioCorp Developments Ltd.","CV:NB","TSX Venture Exchange","Materials","Other Industrial Metals & Mining","$212,120,313","830,650","Analyze"
"MAKOF","Mako Mining Corp.","CV:MKO","TSX Venture Exchange","Materials","Gold","$210,978,875","106,022","Analyze"
"ALVOF","Alvopetro Energy Ltd.","CV:ALV","TSX Venture Exchange","Energy","Oil & Gas E&P","$209,798,266","124,000","Analyze"
"MAIFF","MINERA ALAMOS INC","","","Materials","","$207,575,949","87,019","Analyze"
"CNIKF","CANADA NICKEL CO INC","","","Unknown","","$207,181,770","0","Analyze"
"BRGGF","Bragg Gaming Group Inc.","CV:BRAG","TSX Venture Exchange","Unknown","Electronic Gaming & Multimedia","$207,068,689","49,331","Analyze"
"REEMF","Rare Element Resources Ltd.","","","Materials","Other Industrial Metals & Mining","$206,653,085","176,429","Analyze"
"CHPGF","Chesapeake Gold Corp.","CV:CKG","TSX Venture Exchange","Materials","Other Precious Metals & Mining","$205,468,941","11,948","Analyze"
"PROBF","Probe Metals Inc.","CV:PRB","TSX Venture Exchange","Materials","Gold","$203,911,288","64,689","Analyze"
"TREVF","Trevali Mining Corporation","CT:TV","Toronto Stock Exchange","Materials","Other Industrial Metals & Mining","$202,664,866","32,593","Analyze"
"THBRF","THUNDERBIRD ENTRTNMT GRP","","","Unknown","","$198,547,576","31,743","Analyze"
"BBSRF","Bluestone Resources Inc.","CV:BSR","TSX Venture Exchange","Unknown","Other Industrial Metals & Mining","$197,173,104","35,545","Analyze"
"CYDVF","Cypress Development Corp.","","","Materials","Other Industrial Metals & Mining","$193,271,846","127,909","Analyze"
"ABXXF","ABAXX TECHNOLOGIES INC","","","Unknown","","$192,276,347","0","Analyze"
"AMXEF","Amex Exploration Inc.","CV:AMX","TSX Venture Exchange","Materials","Gold","$189,762,640","175,106","Analyze"
"GENGF","GEAR ENERGY LTD","","","Energy","","$186,724,467","570,430","Analyze"
"TAKOF","Drone Delivery Canada Corp","CV:FLT","TSX Venture Exchange","Unknown","Computer Hardware","$186,085,180","85,325","Analyze"
"ABBRF","ABRASILVER RESOURCE CORP","","","Unknown","","$185,583,084","0","Analyze"
"BBKCF","BIGG Digital Assets Inc.","CF:BIGG","Canadian Securities Exchange","Financials","Capital Markets","$183,640,869","17,316,515","Analyze"
"ELRRF","Eloro Resources Ltd","CV:ELO","TSX Venture Exchange","Materials","Gold","$183,161,923","75,029","Analyze"
"MNDJF","Mandalay Resources Corporation","CT:MND","Toronto Stock Exchange","Materials","Gold","$183,052,353","13,930","Analyze"
"CBULF","GRATOMIC INC","","","Unknown","","$176,664,299","60,809","Analyze"
"HPQFF","HPQ-SILICON RES INC","","","Unknown","","$174,175,819","28,271","Analyze"
"GDRZF","Gold Reserve Inc. Class A","CV:GRZ","TSX Venture Exchange","Materials","Gold","$173,941,334","28,828","Analyze"
"FFMGF","First Mining Gold Corp.","CT:FF","Toronto Stock Exchange","Materials","Gold","$171,042,697","1,391,291","Analyze"
"ALLXF","ARIS GOLD CORP","","","Unknown","","$168,156,187","0","Analyze"
"HEOFF","H2O Innovation Inc.","CV:HEO","TSX Venture Exchange","Industrials","Utilities—Regulated Water","$165,578,109","37,864","Analyze"
"SRAFF","Sandfire Resources America Inc.","CV:SFR","TSX Venture Exchange","Materials","Other Industrial Metals & Mining","$164,743,700","246,054","Analyze"
"CBWTF","Auxly Cannabis Group Inc.","CV:XLY","TSX Venture Exchange","Health Care","Drug Manufacturers—Specialty & Generic","$162,887,409","1,195,834","Analyze"
"ISRJF","GEN III Oil Corporation","","","Unknown","Oil & Gas Refining & Marketing","$161,105,969","4,800","Analyze"
"ACRHF","Acreage Holdings, Inc. Class E","","","Consumer Discretionary","Drug Manufacturers—Specialty & Generic","$159,482,585","0","Analyze"
"GASXF","NG ENERGY INTL CORP","","","Unknown","","$159,378,179","0","Analyze"
"EFLVF","Electrovaya Inc.","CT:EFL","Toronto Stock Exchange","Industrials","Electrical Equipment & Parts","$158,054,003","215,682","Analyze"
"AAZZF","A2Z SMART TECHNOLOGIES","","","Unknown","","$157,509,903","8,680","Analyze"
"LEMLF","LEAF MOBILE INC","","","Unknown","","$157,107,232","0","Analyze"
"DMGGF","DMG Blockchain Solutions Inc.","CV:DMGI","TSX Venture Exchange","Information Technology","Software—Application","$156,873,782","6,798,328","Analyze"
"ERLFF","Entree Resources Ltd","","","Materials","Other Industrial Metals & Mining","$156,693,587","40,073","Analyze"
"EUMNF","EURO MANAGANESE INC","","","Unknown","","$155,825,154","6,987","Analyze"
"LMGDF","Lumina Gold Corp.","CV:LUM","TSX Venture Exchange","Materials","Gold","$153,753,004","277,550","Analyze"
"LITOF","FRONTIER LITHIUM ORD","","","Unknown","","$153,645,255","45,546","Analyze"
"TREIF","TREATMENT COM INTL INC","","","Unknown","","$151,008,128","0","Analyze"
"AUNFF","AURCANA SILVER CORP","","","Unknown","","$150,784,676","0","Analyze"
"BABYF","Else Nutrition Holdings Inc","CV:BABY","TSX Venture Exchange","Consumer Staples","Packaged Foods","$150,661,127","121,649","Analyze"
"ALMTF","Almonty Industries Inc.","CT:ALL","Toronto Stock Exchange","Materials","Other Industrial Metals & Mining","$150,475,983","0","Analyze"
"MDEX","Madison Technologies Inc.","","","Unknown","Aerospace & Defense","$146,806,348","36,180","Analyze"
"ANPMF","ANDEAN PRECIOUS METALS CP","","","Unknown","","$146,028,450","0","Analyze"
"ACHFF","Arch Biopartners Inc.","","","Health Care","Biotechnology","$144,991,787","0","Analyze"
"BNXAF","BANXA HLDGS INC","","","Unknown","","$144,812,308","40,717","Analyze"
"GLVMF","Golden Valley Mines Ltd.","CV:GZZ","TSX Venture Exchange","Materials","Other Industrial Metals & Mining","$144,404,209","18,236","Analyze"
"AMYZF","American Manganese Inc","","","Unknown","","$144,260,699","684,457","Analyze"
"LMRXF","LARAMIDE RESOURCE LTD","","","Unknown","","$143,818,156","0","Analyze"
"NVACF","NOVA CANNABIS INC","","","Unknown","","$142,247,030","0","Analyze"
"RWBYF","RED WHITE & BLOOM BRANDS","","","Unknown","","$140,776,316","0","Analyze"
"CPFXF","COPPER FOX METALS INC","","","Unknown","","$139,695,435","0","Analyze"
"INNPF","INNOCAN PHARMA CORP.","","","Unknown","","$139,417,423","0","Analyze"
"LOMLF","Lion One Metals Limited","CV:LIO","TSX Venture Exchange","Materials","Gold","$139,325,354","78,450","Analyze"
"MMNFF","MedMen Enterprises Inc. Class B","CF:MMEN","Canadian Securities Exchange","Health Care","Drug Manufacturers—Specialty & Generic","$138,095,005","2,793,073","Analyze"
"MGROF","MustGrow Biologics Corp.","","","Unknown","Agricultural Inputs","$137,515,559","1,055","Analyze"
"FGOVF","FREEGOLD VENTURES LTD","","","Materials","","$136,960,240","0","Analyze"
"AZZUF","Azarga Uranium Corp. Class A","","","Energy","Uranium","$136,338,062","27,983","Analyze"
"BCEKF","Bear Creek Mining Corporation","CV:BCM","TSX Venture Exchange","Materials","Other Industrial Metals & Mining","$135,457,714","82,884","Analyze"
"HSSHF","Digihost Technology Inc.","CV:DGHI","TSX Venture Exchange","Communication Services","Software-Application","$135,159,896","91,664","Analyze"
"CHXMF","Troilus Gold Corp.","CT:TLG","Toronto Stock Exchange","Materials","Other Industrial Metals & Mining","$134,873,579","146,819","Analyze"
"BNCHF","BENCHMARK METALS INC","","","Unknown","","$133,938,365","0","Analyze"
"PCLOF","PharmaCielo Ltd.","CV:PCLO","TSX Venture Exchange","Unknown","Drug Manufacturers—Specialty & Generic","$133,830,380","190,116","Analyze"
"DMEHF","DESERT MTN ENERGY CORP","","","Unknown","","$133,550,827","20,001","Analyze"
"MEAUF","MONETA PORCUPINE MINES","","","Unknown","","$132,758,089","0","Analyze"
"RIOFF","Rio2 Ltd.","CV:RIO","TSX Venture Exchange","Unknown","Gold","$131,821,616","114,356","Analyze"
"NEXCF","NexTech AR Solutions Corp.","CF:NTAR","Canadian Securities Exchange","Consumer Discretionary","Internet Retail","$131,782,519","1,250,585","Analyze"
"NKOSF","LABRADOR GOLD CORP","","","Unknown","","$129,797,649","218,178","Analyze"
"SLVTF","SILVER TIGER METALS INC","","","Unknown","","$128,315,372","0","Analyze"
"FTSSF","First Cobalt Corp.","CV:FCC","TSX Venture Exchange","Materials","Other Industrial Metals & Mining","$126,574,782","637,183","Analyze"
"GDNSF","Goodness Growth Holdings, Inc.","","","Unknown","Drug Manufacturers-Specialty & Generic","$125,304,763","226,122","Analyze"
"VQSLF","VIQ Solutions Inc.","CV:VQS","TSX Venture Exchange","Information Technology","Software—Application","$123,224,138","3,425","Analyze"
"VOXCF","VOX ROYALTY CORP","","","Unknown","","$121,232,302","0","Analyze"
"PWWBF","Powerband Solutions Inc.","","","Unknown","Software—Application","$120,533,901","44,988","Analyze"
"BILZF","Ignite International Brands Ltd","CF:BILZ","Canadian Securities Exchange","Unknown","Drug Manufacturers—Specialty & Generic","$118,842,345","36,657","Analyze"
"TLLTF","TILT Holdings Inc.","CF:TILT","Canadian Securities Exchange","Unknown","Drug Manufacturers—Specialty & Generic","$117,565,917","441,696","Analyze"
"FUNFF","FANSUNITE ENTERTAINMENT","","","Unknown","","$116,422,529","0","Analyze"
"TSLVF","TIER ONE SILVER INC","","","Unknown","","$115,605,510","218,678","Analyze"
"WMLLF","Wealth Minerals Ltd.","CV:WML","TSX Venture Exchange","Unknown","Other Industrial Metals & Mining","$114,000,493","306,095","Analyze"
"ROMJF","Rubicon Organics Inc.","CF:ROMJ","Canadian Securities Exchange","Unknown","Drug Manufacturers—Specialty & Generic","$113,646,154","3,681","Analyze"
"RVVTF","Revive Therapeutics Ltd","CF:RVV","Canadian Securities Exchange","Health Care","Drug Manufacturers-Specialty & Generic","$113,251,047","513,460","Analyze"
"WSTRF","Western Uranium & Vanadium Corp.","CF:WUC","Canadian Securities Exchange","Unknown","Uranium","$113,135,098","79,456","Analyze"
"TAALF","TAAL DISTRIBUTD INFO TECH","","","Unknown","","$112,440,433","0","Analyze"
"SPOFF","GOLDSPOT DISCOVERIES CORP","","","Unknown","","$111,038,442","84,381","Analyze"
"MMRGF","Minaurum Gold Inc.","CV:MGG","TSX Venture Exchange","Materials","Gold","$110,698,324","104,275","Analyze"
"EPWCF","Empower Clinics Inc","CF:CBDT","Canadian Securities Exchange","Communication Services","Medical Care Facilities","$109,182,560","80,625","Analyze"
"EXMGF","Excelsior Mining Corp.","CV:MIN","TSX Venture Exchange","Unknown","Other Industrial Metals & Mining","$108,723,316","142,500","Analyze"
"AHCCF","APOLLO HLTHCRE CP A","","","Unknown","","$108,501,222","500","Analyze"
"DNCVF","DEFIANCE SILVER CORP","","","Unknown","","$108,492,252","0","Analyze"
"BGPPF","BGP ACQUISITION CORP A","","","Financials","Shell Companies","$108,100,000","0","Analyze"
"OIIIF","O3 MINING INC","","","Unknown","","$107,693,494","14,675","Analyze"
"GMTNF","GOLD MTN MNG CORP","","","Unknown","","$105,487,546","21,597","Analyze"
"PKANF","SIMPLY BETTER BRANDS CORP","","","Unknown","","$104,400,801","0","Analyze"
"NXOPF","Nexoptic Technology Corp","CV:NXO","TSX Venture Exchange","Information Technology","Electronic Components","$104,322,282","182,122","Analyze"
"ADVZF","Adventus Mining Corp.","CV:ADZN","TSX Venture Exchange","Materials","Other Industrial Metals & Mining","$103,863,975","13,860","Analyze"
"FIOGF","Fiore Gold Ltd.","","","Materials","Gold","$100,672,266","92,463","Analyze"
"LOVFF","Cannara Biotech Inc.","","","Unknown","Drug Manufacturers—Specialty & Generic","$100,532,408","15,056","Analyze"
"OSIIF","OSINO RESOURCES CORP","","","Unknown","","$99,792,813","0","Analyze"
"ATLYF","ALTALEY MINING CORP","","","Unknown","","$98,926,076","0","Analyze"
"CRTPF","Cardiol Therapeutics Inc. Class A","CT:CRDL","Toronto Stock Exchange","Unknown","Drug Manufacturers—Specialty & Generic","$98,777,166","65,025","Analyze"
"GPHOF","Graphite One Inc.","","","Materials","Other Industrial Metals & Mining","$98,187,593","15,216","Analyze"
"KTYCF","KITS EYECARE LTD","","","Unknown","","$98,043,385","5,395","Analyze"
"CURUF","CONSOLIDATED URANIUM INC","","","Unknown","","$97,226,520","58,529","Analyze"
"CNTMF","Cansortium Inc.","","","Consumer Discretionary","Drug Manufacturers—Specialty & Generic","$95,196,979","122,323","Analyze"
"IPOOF","InPlay Oil Corp.","CT:IPO","Toronto Stock Exchange","Energy","Oil & Gas E&P","$94,928,126","8,232","Analyze"
"KNRLF","Kontrol Energy Corp.","CF:KNR","Canadian Securities Exchange","Information Technology","Information Technology Services","$94,222,230","32,839","Analyze"
"NTSFF","Nanotech Security Corp.","CV:NTS","TSX Venture Exchange","Industrials","Scientific & Technical Instruments","$93,848,963","48,595","Analyze"
"APGOF","APOLLO GOLD & SILVER CORP","","","Unknown","","$93,830,049","0","Analyze"
"BKRRF","BLACKROCK GOLD CORP ORD","","","Unknown","","$91,712,908","359,957","Analyze"
"CRDOF","CERRADO GOLD INC","","","Unknown","","$90,081,954","15,602","Analyze"
"MGMLF","Maple Gold Mines Ltd","","","Materials","Gold","$89,982,322","168,786","Analyze"
"QYOUF","QYOU Media Inc.","","","Communication Services","Entertainment","$89,071,882","72,530","Analyze"
"ANXGF","Anaconda Mining Inc.","CT:ANX","Toronto Stock Exchange","Materials","Gold","$88,721,531","90,648","Analyze"
"GSVRF","GUANAJUATO SILVER CO LTD","","","Unknown","","$87,233,284","512,446","Analyze"
"SSVFF","Southern Silver Exploration Corp.","","","Unknown","Other Precious Metals & Mining","$86,195,757","238,603","Analyze"
"FDVRF","Facedrive Inc.","CV:FD","TSX Venture Exchange","Information Technology","Software—Application","$85,637,925","24,973","Analyze"
"SROYF","Sailfish Royalty Corp.","CV:FISH","TSX Venture Exchange","Materials","Gold","$85,528,574","222","Analyze"
"RGLSF","REGULUS RES INC","","","Materials","","$85,472,389","9,204","Analyze"
"AUGG","AUGUSTA GOLD CORP","","","Unknown","","$85,271,447","700","Analyze"
"BMBIF","BRIGHT MINDS BIOSCIENCES","","","Unknown","","$85,071,304","11,470","Analyze"
"CYSNF","C-COM SATELLITE SYS INC","","","Information Technology","","$85,021,440","22,656","Analyze"
"BONXF","BonTerra Resources Inc.","CV:BTR","TSX Venture Exchange","Materials","Gold","$84,465,735","39,831","Analyze"
"GENMF","GENERATION MINING LTD","","","Unknown","","$83,702,251","0","Analyze"
"NGENF","NervGen Pharma Corp.","CV:NGEN","TSX Venture Exchange","Health Care","Biotechnology","$83,446,954","64,774","Analyze"
"SLVRF","Silver One Resources Inc.","CV:SVE","TSX Venture Exchange","Materials","Silver","$82,470,728","197,223","Analyze"
"TSRMF","Treasury Metals Inc.","CT:TML","Toronto Stock Exchange","Materials","Gold","$82,277,781","78,051","Analyze"
"CRSXF","Corsa Coal Corp.","CV:CSO","TSX Venture Exchange","Materials","Coking Coal","$80,678,489","122,550","Analyze"
"SYHBF","Skyharbour Resources Ltd.","","","Unknown","Other Industrial Metals & Mining","$80,535,539","168,050","Analyze"
"EGTYF","Eguana Technologies Inc","","","Industrials","Electrical Equipment & Parts","$80,315,541","185,937","Analyze"
"HGGOF","HighGold Mining Inc","","","Unknown","Gold","$80,239,334","1,100","Analyze"
"USGDF","AMERICAN PACIFIC MNG","","","Unknown","","$80,184,889","1,388,564","Analyze"
"GAYMF","GALWAY METALS INC","","","Unknown","","$78,200,619","0","Analyze"
"HLLPF","HELLO PAL INTL INC ORD","","","Unknown","","$77,936,860","566,055","Analyze"
"MCLDF","mCloud Technologies Corp","","","Unknown","Software—Application","$77,394,092","29,964","Analyze"
"ICNAF","Icanic Brands Company Inc.","","","Unknown","Drug Manufacturers—Specialty & Generic","$77,188,447","164,677","Analyze"
"AGCBF","Amarillo Gold Corporation","","","Materials","Gold","$77,164,739","59,608","Analyze"
"PLSDF","Pulse Seismic Inc.","CT:PSD","Toronto Stock Exchange","Energy","Oil & Gas Equipment & Services","$76,924,443","4,800","Analyze"
"TBPMF","Tetra Bio-Pharma Inc.","CV:TBP","TSX Venture Exchange","Health Care","Biotechnology","$76,316,808","390,085","Analyze"
"TGODF","Green Organic Dutchman Holdings Ltd.","CT:TGOD","Toronto Stock Exchange","Health Care","Drug Manufacturers—Specialty & Generic","$76,208,432","2,929,777","Analyze"
"DKLRF","DECKLAR RES INC","","","Unknown","","$76,022,961","0","Analyze"
"LONCF","Loncor Resources Inc.","","","Materials","Gold","$75,764,588","2,412","Analyze"
"ALEAF","Aleafia Health Inc.","CT:ALEF","Toronto Stock Exchange","Unknown","Drug Manufacturers—Specialty & Generic","$75,750,630","560,812","Analyze"
"NSCIF","Nanalysis Scientific Corp","CV:NSCI","TSX Venture Exchange","Unknown","Scientific & Technical Instruments","$75,472,307","10,000","Analyze"
"CXXIF","C21 Investments Inc","CF:CXXI","Canadian Securities Exchange","Consumer Discretionary","Drug Manufacturers-Specialty & Generic","$74,811,123","62,810","Analyze"
"CNTRF","CENTR Brands Corp.","","","Unknown","Drug Manufacturers—Specialty & Generic","$74,713,382","13,774","Analyze"
"IFABF","IFABRIC CORPORATION","","","Unknown","","$72,876,189","0","Analyze"
"MBXBF","MICROBIX BIOSYSTEMS INC","","","Health Care","","$72,774,346","81,970","Analyze"
"AVTBF","Avant Brands Inc","CT:AVNT","Toronto Stock Exchange","Communication Services","Drug Manufacturers-Specialty & Generic","$72,293,152","1,607,275","Analyze"
"SLGWF","SLANG WORLDWIDE INC","","","Unknown","","$71,666,615","192,844","Analyze"
"DYFSF","DynaCERT Inc.","CV:DYA","TSX Venture Exchange","Industrials","Specialty Industrial Machinery","$71,259,377","31,486","Analyze"
"TBRIF","THERMA BRIGHT INC ORD","","","Unknown","","$70,928,861","0","Analyze"
"KCCFF","KUTCHO COPPER CORP ORD","","","Unknown","","$70,330,960","0","Analyze"
"XPHYF","XPHYTO THERAPEUTICS CORP","","","Unknown","","$70,308,839","25,773","Analyze"
"ELEMF","ELEMENTAL ROYALTIES CORP","","","Unknown","","$69,227,743","0","Analyze"
"STPGF","Steppe Gold Ltd","","","Materials","Gold","$67,574,124","0","Analyze"
"KWEMF","KWESST MICRO SYS INC","","","Unknown","","$67,082,914","490","Analyze"
"APAAF","Appia Energy Corp.","","","Unknown","Uranium","$66,945,065","9,143","Analyze"
"FDCFF","FORUM ENERGY METALS CORP","","","Energy","","$66,628,891","0","Analyze"
"CRYBF","EXTREME VEHICLE BATT TECH","","","Unknown","","$66,260,629","0","Analyze"
"RHCCF","ROYAL HELIUM LIMITED","","","Unknown","","$65,902,619","0","Analyze"
"BBTVF","BBTV HOLDINGS INC","","","Unknown","","$65,347,084","228","Analyze"
"ARFXF","ProMIS Neurosciences Inc.","","","Health Care","Biotechnology","$65,061,951","58,419","Analyze"
"IGXT","Intelgenx Technologies Corp.","CV:IGX","TSX Venture Exchange","Health Care","Biotechnology","$64,260,403","166,825","Analyze"
"SXOOF","ST GEORGES ECO MNG CORP","","","Unknown","","$64,218,293","0","Analyze"
"NWCCF","NORTHWEST COPPER CORP","","","Unknown","","$64,178,342","30,639","Analyze"
"MVMDF","Mountain Valley MD Holdings Inc.","CF:MVMD","Canadian Securities Exchange","Health Care","Drug Manufacturers—Specialty & Generic","$63,850,618","0","Analyze"
"HMENF","HEMISPHERE ENERGY CORP","","","Energy","","$63,525,457","66,636","Analyze"
"KRKNF","Kraken Robotics Inc","","","Unknown","Scientific & Technical Instruments","$63,476,387","50,908","Analyze"
"TKRFF","TINKA RESOURCES LTD","","","Materials","","$63,377,773","0","Analyze"
"ACRDF","Acreage Holdings, Inc Class D","","","Consumer Discretionary","Drug Manufacturers—Specialty & Generic","$63,264,820","0","Analyze"
"KDCCF","KADESTONE CAP CORP","","","Unknown","","$63,261,148","0","Analyze"
"GBLYF","ODD BURGER CORPORATION","","","Unknown","","$62,631,350","0","Analyze"
"ATCMF","ATICO MINING CORP","","","Materials","","$62,413,871","11,944","Analyze"
"JRNGF","Journey Energy Inc.","CT:JOY","Toronto Stock Exchange","Energy","Oil & Gas E&P","$62,257,954","5,181","Analyze"
"DBCCF","Decibel Cannabis Company Inc","","","Unknown","Drug Manufacturers—Specialty & Generic","$61,959,441","97,421","Analyze"
"PTRUF","Petrus Resources Ltd.","CT:PRQ","Toronto Stock Exchange","Energy","Oil & Gas E&P","$61,548,935","6,644","Analyze"
"SMURF","TOKENS COM CORP","","","Unknown","","$60,864,475","184,206","Analyze"
"NXGWF","Next Green Wave Holdings Inc.","CF:NGW","Canadian Securities Exchange","Unknown","Drug Manufacturers—Specialty & Generic","$60,778,081","117,922","Analyze"
"HCANF","HALO COLLECTIVE INC","","","Unknown","","$60,214,536","1,141,605","Analyze"
"OMZNF","Osisko Metals Incorporated","CT:OM","Toronto Stock Exchange","Unknown","Other Industrial Metals & Mining","$60,176,367","15,192","Analyze"
"IRVRF","IRVING RES INC ORD","","","Unknown","","$60,049,716","26,976","Analyze"
"MEDIF","MediPharm Labs Corp.","CT:LABS","Toronto Stock Exchange","Health Care","Drug Manufacturers—Specialty & Generic","$59,620,938","76,981","Analyze"
"ACOGF","ALPHA COGNITION INC NEW","","","Unknown","","$59,564,595","0","Analyze"
"LOWLF","Lowell Farms Inc","","","Unknown","Drug Manufacturers-Specialty & Generic","$59,394,247","96,422","Analyze"
"HDRSF","Highland Copper Co. Inc.","","","Materials","Copper","$58,909,090","38,280","Analyze"
"OSSIF","OneSoft Solutions Inc.","","","Information Technology","Software—Application","$58,672,238","94,557","Analyze"
"RSNVF","REYNA SILVER CORP","","","Unknown","","$58,322,316","0","Analyze"
"MGLQF","Magna Gold Corp.","","","Financials","Gold","$58,178,679","8,366","Analyze"
"MIMZF","Nighthawk Gold Corp.","CT:NHK","Toronto Stock Exchange","Materials","Gold","$57,968,100","5,435","Analyze"
"CSTXF","CRYPTOSTAR CORP","","","Unknown","","$57,829,448","0","Analyze"
"PSHIF","PetroShale Inc.","CV:PSH","TSX Venture Exchange","Energy","Oil & Gas E&P","$57,317,101","100","Analyze"
"VPHIF","VALEO PHARMA INC","","","Unknown","","$57,097,427","0","Analyze"
"LTMCF","Lithium Chile Inc","CV:LITH","TSX Venture Exchange","Materials","Other Industrial Metals & Mining","$56,816,965","55,161","Analyze"
"FSXLF","FOSTERVILLE SO EXPL  CL A","","","Unknown","","$56,759,393","0","Analyze"
"CWLPF","CALDWELL PARTNER INTL CRP","","","Industrials","","$56,112,525","5,746","Analyze"
"SICNF","Sokoman Minerals Corp.","","","Unknown","Gold","$55,984,834","249,230","Analyze"
"PTOTF","Patriot One Technologies Inc.","CT:PAT","Toronto Stock Exchange","Unknown","Software—Application","$55,950,464","85,436","Analyze"
"WHGOF","WHITE GOLD CORP ORD","","","Unknown","","$55,922,289","0","Analyze"
"VLCJF","Velocity Minerals Ltd.","","","Unknown","","$55,411,312","0","Analyze"
"ENTEF","ESE ENTMT INC","","","Unknown","","$55,201,265","0","Analyze"
"ESVNF","E79 RESOURCES CORP","","","Unknown","","$54,700,633","23,556","Analyze"
"SQIDF","SQI Diagnostics Inc.","","","Health Care","Diagnostics & Research","$54,379,536","1,300","Analyze"
"NHHHF","FUELPOSITIVE CORP","","","Unknown","","$54,103,441","830,270","Analyze"
"HPIL","Hpil Holding","","","Financials","","$54,029,706","0","Analyze"
"ADBRF","ALDEBARAN RESOURCES INC","","","Unknown","","$53,468,946","0","Analyze"
"AUIAF","Aurania Resources Ltd.","","","Unknown","Other Precious Metals & Mining","$53,429,974","14,216","Analyze"
"MEDXF","MEDEXUS PHARMS INC","","","Unknown","","$53,259,951","0","Analyze"
"BRSLF","BARSELE MINERALS CORP ORD","","","Unknown","","$53,134,993","0","Analyze"
"AIRRF","AURION RESOURCES LTD ORD","","","Materials","","$52,899,090","0","Analyze"
"CVALF","Covalon Technologies Ltd.","CV:COV","TSX Venture Exchange","Health Care","Biotechnology","$52,875,576","600","Analyze"
"JGLDF","Japan Gold Corp","","","Unknown","Gold","$52,466,949","10,175","Analyze"
"WVMDF","WEST VAULT MINING INC.","","","Unknown","","$52,397,398","0","Analyze"
"HCAND","HALO COLLECTIVE INC NEW","","","Unknown","","$52,185,930","0","Analyze"
"CANSF","Willow Biosciences Inc.","CT:WLLW","Toronto Stock Exchange","Materials","Drug Manufacturers—Specialty & Generic","$52,037,290","29,690","Analyze"
"AAGFF","Aftermath Silver Ltd.","CV:AAG","TSX Venture Exchange","Unknown","Other Industrial Metals & Mining","$51,934,516","237,981","Analyze"
"XTMIF","XTM Inc.","","","Unknown","Information Technology Services","$51,545,388","775","Analyze"
"SRGXF","SURGE COPPER CORP","","","Unknown","","$51,406,819","38,588","Analyze"
"LRDJF","ST JAMES GOLD CORP","","","Unknown","","$51,085,130","755","Analyze"
"GBARF","MONARCH MINING CORP","","","Unknown","","$50,815,095","21,880","Analyze"
"TSKFF","Talisker Resources Ltd.","","","Unknown","Other Industrial Metals & Mining","$50,789,563","98,198","Analyze"
"MSSTF","MINDSET PHARMA INC","","","Unknown","","$50,637,569","20,818","Analyze"
"OGNRF","OROGEN ROYALTIES INC","","","Unknown","","$50,326,574","361,387","Analyze"
"SGLDF","SABRE GOLD MINES CORP","","","Unknown","","$50,316,842","0","Analyze"
"LXXGF","Lexagene Holdings Inc.","","","Unknown","Medical Devices","$50,040,101","112,583","Analyze"
"RSASF","Resaas Services Inc.","","","Communication Services","Software—Application","$50,028,801","1,854","Analyze"
"PLGNF","PLAYGON GAMES INC","","","Unknown","","$50,003,307","0","Analyze"
"CVVUF","CanAlaska Uranium Ltd.","","","Energy","Other Industrial Metals & Mining","$49,954,881","67,950","Analyze"
"AGAUF","ARIZONA GOLD CORP","","","Unknown","","$49,437,330","347,456","Analyze"
"BSENF","BASELODE ENERGY CORP","","","Unknown","","$49,392,062","0","Analyze"
"WPNDF","WISHPOND TECHNOLOGIES LTD","","","Unknown","","$49,107,910","0","Analyze"
"XRTXF","XORTX Therapeutics Inc.","","","Health Care","Biotechnology","$48,334,526","3,500","Analyze"
"KDKCF","KODIAK COPPER CORP","","","Unknown","","$48,265,391","0","Analyze"
"NCAUF","NEWCORE GOLD LTD","","","Unknown","","$48,206,941","5,977","Analyze"
"WDDMF","WeedMD Inc.","CV:WMD","TSX Venture Exchange","Unknown","Drug Manufacturers—Specialty & Generic","$48,017,734","50,984","Analyze"
"DTMXF","DATAMETREX AI LIMIT","","","Information Technology","","$47,982,931","0","Analyze"
"AMMPF","AMMPOWER CORP","","","Unknown","","$47,978,791","332,033","Analyze"
"MGPHF","Mason Graphite Inc.","CV:LLG","TSX Venture Exchange","Materials","Other Industrial Metals & Mining","$47,961,361","279,090","Analyze"
"SILEF","Silver Elephant Mining Corp","CT:ELEF","Toronto Stock Exchange","Unknown","Other Industrial Metals & Mining","$47,834,045","1,560,339","Analyze"
"NFLDF","EXPLOITS DISCOVERY CORP","","","Unknown","","$47,708,238","120,366","Analyze"
"USYNF","UNISYNC CORP ORD","","","Consumer Discretionary","","$47,538,123","0","Analyze"
"JETMF","Global Crossing Airlines Inc.","","","Industrials","Airlines","$47,459,659","6,006","Analyze"
"GUYGF","G2 GOLDFIELDS INC","","","Unknown","","$47,118,062","0","Analyze"
"SRLZF","SALAZAR RESOURCES LTD ORD","","","Unknown","","$46,983,300","12,533","Analyze"
"NDVAF","Indiva Ltd.","CV:NDVA","TSX Venture Exchange","Unknown","Drug Manufacturers—Specialty & Generic","$46,889,798","36,678","Analyze"
"VEXTF","Vext Science Inc.","CF:VEXT","Canadian Securities Exchange","Unknown","Drug Manufacturers—Specialty & Generic","$46,461,143","5,073","Analyze"
"GTAGF","GOLDEN TAG RESOURCES LTD","","","Unknown","","$46,405,168","397,550","Analyze"
"BKUCF","Blue Sky Uranium Corp.","","","Energy","Uranium","$46,202,934","62,000","Analyze"
"KUYAF","KUYA SILVER CORP","","","Unknown","","$46,083,581","0","Analyze"
"HLRTF","HILLCREST PETROL LTD ORD","","","Unknown","","$46,035,824","112,800","Analyze"
"CRBTF","Intellabridge Technology Corp.","","","Unknown","Software—Application","$45,957,234","26,188","Analyze"
"UGEIF","UGE International Ltd","","","Industrials","Solar","$45,450,515","15,892","Analyze"
"DPXCF","DELPHX CAP MKTS INC","","","Unknown","","$45,064,756","0","Analyze"
"PEMIF","Pure Energy Minerals Ltd.","","","Unknown","Other Industrial Metals & Mining","$45,007,559","419,300","Analyze"
"LVCNF","Leviathan Cannabis Group Inc.","","","Unknown","Drug Manufacturers—Specialty & Generic","$45,007,328","100","Analyze"
"TSGZF","TriStar Gold Inc.","","","Materials","Gold","$44,842,273","87,810","Analyze"
"GLBXF","Globex Mining Enterprises Inc.","CT:GMX","Toronto Stock Exchange","Materials","Other Industrial Metals & Mining","$44,819,582","9,124","Analyze"
"ENDMF","ENDURO METALS CORP","","","Unknown","","$44,350,189","108,308","Analyze"
"BMMJ","Body & Mind Inc.","","","Unknown","Drug Manufacturers—Specialty & Generic","$44,337,020","103,784","Analyze"
"SSVRF","SUMMA SILVER CORP","","","Unknown","","$44,307,493","0","Analyze"
"ATIXF","AnalytixInsight Inc. (Canada)","","","Information Technology","Software—Application","$44,284,799","0","Analyze"
"RMRDF","RADISSON MINING RESOURCES","","","Unknown","","$44,069,770","0","Analyze"
"YNVYF","Ynvisible Interactive Inc. Class A","","","Unknown","Electronic Components","$43,970,021","54,700","Analyze"
"POROF","PANORO MINERALS LTD","","","Materials","","$43,833,385","0","Analyze"
"NRVTF","NORAM VENTURES INC","","","Unknown","","$43,582,108","46,836","Analyze"
"GRSLF","GR Silver Mining Ltd.","","","Unknown","Other Industrial Metals & Mining","$43,237,394","84,907","Analyze"
"KVLQF","VALORE METALS CORP","","","Unknown","","$43,046,297","0","Analyze"
"ASPCF","Acerus Pharmaceuticals Corporation","","","Unknown","Drug Manufacturers—Specialty & Generic","$42,898,707","2,858","Analyze"
"LEMIF","Leading Edge Materials Corp.","","","Materials","Other Industrial Metals & Mining","$42,853,682","86,271","Analyze"
"RYMDF","Relay Medical Corp.","","","Unknown","Diagnostics & Research","$42,812,526","0","Analyze"
"CTXXF","Cematrix Corporation","","","Materials","Building Materials","$42,639,480","133,050","Analyze"
"LUMIF","LUMINEX RES CORP","","","Unknown","","$42,343,607","0","Analyze"
"SHCMF","SEARCH MINERALS INC ORD","","","Materials","","$42,284,379","0","Analyze"
"KOREF","KORE Mining Ltd.","","","Unknown","Gold","$42,155,670","125,158","Analyze"
"AWKNF","AWAKN LIFE SCIENCES CORP","","","Unknown","","$41,842,172","0","Analyze"
"SNWGF","SNOWLINE GOLD CORP","","","Unknown","","$41,698,989","41,434","Analyze"
"MMNGF","METALLIC MINERALS CORP","","","Unknown","","$41,540,792","81,902","Analyze"
"PHRRF","NEWSCOPE CAP CORP.","","","Unknown","","$41,512,735","0","Analyze"
"ICOTF","iCo Therapeutics Inc.","","","Health Care","Biotechnology","$41,043,431","12,065","Analyze"
"GRCAF","Gold Springs Resource Corp.","","","Unknown","Gold","$40,871,640","4,921","Analyze"
"APLIF","APPILI THERAPEUTICS INC","","","Unknown","","$40,557,549","0","Analyze"
"WSCRF","North American Nickel Inc.","","","Materials","Other Industrial Metals & Mining","$40,313,849","0","Analyze"
"AUSAF","Australis Capital Inc.","","","Consumer Discretionary","Drug Manufacturers—Specialty & Generic","$40,246,930","52,422","Analyze"
"NVLPF","NOVA LEAP HEALTH CORP","","","Unknown","","$40,043,878","43,125","Analyze"
"NKORF","PALLADIUM ONE MINING INC","","","Unknown","","$40,021,111","0","Analyze"
"PTUUF","PUREPOINT URANIUM GRP INC","","","Unknown","","$40,016,902","0","Analyze"
"PGEZF","Group Ten Metals Inc.","","","Unknown","Other Industrial Metals & Mining","$39,872,304","145,449","Analyze"
"IZOZF","IZOTROPIC CORP","","","Unknown","","$39,751,032","62,496","Analyze"
"SBLRF","SABLE RES LTD ORD","","","Unknown","","$39,728,682","40,808","Analyze"
"WSNAF","Wesana Health Holdings Inc","","","Health Care","Biotechnology","$39,565,963","0","Analyze"
"IDKFF","THREED CAPITAL INC","","","Unknown","","$39,513,453","0","Analyze"
"TRBMF","Torq Resources Inc.","CV:TORQ","TSX Venture Exchange","Materials","Other Industrial Metals & Mining","$39,455,346","15,030","Analyze"
"DRCMF","DORE COPPER MNG CORP","","","Unknown","","$39,289,817","0","Analyze"
"BMTLF","BeMetals Corp.","","","Unknown","Other Industrial Metals & Mining","$39,123,971","1,900","Analyze"
"EMTRF","ELEMENT 29 RES INC","","","Unknown","","$39,056,942","52,167","Analyze"
"KHRNF","Khiron Life Sciences Corp.","CV:KHRN","TSX Venture Exchange","Unknown","Drug Manufacturers—Specialty & Generic","$38,993,786","354,511","Analyze"
"OPTHF","OPTIMI HEALTH CORP","","","Unknown","","$38,949,272","66,504","Analyze"
"GPTRF","Grande Portage Resources Ltd.","","","Materials","Gold","$38,804,533","36,300","Analyze"
"BVNNF","BEVCANNA ENTERPRISES","","","Unknown","","$38,793,794","284,771","Analyze"
"UURAF","Ucore Rare Metals Inc.","CT:UCU","Toronto Stock Exchange","Materials","Other Industrial Metals & Mining","$38,383,790","91,931","Analyze"
"FLHLF","FILAMENT HEALTH CORP","","","Unknown","","$37,951,580","0","Analyze"
"LUXFF","LUXXFOLIO HLDGS INC","","","Unknown","","$37,787,782","382,875","Analyze"
"GGLDF","Getchell Gold Corp.","","","Unknown","Other Industrial Metals & Mining","$37,733,227","75,382","Analyze"
"GXSFF","GoldSource Mines Inc.","","","Unknown","Gold","$37,465,556","1,005,409","Analyze"
"RVLGF","Revival Gold Inc","","","Unknown","Gold","$37,407,332","49,044","Analyze"
"MFGCF","MAYFAIR GOLD CORP","","","Unknown","","$37,260,656","0","Analyze"
"ATBPF","Antibe Therapeutics Inc.","CV:ATE","TSX Venture Exchange","Health Care","Biotechnology","$37,236,155","0","Analyze"
"ANLDF","Anfield Energy Inc","","","Energy","Uranium","$37,170,879","14,000","Analyze"
"SKKY","Skkynet Cloud Systems Inc.","","","Information Technology","Software—Infrastructure","$37,124,493","4,402","Analyze"
"FLOOF","Flower One Holdings Inc.","CF:FONE","Canadian Securities Exchange","Unknown","Drug Manufacturers—Specialty & Generic","$36,980,400","14,469","Analyze"
"HERTF","Heritage Cannabis Holdings Corp.","CF:CANN","Canadian Securities Exchange","Unknown","Drug Manufacturers—Specialty & Generic","$36,902,129","49,968","Analyze"
"POPRF","POPREACH CORPORATION","","","Unknown","","$36,693,249","0","Analyze"
"FTMDF","Fortune Minerals Limited","CT:FT","Toronto Stock Exchange","Materials","Other Industrial Metals & Mining","$36,603,831","47,544","Analyze"
"FISOF","Fission 3.0 Corp.","","","Energy","Other Industrial Metals & Mining","$36,537,496","37,644","Analyze"
"PLTXF","PLANTX LIFE INC","","","Unknown","","$36,222,346","0","Analyze"
"NORZF","NorZinc Ltd.","","","Materials","Other Industrial Metals & Mining","$36,089,959","161,294","Analyze"
"JUVAF","JUVA LIFE INC","","","Unknown","","$35,821,078","0","Analyze"
"DVNCF","DANAVATION TECHNOLOGIES","","","Unknown","","$35,764,185","0","Analyze"
"TCFF","TRILLION ENERGY INTERNATL","","","Unknown","","$35,753,463","232,708","Analyze"
"NSFDF","NXT Energy Solutions Inc.","","","Energy","Oil & Gas Equipment & Services","$35,647,108","2,475","Analyze"
"NXTTF","Namaste Technologies Inc.","CV:N","TSX Venture Exchange","Consumer Discretionary","Internet Retail","$35,631,863","186,856","Analyze"
"ARSMF","ARES STRATEGIC MNG INC","","","Materials","","$35,525,211","0","Analyze"
"LPSIF","LEGEND POWER SYS INC","","","Unknown","","$35,467,576","500","Analyze"
"CLCFF","CHRISTINA LAKE CANNABIS","","","Unknown","","$35,444,241","0","Analyze"
"MBAIF","CIBT Education Group Inc","CT:MBA","Toronto Stock Exchange","Consumer Discretionary","Education & Training Services","$35,443,979","2,167","Analyze"
"AZURF","AZINCOURT ENERGY CORP","","","Unknown","","$35,164,308","0","Analyze"
"RKMSF","ROKMASTER RESOURCES CORP","","","Materials","","$35,110,824","5,650","Analyze"
"TLTFF","Theralase Technologies Inc.","","","Health Care","Medical Devices","$34,849,464","104,717","Analyze"
"VIPRF","SILVER VIPER MINERALS","","","Unknown","","$34,598,891","60,200","Analyze"
"AVLNF","Avalon Advanced Materials Inc.","CT:AVL","Toronto Stock Exchange","Materials","Other Industrial Metals & Mining","$34,561,072","36,700","Analyze"
"NSUPF","Northern Superior Resources Inc.","","","Unknown","Gold","$34,535,262","10,402","Analyze"
"TAOIF","TAG Oil Ltd","CT:TAO","Toronto Stock Exchange","Energy","Oil & Gas E&P","$34,333,030","0","Analyze"
"VSQTF","Victory Square Technologies Inc","CF:VST","Canadian Securities Exchange","Unknown","Electronic Gaming & Multimedia","$34,015,203","111,357","Analyze"
"GOTRF","Goliath Resources Limited","","","Unknown","Other Precious Metals & Mining","$33,934,910","96,910","Analyze"
"HDSLF","HEALTHSPACE DATA SYS NEW","","","Unknown","","$33,873,570","100","Analyze"
"YGTFF","GOLD TERRA RESOURCE CORP","","","Unknown","","$33,833,027","0","Analyze"
"NGPHF","Northern Graphite Corporation","","","Materials","Other Industrial Metals & Mining","$33,821,986","443,896","Analyze"
"MSNVF","MISSION READY SOLTNS INC","","","Unknown","","$33,689,024","116,252","Analyze"
"CHALF","CHALICE BRANDS LTD","","","Unknown","","$33,682,226","0","Analyze"
"QCCUF","QC COPPER & GOLD INC","","","Unknown","","$33,294,657","217,910","Analyze"
"DLTNF","DELTA 9 CANNABIS INC","","","Unknown","","$33,223,736","12,384","Analyze"
"STTDF","STANDARD URANIUM LTD","","","Unknown","","$32,817,679","0","Analyze"
"WFTSF","Wavefront Technology Solutions Inc","CV:WEE","TSX Venture Exchange","Energy","Oil & Gas Equipment & Services","$32,629,541","5,500","Analyze"
"NBMFF","NEO BATTERY MATLS LTD","","","Unknown","","$32,622,111","0","Analyze"
"ACLHF","ACME LITHIUM INC","","","Unknown","","$32,614,033","0","Analyze"
"GGGOF","Galane Gold Ltd.","","","Materials","Gold","$32,553,869","319,496","Analyze"
"HNCKF","Giga Metals Corporation","","","Materials","Other Industrial Metals & Mining","$32,500,803","77,279","Analyze"
"VIBEF","VIBE GROWTH CORPORATION","","","Unknown","","$32,430,364","0","Analyze"
"CBDHF","Hempfusion Wellness Inc","","","Consumer Discretionary","Drug Manufacturers—Specialty & Generic","$32,138,968","42,721","Analyze"
"PHNMF","PHENOM RESOURCES CORP","","","Unknown","","$32,086,908","124,877","Analyze"
"TSDRF","TSODILO RESOURCES LTD","","","Materials","","$31,956,404","0","Analyze"
"CDBMF","CORDOBA MINERALS CORP","","","Materials","","$31,895,992","0","Analyze"
"ETRGF","ENTOURAGE HEALTH CORP","","","Unknown","","$31,814,524","0","Analyze"
"PDPTF","PUDO Inc.","","","Industrials","Integrated Freight & Logistics","$31,727,573","0","Analyze"
"GOMRF","GEOMEGA RESOURCES INC ORD","","","Unknown","","$31,713,573","0","Analyze"
"INTWF","Sharc International Systems Inc","","","Unknown","Pollution & Treatment Controls","$31,419,681","47,690","Analyze"
"NRRSF","NORSEMONT MINING INC","","","Unknown","","$31,219,372","24,759","Analyze"
"ETHOF","Ethos Gold Corp.","","","Materials","Gold","$30,982,799","83,387","Analyze"
"FMANF","FREEMAN GOLD CORP","","","Unknown","","$30,807,873","0","Analyze"
"STRFF","STAR ROYALTIES LTD","","","Unknown","","$30,623,599","39,369","Analyze"
"BEVVF","Bee Vectoring Technologies International Inc.","","","Unknown","Agricultural Inputs","$30,223,864","38,719","Analyze"
"NWRCF","KENORLAND MINERALS LTD","","","Unknown","","$29,842,083","0","Analyze"
"NCPCF","Nickel Creek Platinum Corp.","","","Materials","Other Industrial Metals & Mining","$29,503,850","212,092","Analyze"
"VLMGF","Viscount Mining Corp.","","","Unknown","Other Precious Metals & Mining","$29,493,021","23,865","Analyze"
"NVMDF","NOVAMIND INC","","","Unknown","","$29,453,966","0","Analyze"
"WOWMF","Wow Unlimited Media Inc.","CV:WOW","TSX Venture Exchange","Unknown","Entertainment","$29,442,557","0","Analyze"
"LISMF","LITHIUM SOUTH DEV CORP","","","Unknown","","$29,421,867","43,249","Analyze"
"BLILF","Bearing Lithium Corp","","","Unknown","Other Industrial Metals & Mining","$29,418,832","217,418","Analyze"
"ITHUF","iAnthus Capital Holdings Inc.","CF:IAN","Canadian Securities Exchange","Unknown","Drug Manufacturers—Specialty & Generic","$29,192,093","155,781","Analyze"
"BLAGF","Blue Lagoon Resources Inc","","","Unknown","Gold","$29,190,146","29,672","Analyze"
"ABEPF","Vision Lithium Inc.","CV:VLI","TSX Venture Exchange","Materials","Other Industrial Metals & Mining","$29,125,243","1,656,805","Analyze"
"OVTZ","Oculus VisionTech Inc.","","","Information Technology","Software—Infrastructure","$28,826,406","106,544","Analyze"
"CHKKF","Chakana Copper Corp.","","","Unknown","Other Precious Metals & Mining","$28,761,088","83,990","Analyze"
"KGFMF","KINGFISHER METALS CORP","","","Unknown","","$28,704,154","24,743","Analyze"
"DMIFF","Diamcor Mining Inc.","","","Materials","Other Precious Metals & Mining","$28,458,577","0","Analyze"
"CRCUF","Canarc Resource Corp.","","","Materials","Gold","$28,401,876","3,103","Analyze"
"HBORF","Harborside Inc.","","","Consumer Discretionary","Drug Manufacturers—Specialty & Generic","$28,362,580","0","Analyze"
"NBYCF","NIOBAY METALS INC","","","Unknown","","$28,275,616","4,890","Analyze"
"OREAF","OREA MNG CORP","","","Unknown","","$28,208,339","0","Analyze"
"TBXXF","Turmalina Metals Corp.","CV:TBX","TSX Venture Exchange","Unknown","Other Precious Metals & Mining","$28,097,798","47,054","Analyze"
"MNXXF","MANGANESE X ENERGY CORP","","","Unknown","","$27,834,545","0","Analyze"
"EMGDF","EMINENT GOLD CORP","","","Unknown","","$27,824,586","0","Analyze"
"CGNSF","Cognetivity Neurosciences Ltd.","","","Unknown","Diagnostics & Research","$27,775,432","14,658","Analyze"
"FCSMF","Focus Graphite Inc.","","","Materials","Other Industrial Metals & Mining","$27,758,619","107,374","Analyze"
"DGNOF","DIAGNOS inc.","","","Health Care","Information Technology Services","$27,309,305","1,000","Analyze"
"PLCKF","PLURILOCK SEC INC","","","Unknown","","$27,142,738","0","Analyze"
"EFRGD","PASOFINO GOLD LTD NEW","","","Unknown","","$26,837,751","0","Analyze"
"VVCIF","VIVO Cannabis Inc.","CT:VIVO","Toronto Stock Exchange","Health Care","Drug Manufacturers—Specialty & Generic","$26,815,843","90,691","Analyze"
"ACTHF","ADURO CLEAN TECHNOLOGIES","","","Unknown","","$26,763,216","0","Analyze"
"STKXF","StrikePoint Gold Inc.","","","Unknown","Other Industrial Metals & Mining","$26,436,728","233,000","Analyze"
"PUCCF","PANCONTINENTAL RES CORP","","","Materials","","$26,424,838","30,602","Analyze"
"AVCNF","Avicanna Inc","CT:AVCN","Toronto Stock Exchange","Unknown","Drug Manufacturers—Specialty & Generic","$26,413,807","105","Analyze"
"CLRMF","CLEAN AIR METALS INC","","","Unknown","","$26,289,747","0","Analyze"
"GHVNF","GOLDHAVEN RESOURCES CORP","","","Unknown","","$26,093,372","59,500","Analyze"
"BVAXF","BIOVAXYS TECHNOLOGY CORP","","","Unknown","","$25,995,195","0","Analyze"
"SIXWF","SIXTH WAVE INNOVATIONS","","","Unknown","","$25,852,847","0","Analyze"
"BBBXF","BRIXTON METALS CORP","","","Unknown","","$25,497,867","315,651","Analyze"
"OILFF","Nextleaf Solutions Ltd.","","","Unknown","Drug Manufacturers—Specialty & Generic","$25,389,332","146,374","Analyze"
"EXPFF","Experion Holdings Ltd.","","","Unknown","Drug Manufacturers—Specialty & Generic","$25,252,098","215,008","Analyze"
"LQWDF","LQWD FINTECH CORP","","","Unknown","","$25,193,029","398","Analyze"
"SWISF","GlobeX Data Ltd","","","Unknown","Software—Application","$25,094,304","12,000","Analyze"
"BHLL","BUNKER HILL MINING CP","","","Materials","","$25,074,178","0","Analyze"
"IONGF","ION ENERGY LTD","","","Unknown","","$25,066,903","59,870","Analyze"
"SPVNF","SPECTRA7 MICROSYSTEMS INC","","","Information Technology","","$24,919,315","52,839","Analyze"
"DSGT","DSG Global Inc","","","Unknown","Scientific & Technical Instruments","$24,915,728","585,105","Analyze"
"SMREF","SUN SUMMIT MINERALS CORP","","","Materials","","$24,876,074","0","Analyze"
"HSTXF","HELIOSTAR METALS LTD","","","Unknown","","$24,721,044","45,331","Analyze"
"QTRRF","Quaterra Resources Inc","","","Materials","Other Industrial Metals & Mining","$24,538,172","462,300","Analyze"
"MDNWF","MEDNOW INC A","","","Unknown","","$24,479,483","0","Analyze"
"NULGF","Nulegacy Gold Corporation","","","Materials","Gold","$24,084,065","609,952","Analyze"
"CGLCF","CASSIAR GOLD CORP","","","Unknown","","$24,071,907","0","Analyze"
"FLYLF","FLYHT Aerospace Solutions Ltd.","CV:FLY","TSX Venture Exchange","Industrials","Aerospace & Defense","$23,981,568","126,915","Analyze"
"PGXFF","PROSPER GOLD CORP","","","Unknown","","$23,892,370","4,435","Analyze"
"PNXLF","Argentina Lithium & Energy Corp.","","","Unknown","Other Industrial Metals & Mining","$23,873,966","343,429","Analyze"
"BRKCF","Barksdale Resources Corp.","","","Unknown","Other Industrial Metals & Mining","$23,867,145","61,100","Analyze"
"PMEDF","Predictmedix Inc.","","","Unknown","Medical Devices","$23,718,682","32,075","Analyze"
"SLVDF","SILVER DOLLAR RES INC","","","Unknown","","$23,493,039","0","Analyze"
"CHOOF","Choom Holdings Inc","","","Unknown","Drug Manufacturers—Specialty & Generic","$23,416,724","639,864","Analyze"
"LVRLF","CordovaCann Corp.","","","Unknown","Drug Manufacturers—Specialty & Generic","$23,263,838","8,100","Analyze"
"NICLF","CLASS 1 NICKEL & TECH","","","Unknown","","$23,243,990","300","Analyze"
"SZLSF","STAGEZERO LIFE SCIENCES","","","Unknown","","$23,207,992","0","Analyze"
"FFOXF","FIREFOX GOLD CORP","","","Unknown","","$23,149,086","0","Analyze"
"ELECF","ELECTRIC ROYALTIES LTD","","","Unknown","","$23,075,210","0","Analyze"
"LECRF","LEOCOR GOLD INC","","","Unknown","","$23,031,838","22,418","Analyze"
"QNCCF","QUANTUM EMOTION CORP","","","Unknown","","$22,920,662","0","Analyze"
"MWXRF","Mineworx Technologies Ltd","","","Materials","Other Industrial Metals & Mining","$22,691,115","33,000","Analyze"
"ALVLF","BIG RIDGE GOLD CORP","","","Unknown","","$22,599,898","0","Analyze"
"ZNCXF","ZINCX RES CORP","","","Unknown","","$22,590,270","55,100","Analyze"
"MMTIF","Micromem Technologies Inc.","","","Information Technology","Semiconductors","$22,544,239","22,000","Analyze"
"NILIF","SURGE BATTERY METALS INC","","","Unknown","","$22,377,407","111,285","Analyze"
"MCURF","MIND CURE HEALTH INC","","","Unknown","","$22,310,076","0","Analyze"
"GABLF","GABY Inc.","","","Unknown","Packaged Foods","$22,242,410","0","Analyze"
"BWLKF","Boardwalktech Software Corp.","","","Information Technology","Software—Application","$22,128,292","16,915","Analyze"
"GXXFF","GOLD BASIN RESOURCES CORP","","","Unknown","","$22,007,331","2,105","Analyze"
"OGGFF","ORGANIC GARAGE LTD","","","Unknown","","$21,887,272","7,045","Analyze"
"AUXXF","Allegiant Gold Ltd.","CV:AUAU","TSX Venture Exchange","Materials","Gold","$21,788,374","42,196","Analyze"
"ULTXF","Ultra Resources Inc.","","","Unknown","Other Industrial Metals & Mining","$21,739,750","4,872","Analyze"
"BHSIF","BAYHORSE SILVER INC","","","Unknown","","$21,641,170","0","Analyze"
"PLRTF","Plymouth Rock Technologies Inc.","CF:PRT","Canadian Securities Exchange","Industrials","Security & Protection Services","$21,588,082","349,859","Analyze"
"AQARF","Aquila Resources Inc.","","","Materials","Other Industrial Metals & Mining","$21,513,363","73,640","Analyze"
"TRYPF","TRYP THRAPEUTICS INC","","","Unknown","","$21,441,311","186,534","Analyze"
"ANGVF","ANGUS GOLD INC","","","Unknown","","$21,427,832","0","Analyze"
"TCVNF","TOCVAN VENTURES CORP","","","Unknown","","$21,370,940","0","Analyze"
"EVLLF","EnviroLeach Technologies Inc.","","","Unknown","Gold","$21,277,681","43,686","Analyze"
"SUNPF","SUN PEAK METALS CORP","","","Unknown","","$21,156,258","0","Analyze"
"OCGSF","OUTCROP SILVER & GOLD CP","","","Unknown","","$21,143,832","8,705","Analyze"
"UBMRD","URBANIMMERSIVE INC NEW","","","Unknown","","$21,121,301","0","Analyze"
"EMPYF","EMPRESS RTY CORP","","","Unknown","","$20,967,164","114,980","Analyze"
"JNHMF","JACK NATHAN MED CORP","","","Unknown","","$20,786,464","0","Analyze"
"NMTLF","New Age Metals Inc","","","Materials","Other Industrial Metals & Mining","$20,696,629","431,036","Analyze"
"BETRF","BETTERLIFE PHARMA INC","","","Unknown","","$20,603,791","0","Analyze"
"TMGEF","THERMAL ENGY INTL LTD","","","Industrials","","$20,518,728","22,358","Analyze"
"BEWFF","BeWhere Holdings Inc.","","","Unknown","Communication Equipment","$20,513,068","0","Analyze"
"SMAGF","SOMA GOLD CORP","","","Unknown","","$20,510,064","114","Analyze"
"CCWOF","Canada Silver Cobalt Works Inc.","","","Materials","Other Industrial Metals & Mining","$20,332,077","300,260","Analyze"
"LMRMF","Lomiko Metals Inc.","CV:LMR","TSX Venture Exchange","Materials","Other Industrial Metals & Mining","$20,238,631","3,188,506","Analyze"
"ITMSF","Intermap Technologies Corporation A","","","Information Technology","Software-Application","$20,226,044","28,097","Analyze"
"MISVF","Minco Silver Corporation","CT:MSV","Toronto Stock Exchange","Materials","Silver","$20,138,277","61,703","Analyze"
"EFRGF","PASOFINO GOLD LTD","","","Materials","","$19,936,315","15,950","Analyze"
"WLDFF","Wildflower Brands Inc.","","","Unknown","Drug Manufacturers—Specialty & Generic","$19,824,861","2,283","Analyze"
"CTABF","Canntab Therapeutics Ltd.","","","Unknown","Drug Manufacturers—Specialty & Generic","$19,820,898","2,100","Analyze"
"ORMNF","Orex Minerals Inc.","","","Unknown","Other Industrial Metals & Mining","$19,770,494","39,558","Analyze"
"RDGMF","RIDGELINE MINERALS CORP","","","Unknown","","$19,487,516","28,100","Analyze"
"UBMRF","URBANIMMERSIVE INC ORD","","","Information Technology","","$19,306,350","579,270","Analyze"
"TGLDF","TRILLIUM GOLD MINES INC","","","Unknown","","$19,290,098","0","Analyze"
"VIVXF","Avivagen Inc.","","","Unknown","Drug Manufacturers—Specialty & Generic","$19,239,590","2,500","Analyze"
"LVXFF","LEVIATHAN GOLD LTD","","","Unknown","","$19,228,344","8,918","Analyze"
"RDDTF","Radient Technologies Inc","CV:RTI","TSX Venture Exchange","Unknown","Drug Manufacturers—Specialty & Generic","$19,190,741","69,495","Analyze"
"VRRCF","VR RESOURCES LTD ORD","","","Unknown","","$19,170,487","63,250","Analyze"
"TGIFF","1933 Industries Inc.","CF:TGIF","Canadian Securities Exchange","Unknown","Drug Manufacturers—Specialty & Generic","$18,989,820","589,587","Analyze"
"SNRG","SusGlobal Energy Corp.","","","Unknown","Utilities—Renewable","$18,980,984","20,001","Analyze"
"ASDRF","Ascendant Resources Inc.","CT:ASND","Toronto Stock Exchange","Unknown","Other Industrial Metals & Mining","$18,838,493","124,000","Analyze"
"KOMOF","KOMO PLANT BASED FOODS","","","Unknown","","$18,694,053","0","Analyze"
"EMHTF","Emerald Health Therapeutics Inc.","CV:EMH","TSX Venture Exchange","Health Care","Drug Manufacturers—Specialty & Generic","$18,665,683","180,172","Analyze"
"TBLLF","TOMBILL MINES LTD","","","Unknown","","$18,605,313","0","Analyze"
"GGCPF","GENERIC GOLD CORP.","","","Unknown","","$18,517,146","0","Analyze"
"PSYCF","PSYCHED WELLNESS LTD","","","Unknown","","$18,439,265","133,332","Analyze"
"AXREF","Amarc Resources Ltd.","","","Unknown","Other Industrial Metals & Mining","$18,240,892","160,000","Analyze"
"CYLYF","CEYLON GRAPHITE CORP","","","Unknown","","$18,192,507","97,835","Analyze"
"LBCMF","LIBERO CPPR & GOLD CORP","","","Materials","","$18,097,411","30,599","Analyze"
"LDDFF","Liberty Defense Holdings, Ltd","","","Unknown","Security & Protection Services","$18,054,230","15,330","Analyze"
"GPHBF","G6 Materials Corp.","","","Unknown","Specialty Chemicals","$17,950,295","107,513","Analyze"
"VMNGF","VANSTAR MINING RESOURCES","","","Unknown","","$17,895,818","0","Analyze"
"TNYBF","Tinley Beverage Company Inc.","CF:TNY","Canadian Securities Exchange","Unknown","Beverages—Wineries & Distilleries","$17,873,229","10,790","Analyze"
"OPVLF","OPTIMUM VENTURES LTD","","","Unknown","","$17,828,565","0","Analyze"
"BTCWF","BLUESKY DIGITAL ASSET CP","","","Unknown","","$17,820,656","0","Analyze"
"ATADF","ATAC RESOURCES LTD","","","Unknown","","$17,807,104","38,088","Analyze"
"FDVXF","FENIXORO GOLD CORP","","","Unknown","","$17,777,708","1,047,900","Analyze"
"IMPNF","IMPERIAL MINING GROUP","","","Unknown","","$17,695,275","0","Analyze"
"CTCGF","C2C GOLD CORP","","","Unknown","","$17,650,230","16,934","Analyze"
"CLABF","Core One Labs Inc.","CF:COOL","Canadian Securities Exchange","Unknown","Medical Instruments & Supplies","$17,643,213","281,596","Analyze"
"BCUFF","BELL COPPER CORP","","","Unknown","","$17,598,149","0","Analyze"
"OONEF","01 COMMUNIQUE LAB INC","","","Unknown","","$17,454,586","0","Analyze"
"VGANF","PLANT & CO BRANDS LTD","","","Unknown","","$17,323,332","86,313","Analyze"
"PLPRF","Plus Products Inc.","CF:PLUS","Canadian Securities Exchange","Unknown","Drug Manufacturers—Specialty & Generic","$17,280,455","438,903","Analyze"
"TIGCF","Triumph Gold Corp.","","","Materials","Other Industrial Metals & Mining","$17,188,916","8,485","Analyze"
"XXMMF","Ximen Mining Corp.","","","Unknown","Gold","$17,173,829","1,300","Analyze"
"WGMCF","Winston Gold Corp Class A","","","Unknown","Gold","$17,165,577","183,748","Analyze"
"ASAPF","AURORA SPINE CORP","","","Unknown","","$17,046,604","2,001","Analyze"
"GCXXF","GRANITE CREEK COPPER LTD","","","Unknown","","$17,046,554","0","Analyze"
"NLPXF","NOBLE MINERAL EXPL  NEW","","","Unknown","","$17,037,847","11,573","Analyze"
"DFMTF","Defense Metals Corp.","","","Unknown","Uranium","$17,000,566","64,333","Analyze"
"GARWF","Golden Arrow Resources Corp.","","","Materials","Other Industrial Metals & Mining","$16,988,303","57,453","Analyze"
"BICTF","Biocure Technology Inc.","","","Health Care","Biotechnology","$16,931,440","0","Analyze"
"FBSGF","FABLED SILVER GOLD CORP","","","Unknown","","$16,918,548","1,557,009","Analyze"
"BIOAF","biOasis Technologies Inc.","","","Health Care","Biotechnology","$16,831,199","22,945","Analyze"
"SVBL","Silver Bull Resources Inc.","","","Materials","Other Industrial Metals & Mining","$16,691,767","42,928","Analyze"
"MIMNF","Mimi's Rock Corp","","","Unknown","","$16,629,695","6,000","Analyze"
"GFGSF","GFG Resources Inc.","","","Unknown","Gold","$16,598,325","362,319","Analyze"
"PSYGF","PSYENCE GROUP INC","","","Unknown","","$16,498,531","0","Analyze"
"VENZF","VENZEE TECHNOLOGIES INC","","","Unknown","","$16,455,224","0","Analyze"
"LUKEF","REAL LUCK GROUP LTD","","","Unknown","","$16,429,757","14,442","Analyze"
"CJCFF","Quebec Precious Metals Corp.","","","Materials","Gold","$16,417,562","23,409","Analyze"
"AMPDF","AMPD VENTURES INC","","","Unknown","","$16,357,319","48,862","Analyze"
"MYIDF","KILLI LTD","","","Unknown","","$16,343,976","0","Analyze"
"TIMCF","TIMIA Capital Corp.","","","Unknown","Asset Management","$16,296,946","0","Analyze"
"RFHRF","RENFORTH RESOURCES INC","","","Unknown","","$16,233,765","31,972","Analyze"
"SEHKF","SEAHAWK GOLD CORP","","","Unknown","","$16,233,383","1,000","Analyze"
"KGEIF","Kolibri Global Energy Inc.","","","Energy","Oil & Gas E&P","$16,141,538","0","Analyze"
"OMMSF","OMINECA MINING & MTLS ORD","","","Unknown","","$16,135,170","0","Analyze"
"BLONF","CO2 Gro Inc.","","","Industrials","Agricultural Inputs","$16,109,793","28,587","Analyze"
"SSYRF","SASSY RES CORP","","","Unknown","","$16,109,378","0","Analyze"
"CTMCF","CANTERRA MINERALS CORP","","","Materials","","$15,956,705","0","Analyze"
"CNSNF","Constantine Metal Resources Ltd.","CV:CEM","TSX Venture Exchange","Unknown","Other Industrial Metals & Mining","$15,930,216","175,003","Analyze"
"CNUCF","CANUC RESOURCES CORP CDA","","","Energy","","$15,896,597","7,936","Analyze"
"GMETF","GAMEON ENTMT TECHNOLOGIES","","","Unknown","","$15,890,632","0","Analyze"
"NAUFF","NEVGOLD CORP","","","Unknown","","$15,888,020","0","Analyze"
"RKCLF","ROCKCLIFF METALS CORP","","","Unknown","","$15,873,150","65,242","Analyze"
"MUNMF","MUNDORO CAPITAL INC","","","Materials","","$15,801,666","0","Analyze"
"SPEYF","SPEY RESOURCES CORP","","","Unknown","","$15,732,875","0","Analyze"
"DAUGF","DESERT GOLD VENTURES","","","Unknown","","$15,712,336","0","Analyze"
"VGGIF","BOOSH PLANT-BASED BRANDS","","","Unknown","","$15,657,321","0","Analyze"
"STXMF","Starrex International Ltd.","","","Unknown","Mortgage Finance","$15,552,525","645","Analyze"
"WCUFF","WORLD COPPER LTD","","","Unknown","","$15,539,646","0","Analyze"
"CBUTF","CLEAR BLUE TECH INTL INC","","","Unknown","","$15,461,602","4,310","Analyze"
"GALKF","GALANTAS GOLD CORP","","","Unknown","","$15,450,445","0","Analyze"
"MGWFD","MAPLE LEAF GREEN WRLD NEW","","","Unknown","","$15,328,763","0","Analyze"
"SBMIF","STRATABOUND MINERALS CP","","","Unknown","","$15,009,946","0","Analyze"
"ISGIF","INSURAGUEST TECH INC","","","Unknown","","$15,002,057","1,000","Analyze"
"WINKF","WINDFALL GEOTEK INC","","","Unknown","","$14,978,981","0","Analyze"
"HYHDF","Hydro66 Holdings Corp.","","","Unknown","Software—Infrastructure","$14,894,094","32,951","Analyze"
"SMOFF","Sonoro Metals Corp.","","","Unknown","Other Precious Metals & Mining","$14,870,369","63,028","Analyze"
"TCNNF","Trulieve Cannabis Corp.","CT:TRUL","Toronto Stock Exchange","Health Care","Drug Manufacturers—Specialty & Generic","$14,767,854","175,718","Analyze"
"DSNY","Destiny Media Technologies Inc.","","","Communication Services","Software—Application","$14,680,033","11,000","Analyze"
"TGSEF","TGS ESPORTS INC","","","Unknown","","$14,602,560","9,022","Analyze"
"TETOF","TECTONIC METALS INC","","","Unknown","","$14,550,996","3,500","Analyze"
"KNBIF","KANE BIOTECH INC ORD","","","Unknown","","$14,351,692","7,000","Analyze"
"AUMBF","1911 GOLD CORP","","","Unknown","","$14,322,712","0","Analyze"
"LMLLF","PHARMADRUG INC","","","Unknown","","$14,314,288","0","Analyze"
"LQAVF","LIQUID AVATAR TECHNOLGIES","","","Unknown","","$14,297,807","36,052","Analyze"
"CDXFF","CLOUD DX INC","","","Unknown","","$14,274,690","0","Analyze"
"SGGTF","Signature Resources Ltd.","","","Unknown","Gold","$14,223,632","63,212","Analyze"
"HRVOF","Harvest One Cannabis Inc.","CV:HVT","TSX Venture Exchange","Unknown","Drug Manufacturers—Specialty & Generic","$14,222,385","83,412","Analyze"
"ZADDF","Zadar Ventures Ltd.","","","Unknown","Other Industrial Metals & Mining","$14,200,043","4,240","Analyze"
"MCREF","METALS CREEK RES","","","Unknown","","$14,183,394","0","Analyze"
"CMRZF","COMMERCE RES CORP","","","Materials","","$14,178,655","0","Analyze"
"RYPPF","RYU Apparel Inc","","","Consumer Discretionary","Apparel Manufacturing","$14,122,583","22,725","Analyze"
"BARUF","BARU GOLD CORP","","","Unknown","","$13,853,822","0","Analyze"
"MRVFF","NUVO PHARMACEUTICALS ORD","","","Unknown","","$13,774,127","6,601","Analyze"
"OILCF","Permex Petroleum Corp.","","","Energy","Oil & Gas E&P","$13,679,481","50,411","Analyze"
"UGDIF","UNIGOLD INC","","","Materials","","$13,642,356","23,772","Analyze"
"AZZTF","Aztec Minerals Corp.","","","Unknown","Other Industrial Metals & Mining","$13,595,556","29,057","Analyze"
"SNANF","Sona Nanotech Inc.","CF:SONA","Canadian Securities Exchange","Unknown","Medical Instruments & Supplies","$13,462,256","6,174","Analyze"
"DELCF","DELIC HOLDINGS INC","","","Unknown","","$13,421,891","131,454","Analyze"
"PMMCF","PAMPA METALS CORP","","","Unknown","","$13,414,628","30,000","Analyze"
"GBRCF","GOLD BULL RESOURCES CORP","","","Unknown","","$13,407,114","12,298","Analyze"
"AIMLF","AI / ML INNOVATIONS INC","","","Unknown","","$13,395,969","16,851","Analyze"
"PRSNF","PERSONAS SOCIAL INC","","","Unknown","","$13,349,164","0","Analyze"
"IAALF","IBC Advanced Alloys Corp.","","","Materials","Metal Fabrication","$13,332,257","80,181","Analyze"
"ROIUF","Route1 Inc.","","","Information Technology","Software—Application","$13,262,961","1,300","Analyze"
"INXSF","Intouch Insight Ltd.","","","Information Technology","Software—Application","$13,253,550","9,820","Analyze"
"ORTIF","ORTHO REGENERATIVE TECHS","","","Unknown","","$13,253,446","0","Analyze"
"PNDHF","Pond Technologies Holdings Inc.","","","Energy","Farm Products","$13,214,581","3,149","Analyze"
"INEOF","INEO TECH CORP","","","Unknown","","$13,147,865","0","Analyze"
"HSCHF","H-Source Holdings Ltd. Class A","","","Unknown","Health Information Services","$12,940,430","271,407","Analyze"
"RIINF","Braveheart Resources Inc.","","","Materials","Other Precious Metals & Mining","$12,931,012","52,334","Analyze"
"RRSFF","RRITUAL SUPERFOODS INC","","","Unknown","","$12,916,255","17,395","Analyze"
"OZBKF","OUTBACK GOLDFIELDS CORP","","","Unknown","","$12,841,510","11,171","Analyze"
"XSHLF","Xtraction Services Holdings Corp.","","","Unknown","Credit Services","$12,839,495","15,000","Analyze"
"BTVRF","BLUERUSH INC","","","Unknown","","$12,818,686","17,000","Analyze"
"NBRFF","NUBIAN RESOURCES LTD","","","Unknown","","$12,774,530","1,500","Analyze"
"SAGGF","STERLING METALS CORP","","","Unknown","","$12,756,298","63,379","Analyze"
"JPOTF","JACKPOT DIGITAL INC NEW","","","Consumer Discretionary","","$12,747,645","7,846","Analyze"
"AAUGF","ANGOLD RES LTD","","","Unknown","","$12,700,399","3,419","Analyze"
"VVIVF","EARTHRENEW INC","","","Unknown","","$12,679,560","7,169","Analyze"
"MSGCF","MAS GOLD CORP","","","Unknown","","$12,605,546","7,500","Analyze"
"HAPBF","HAPBEE TECHNOLOGIES INC","","","Unknown","","$12,563,468","11,443","Analyze"
"SBUDF","SUGARBUD CRAFT GROWERS CP","","","Unknown","","$12,519,436","15,868","Analyze"
"AQSZF","Aequus Pharmaceuticals Inc.","","","Health Care","Drug Manufacturers—Specialty & Generic","$12,467,637","19,000","Analyze"
"KTGDF","K2 Gold Corporation","","","Materials","Gold","$12,353,665","16,353","Analyze"
"NRGOF","Newrange Gold Corp.","","","Materials","Gold","$12,306,816","2,916","Analyze"
"SRUTF","Sproutly Canada Inc.","","","Unknown","Drug Manufacturers—Specialty & Generic","$12,240,048","124,693","Analyze"
"CMETF","CHILEAN METALS INC","","","Materials","","$12,168,057","0","Analyze"
"ENTBF","ENTHEON BIOMEDICAL CORP","","","Unknown","","$12,150,281","0","Analyze"
"THCBF","THC BioMed Intl. Ltd.","CF:THC","Canadian Securities Exchange","Health Care","Drug Manufacturers-Specialty & Generic","$12,124,053","35,965","Analyze"
"NETWF","NETWORK MEDIA GROUP INC","","","Unknown","","$11,996,613","0","Analyze"
"AVCRF","AVRICORE HEALTH INC ORD","","","Unknown","","$11,993,864","0","Analyze"
"REZZF","Global Battery Metals Ltd.","CV:GBML","TSX Venture Exchange","Materials","Other Industrial Metals & Mining","$11,926,011","97,576","Analyze"
"INCAF","INCA ONE GOLD CORP NEW","","","Unknown","","$11,883,913","0","Analyze"
"NOCSF","NORSEMAN SILVER INC","","","Unknown","","$11,860,789","0","Analyze"
"PKLBF","Perk Labs Inc.","","","Unknown","Software—Infrastructure","$11,724,698","102,716","Analyze"
"MSLVF","MANTARO SILVER CORP","","","Unknown","","$11,688,266","0","Analyze"
"BNKL","Bionik Laboratories Corp","","","Health Care","Medical Care Facilities","$11,581,840","1,051","Analyze"
"TOWTF","TOWER ONE WIRELESS CORP","","","Unknown","","$11,546,429","27,245","Analyze"
"AVGDF","AVIDIAN GOLD CORP","","","Unknown","","$11,542,443","0","Analyze"
"ELIXF","Elixxer Ltd.","","","Unknown","Drug Manufacturers—Specialty & Generic","$11,322,100","24,300","Analyze"
"MTLFF","Metallis Resources Inc.","","","Materials","Other Industrial Metals & Mining","$11,292,598","37,000","Analyze"
"SVTNF","SILVERTON METALS CORP","","","Unknown","","$11,270,839","0","Analyze"
"DLPRF","DLP RES INC","","","Unknown","","$11,227,186","0","Analyze"
"IPNFF","ImagineAR Inc.","CF:IP","Canadian Securities Exchange","Information Technology","Software—Application","$11,221,093","146,599","Analyze"
"TLLZF","GOLD LINE RES LTD","","","Unknown","","$11,176,619","0","Analyze"
"GATGF","Gatling Exploration Inc.","CV:GTR","TSX Venture Exchange","Unknown","Other Industrial Metals & Mining","$11,122,955","20,991","Analyze"
"NRXCF","NeutriSci International Inc","","","Consumer Staples","Drug Manufacturers—Specialty & Generic","$11,092,230","29,500","Analyze"
"KLGDF","KALO GOLD HOLDINGS CORP","","","Unknown","","$11,084,915","26,565","Analyze"
"NTTCF","NetCents Technology Inc. Class A","","","Unknown","Software—Infrastructure","$11,007,117","48,105","Analyze"
"DUSYF","DUESENBERG TECHNOLOGIES","","","Unknown","","$10,973,200","4,910","Analyze"
"GMVMF","GMV MINERALS INC NEW","","","Unknown","","$10,903,604","91,281","Analyze"
"SITKF","SITKA GOLD CORP","","","Unknown","","$10,877,312","52,440","Analyze"
"KPIFF","Edgewater Wireless Systems Inc.","","","Unknown","Communication Equipment","$10,825,173","24,491","Analyze"
"CWMCF","CONSOLIDATED WOODJAM COPP","","","Materials","","$10,809,376","150","Analyze"
"PTNYF","PARCELPAL TECH INC ORD","","","Unknown","","$10,735,119","304,118","Analyze"
"NOCRD","NORDEN CROWN METALS NEW","","","Unknown","","$10,684,436","5,000","Analyze"
"BBRRF","Blueberries Medical Corp.","","","Unknown","Drug Manufacturers—Specialty & Generic","$10,647,667","593,307","Analyze"
"AGNPF","Algernon Pharmaceuticals Inc. Class A","","","Health Care","Biotechnology","$10,576,355","306,994","Analyze"
"MPXOF","MPX International Corp.","CF:MPXI","Canadian Securities Exchange","Unknown","Drug Manufacturers—Specialty & Generic","$10,530,635","19,197","Analyze"
"FGLDF","FALCON GOLD CORP","","","Unknown","","$10,436,254","0","Analyze"
"MNRLF","Mineral Mountain Resources Ltd.","","","Unknown","Gold","$10,426,650","25,649","Analyze"
"AZASF","Arizona Silver Exploration Inc.","","","Unknown","Silver","$10,408,350","227,814","Analyze"
"RYES","Rise Gold Corp","CF:RISE","Canadian Securities Exchange","Materials","Gold","$10,306,565","9,017","Analyze"
"PRVCF","PreveCeutical Medical Inc","","","Health Care","Biotechnology","$10,234,067","58,528","Analyze"
"CBDY","Target Group Inc.","","","Unknown","Drug Manufacturers—Specialty & Generic","$10,175,036","46,098","Analyze"
"TMASF","TEMAS RESOURCES CORP","","","Unknown","","$10,159,692","0","Analyze"
"AURQF","AURELIUS MINERALS INC","","","Unknown","","$10,059,507","0","Analyze"
"HWAUF","HEADWATER GOLD INC","","","Unknown","","$10,037,463","0","Analyze"
"NIKLF","NICKEL ROCK RESOURCES INC","","","Unknown","","$10,029,183","167,704","Analyze"
"RLGMF","West Red Lake Gold Mines Inc.","","","Unknown","Gold","$10,000,534","54,323","Analyze"
"USCUF","US COPPER CORP","","","Unknown","","$9,981,762","19,962","Analyze"
"HOILF","Hunter Oil Corp.","","","Energy","Oil & Gas E&P","$9,973,624","10,073","Analyze"
"DGTHF","DGTL HLDGS INC","","","Unknown","","$9,948,825","0","Analyze"
"RGDCF","Gaia Metals Corp.","","","Unknown","Other Industrial Metals & Mining","$9,945,302","178,744","Analyze"
"SKTCF","SKYCHAIN TECHNOLOGIES INC","","","Unknown","","$9,919,784","352","Analyze"
"DJIFF","DAJIN LITHIUM CORP","","","Materials","","$9,902,525","0","Analyze"
"LNLHF","LEANLIFE HEALTH INC","","","Unknown","","$9,880,304","0","Analyze"
"UPIPF","UNIVERSAL PROPTECH INC","","","Unknown","","$9,832,121","15,191","Analyze"
"STRRF","SATORI RESOURCES INC","","","Unknown","","$9,687,426","15,733","Analyze"
"CGOLF","CONTACT GOLD CORP. CDA","","","Unknown","","$9,651,283","17,566","Analyze"
"PFFOF","PORTOFINO RESOURCES INC","","","Unknown","","$9,602,044","81,597","Analyze"
"FLURF","FluroTech Ltd.","","","Unknown","Medical Devices","$9,594,501","52,500","Analyze"
"SHVLF","Starcore International Mines Ltd.","","","Unknown","Other Industrial Metals & Mining","$9,571,913","1,000","Analyze"
"TARSF","ALIANZA MINERALS LTD","","","Unknown","","$9,562,632","62,842","Analyze"
"FIORF","FIORE CANNABAIS LTD","","","Materials","","$9,544,265","0","Analyze"
"HBEIF","HONEY BADGER SILVER INC","","","Unknown","","$9,488,573","0","Analyze"
"ORFDF","OREFINDERS RES INC NEW","","","Unknown","","$9,475,273","122,812","Analyze"
"NXXGF","Nexus Gold Corp.","","","Unknown","Gold","$9,453,863","205,399","Analyze"
"NDENF","CENTRAL AFRICAN GOLD INC","","","Unknown","","$9,431,591","180","Analyze"
"NOSUF","Nerds On Site Inc.","","","Unknown","Information Technology Services","$9,419,010","23,263","Analyze"
"CDTAF","Carl Data Solutions Inc","","","Unknown","Software—Application","$9,418,646","3,454","Analyze"
"FUSEF","FUSE COBALT INC","","","Unknown","","$9,381,271","0","Analyze"
"HTPRF","HTC Purenergy Inc.","","","Materials","","$9,330,352","700","Analyze"
"REPCF","RepliCel Life Sciences Inc.","","","Health Care","Biotechnology","$9,253,754","2,415","Analyze"
"NMDBF","NEONMIND BIOSCIENCES INC","","","Unknown","","$9,205,391","63,156","Analyze"
"AHGIF","Alternate Health Corp.","","","Unknown","Health Information Services","$9,148,421","1,100","Analyze"
"RLYGF","RILEY GOLD CORP","","","Unknown","","$9,062,699","0","Analyze"
"DCNNF","Canadian Palladium Resources Inc.","","","Unknown","Other Industrial Metals & Mining","$9,013,239","315,803","Analyze"
"WSRRF","HARRYS MFG INC ORD","","","Unknown","","$8,993,749","200","Analyze"
"EQMEF","EQUITY METALS CORPORATION","","","Unknown","","$8,972,974","0","Analyze"
"FDMSF","Fandom Sports Media Corp","","","Unknown","Software—Application","$8,955,874","74,045","Analyze"
"SVNTF","79NORTH INC","","","Unknown","","$8,952,526","0","Analyze"
"MSMGF","GRID METALS CORP","","","Materials","","$8,901,194","54,495","Analyze"
"ADYRF","ADYTON RES CORP","","","Unknown","","$8,882,833","0","Analyze"
"WCEXF","World Class Extractions Inc.","","","Unknown","Other Industrial Metals & Mining","$8,877,791","98,221","Analyze"
"JORFF","JOURDAN RES INC","","","Unknown","","$8,812,961","151,972","Analyze"
"MLLOF","Medallion Resources Ltd.","CV:MDL","TSX Venture Exchange","Materials","Other Industrial Metals & Mining","$8,753,246","1,444,153","Analyze"
"FEERF","FREEPORT RES INC","","","Unknown","","$8,727,823","20,000","Analyze"
"AUCUF","INFLECTION RESOURCES LTD","","","Unknown","","$8,695,022","0","Analyze"
"ARXRF","Infinite Ore Corp.","","","Unknown","Other Industrial Metals & Mining","$8,680,071","250","Analyze"
"HANCF","HANSTONE GOLD CORP","","","Unknown","","$8,658,334","500","Analyze"
"CCOOF","CORE ASSETS CORP","","","Unknown","","$8,635,004","0","Analyze"
"NVDEF","Nevada Exploration Inc.","","","Unknown","Gold","$8,547,797","31,273","Analyze"
"AAIRF","AMERICAN AIRES INC","","","Unknown","","$8,526,478","98,517","Analyze"
"NVGLF","NV GOLD CORP ORD","","","Unknown","","$8,481,435","0","Analyze"
"COBCF","COBALT BLOCKCHAIN INC","","","Materials","","$8,472,849","0","Analyze"
"OWRDF","One World Lithium Inc.","","","Unknown","Other Industrial Metals & Mining","$8,471,138","95,700","Analyze"
"TRGGF","TARACHI GOLD CORP","","","Unknown","","$8,466,059","56,697","Analyze"
"EDDYF","EDISON BATTERY METALS CP","","","Unknown","","$8,432,288","0","Analyze"
"MKSEF","Marksmen Energy Inc.","","","Energy","Oil & Gas E&P","$8,421,673","0","Analyze"
"GOLXF","GOLDEN LAKE EXPL INC","","","Unknown","","$8,419,221","0","Analyze"
"GLDRF","IDAHO CHAMPION GOLD MINES","","","Unknown","","$8,373,798","221,691","Analyze"
"ENRT","ENERTOPIA CORP","","","Consumer Staples","","$8,372,259","0","Analyze"
"TOGOF","TOMAGOLD CORP CL A ORD","","","Unknown","","$8,238,184","0","Analyze"
"CTARF","Centaurus Energy Inc.","CV:CTA","TSX Venture Exchange","Energy","Oil & Gas E&P","$8,160,889","37,409","Analyze"
"PREIF","PRECIPITATE GOLD CORP","","","Materials","","$8,158,584","0","Analyze"
"ARBTF","ARGO GOLD INC ORD","","","Unknown","","$8,110,658","0","Analyze"
"SEHCF","SWEET EARTH HLDS CORP","","","Unknown","","$8,101,753","0","Analyze"
"NSPDF","Naturally Splendid Enterprises Ltd.","","","Health Care","Biotechnology","$8,065,952","10,035","Analyze"
"TTMZF","DATABLE TECHNOLOGY CORP","","","Unknown","","$8,023,156","21,711","Analyze"
"BMGCF","BLACK MTN GOLD USA CORP","","","Unknown","","$7,996,298","10,477","Analyze"
"HLKKF","PONTUS PROTEIN LTD","","","Unknown","","$7,995,501","5,866","Analyze"
"STSBF","South Star Mining Corp","","","Unknown","Other Industrial Metals & Mining","$7,966,417","0","Analyze"
"AISSF","A.I.S. Resources Limited","","","Unknown","Other Industrial Metals & Mining","$7,922,274","7,650","Analyze"
"RVSDF","Riverside Resources Inc.","","","Unknown","Other Precious Metals & Mining","$7,880,826","397,737","Analyze"
"CNENF","Claren Energy Corp.","","","Energy","Oil & Gas E&P","$7,880,274","1,000","Analyze"
"SSRSF","SILVER SANDS RESOURCES CP","","","Unknown","","$7,865,587","0","Analyze"
"NSGCF","NORTHSTAR GOLD CORP","","","Unknown","","$7,846,366","0","Analyze"
"CVGRF","City View Green Holdings Inc.","","","Unknown","Drug Manufacturers—Specialty & Generic","$7,842,942","1,000","Analyze"
"NMLSF","NOVA MENTIS LIFE SCIENCES","","","Unknown","","$7,805,215","88,486","Analyze"
"ELOAF","EMERGENCE GLOBAL ENTRPSE","","","Unknown","","$7,794,806","2,500","Analyze"
"FEMFF","FIRST ENERGY METALS","","","Unknown","","$7,787,991","9,997","Analyze"
"MRBLF","Marble Financial Inc.","","","Unknown","Credit Services","$7,740,401","1,000","Analyze"
"SCRSF","SCREENPRO SEC INC","","","Unknown","","$7,702,806","0","Analyze"
"SSEBF","SILVER SPRUCE RES INC NEW","","","Materials","","$7,683,844","0","Analyze"
"OLNCF","Omni-Lite Industries Canada Inc.","CV:OML","TSX Venture Exchange","Industrials","Metal Fabrication","$7,673,019","5,000","Analyze"
"MRIRF","BMEX GOLD INC","","","Unknown","","$7,623,927","0","Analyze"
"WTEQF","WELLTEQ DIGITAL HEALTH","","","Unknown","","$7,561,605","34,000","Analyze"
"NOCRF","NORDEN CROWN METALS CORP","","","Unknown","","$7,561,293","69,690","Analyze"
"FNAUF","FOUR NINES GOLD  INC","","","Unknown","","$7,477,043","0","Analyze"
"MLRKF","Millrock Resources Inc.","CV:MRO","TSX Venture Exchange","Materials","Other Precious Metals & Mining","$7,456,447","430,043","Analyze"
"VEGGF","BETTER PLT SCIENCES INC","","","Unknown","","$7,425,564","0","Analyze"
"ZTLLF","ZONETAIL INC","","","Unknown","","$7,394,428","0","Analyze"
"TRUIF","TRU PRECIOUS METALS CORP","","","Unknown","","$7,344,468","0","Analyze"
"SWLFF","SILVER WOLF EXPLORATION","","","Unknown","","$7,307,499","12,522","Analyze"
"EROSF","EROS RESOURCES CORP","","","Unknown","","$7,283,294","0","Analyze"
"MBYMF","MOUNTAIN BOY MINERALS LTD","","","Unknown","","$7,222,563","11,413","Analyze"
"CTVEF","Certive Solutions Inc.","CF:CBP","Canadian Securities Exchange","Health Care","Health Information Services","$7,220,235","1,000","Analyze"
"VAUCF","VIVA GOLD CORP ORD","","","Unknown","","$7,199,975","8,552","Analyze"
"JMPHF","LEVELJUMP HEALTHCARE CP","","","Unknown","","$7,127,495","1,733","Analyze"
"GENPF","GENIX PHARMACEUTICALS CP","","","Unknown","","$7,106,896","100","Analyze"
"IMIMF","INTERRA COPPER CORP","","","Unknown","","$7,036,555","0","Analyze"
"ROVMF","Rover Metals Corp.","","","Unknown","Gold","$6,950,415","18,054","Analyze"
"KPZIF","OPHIR GOLD CORP","","","Unknown","","$6,905,987","22,728","Analyze"
"PCRAF","PUCARA GOLD LTD","","","Unknown","","$6,885,116","0","Analyze"
"BTUMF","BTU METALS CORP","","","Unknown","","$6,712,262","0","Analyze"
"GRYCF","GRAYCLIFF EXPL LTD","","","Unknown","","$6,672,965","6,314","Analyze"
"DSMTF","DEEP-SOUTH RES INC","","","Unknown","","$6,672,862","73,939","Analyze"
"RRRLF","Rockridge Resources Ltd.","","","Unknown","Other Industrial Metals & Mining","$6,619,713","15,161","Analyze"
"NPDCF","NEW PLACER DOME GOLD CORP","","","Unknown","","$6,598,347","0","Analyze"
"TNREF","Taranis Resources Inc.","","","Unknown","Other Industrial Metals & Mining","$6,579,588","4,000","Analyze"
"GBLEF","GLOBAL ENERGY METALS CORP","","","Unknown","","$6,538,315","0","Analyze"
"PMCCF","Peloton Minerals Corp.","","","Unknown","Gold","$6,491,206","12,782","Analyze"
"GIDMF","GOLDEN INDPENDNCE MNG","","","Unknown","","$6,487,959","0","Analyze"
"CADMF","Chemesis International Inc.","","","Unknown","Drug Manufacturers—Specialty & Generic","$6,441,626","184,485","Analyze"
"WESMF","WEST MNG CORP","","","Unknown","","$6,367,767","35,944","Analyze"
"AUSVF","GOLD79 MINES LTD","","","Materials","","$6,359,541","4,265","Analyze"
"MARVF","MARVEL DISCOVERY CORP","","","Unknown","","$6,324,736","32,210","Analyze"
"FKMCF","FOKUS MNG CORP","","","Unknown","","$6,319,156","0","Analyze"
"MEXGF","Mexican Gold Mining Corp.","","","Unknown","Other Precious Metals & Mining","$6,303,467","53,482","Analyze"
"VNNYF","Vinergy Cannabis Capital Inc.","","","Unknown","Drug Manufacturers—Specialty & Generic","$6,245,965","24,805","Analyze"
"ATBHF","Aston Bay Holdings Ltd.","","","Unknown","Copper","$6,165,464","188,488","Analyze"
"BMOOF","BLUE MOON METALS INC","","","Unknown","","$6,145,361","415","Analyze"
"CYNXF","CYON EXPL LTD","","","Unknown","","$6,137,669","10,000","Analyze"
"BHNGF","Bhang Inc.","CF:BHNG","Canadian Securities Exchange","Unknown","Drug Manufacturers—Specialty & Generic","$6,108,696","6,716","Analyze"
"RMIOF","ROMIOS GOLD RES INC","","","Materials","","$5,987,734","0","Analyze"
"EGMCF","EMGOLD MINING CORP ORD","","","Unknown","","$5,855,853","184,720","Analyze"
"NTOX","Notox Technologies Corp.","","","Unknown","Leisure","$5,782,159","0","Analyze"
"GBMIF","GREEN BATTERY MINERALS","","","Unknown","","$5,711,243","50,904","Analyze"
"WLNSF","DISCOVER WELLNESS SLTNS","","","Unknown","","$5,707,151","5,000","Analyze"
"GBHPF","GLOBAL HEMP GROUP INC","","","Unknown","","$5,690,861","88,023","Analyze"
"BIDCF","BlockchainK2 Corp.","","","Information Technology","Capital Markets","$5,645,116","3,292","Analyze"
"AXDDF","Azucar Minerals Ltd.","CV:AMZ","TSX Venture Exchange","Materials","Other Precious Metals & Mining","$5,611,006","76,549","Analyze"
"GGXXF","GGX Gold Corp.","","","Unknown","Gold","$5,603,660","1,000","Analyze"
"SILFF","SILO WELLNESS INC","","","Unknown","","$5,592,200","0","Analyze"
"LMSQF","Latin Metals Inc.","","","Unknown","Other Industrial Metals & Mining","$5,538,840","3,425","Analyze"
"BKLLF","Codebase Ventures Inc.","CF:CODE","Canadian Securities Exchange","Financials","Capital Markets","$5,433,291","459,991","Analyze"
"ABNAF","Aben Resources Ltd.","","","Unknown","Gold","$5,319,857","665,465","Analyze"
"PACRF","PAC ROOTS CANNABIS CORP","","","Unknown","","$5,299,999","0","Analyze"
"GODZF","GOLDHILLS HLDG LTD","","","Unknown","","$5,282,855","504","Analyze"
"TPPRF","Top Strike Resources Corp.","","","Unknown","Drug Manufacturers—Specialty & Generic","$5,259,551","1,000","Analyze"
"MMJFF","Matica Enterprises Inc.","","","Unknown","Drug Manufacturers—Specialty & Generic","$5,242,144","32,074","Analyze"
"TBIXF","TRUSTBIX INC","","","Unknown","","$5,193,614","0","Analyze"
"SPLIF","Nutritional High International Inc.","","","Unknown","Drug Manufacturers—Specialty & Generic","$5,167,979","15,096","Analyze"
"PEXZF","PACIFIC RIDGE EXPL LTD","","","Unknown","","$5,132,080","0","Analyze"
"FNNZF","FinCanna Capital Corp.","","","Unknown","Drug Manufacturers—Specialty & Generic","$5,131,866","12,665","Analyze"
"QCXGF","QCX GOLD CORP","","","Unknown","","$4,842,173","0","Analyze"
"IFRTF","International Frontier Resources Corporation","","","Energy","Oil & Gas E&P","$4,755,816","7,000","Analyze"
"IPCIF","Intellipharmaceutics International Inc.","","","Health Care","Biotechnology","$4,735,560","3,631","Analyze"
"QDROF","QUADRO RES LTD","","","Unknown","","$4,720,394","0","Analyze"
"GPOTF","GOLD PORT CORP","","","Unknown","","$4,367,796","0","Analyze"
"USHAF","USHA RESOURCES LTD","","","Unknown","","$4,324,251","0","Analyze"
"SLSDF","Select Sands Corp.","","","Materials","Other Industrial Metals & Mining","$4,247,971","36,784","Analyze"
"RSSFF","Affinor Growers Inc.","","","Unknown","Farm Products","$4,241,776","80,206","Analyze"
"BNVIF","BINOVI TECHNOLOGIES CORP.","","","Unknown","","$4,227,938","0","Analyze"
"BIOIF","Biome Grow Inc.","","","Unknown","Drug Manufacturers—Specialty & Generic","$4,151,516","3,005","Analyze"
"PCRCF","Bolt Metals Corp.","","","Unknown","Other Industrial Metals & Mining","$4,145,617","6,248","Analyze"
"DXIEF","DXI Energy Inc.","","","Energy","Oil & Gas E&P","$4,141,441","11,278","Analyze"
"BGAVF","Bravada Gold Corporation","","","Materials","Other Industrial Metals & Mining","$4,103,014","34,400","Analyze"
"GZDIF","Grizzly Discoveries Inc","","","Unknown","Other Industrial Metals & Mining","$4,067,234","66,000","Analyze"
"TTTSF","TruTrace Technologies Inc.","","","Unknown","Software—Application","$4,061,278","58,370","Analyze"
"QGLDF","Q-GOLD RES LTD NEW","","","Unknown","","$4,058,199","0","Analyze"
"NVRVF","NOVRA TECH INC ORD","","","Unknown","","$4,035,177","3,035","Analyze"
"EEVVF","Eve & Co. Inc.","CV:EVE","TSX Venture Exchange","Unknown","Drug Manufacturers—Specialty & Generic","$3,986,960","1,809,368","Analyze"
"XNDRF","XANDER RESOURCES INC","","","Unknown","","$3,971,440","0","Analyze"
"CRPOF","Ceapro Inc.","CV:CZO","TSX Venture Exchange","Materials","Biotechnology","$3,884,272","1,126","Analyze"
"RIGMF","Ridgestone Mining Inc.","","","Unknown","Other Industrial Metals & Mining","$3,847,627","75,868","Analyze"
"ATOXF","Durango Resources Inc.","","","Unknown","Other Industrial Metals & Mining","$3,835,275","164,300","Analyze"
"SNLGF","SAN LORENZO GOLD CORP","","","Unknown","","$3,818,789","0","Analyze"
"QQQFF","QUIZAM MEDIA CORP","","","Unknown","","$3,812,978","8,185","Analyze"
"BLTMF","BLUE THUNDER MNG INC","","","Unknown","","$3,783,276","0","Analyze"
"SIERF","SIERRA GRANDE MINERLS INC","","","Unknown","","$3,712,368","100","Analyze"
"TRKUF","TARKU RES LTD","","","Unknown","","$3,663,617","900","Analyze"
"ESIFF","ESG GLOBAL IMPACT CAPITAL","","","Unknown","","$3,636,588","0","Analyze"
"PRRVF","PROVIDENCE GOLD MINES INC","","","Unknown","","$3,605,832","0","Analyze"
"TOKIF","Tree of Knowledge International Corp.","","","Unknown","Drug Manufacturers—Specialty & Generic","$3,558,385","25,389","Analyze"
"FRERF","Fremont Gold Ltd.","","","Unknown","Gold","$3,488,743","30,785","Analyze"
"AGLAF","AGUILA AMERN GOLD LTD","","","Unknown","","$3,474,920","18,000","Analyze"
"PVGDF","PROVENANCE GOLD CORP","","","Unknown","","$3,453,868","5,500","Analyze"
"KGSSF","KINGMAN MINERALS LTD","","","Unknown","","$3,444,356","74,113","Analyze"
"ESXMF","ESSEX MINERALS INC","","","Unknown","","$3,439,897","0","Analyze"
"IMEXF","Imagin Medical Inc.","","","Unknown","Medical Devices","$3,371,992","14,501","Analyze"
"PNNRF","Redfund Capital Corp.","","","Unknown","","$3,365,860","0","Analyze"
"CSRVF","CROSS RIV VENTURES CORP","","","Unknown","","$3,360,612","0","Analyze"
"MGWFF","Maple Leaf Green World Inc.","","","Health Care","Drug Manufacturers—Specialty & Generic","$3,210,972","110,244","Analyze"
"SRBBF","VPN Technologies Inc.","","","Unknown","Software—Application","$3,172,569","1,005","Analyze"
"PEMSF","PACIFIC EMPIRE MINERALS","","","Unknown","","$3,137,157","0","Analyze"
"EGMLF","ENGINEER GOLD MINES LTD","","","Unknown","","$3,111,249","0","Analyze"
"TUMIF","Kingsmen Resources Limited","","","Unknown","Other Industrial Metals & Mining","$3,014,061","0","Analyze"
"INOTF","PREDICTIV AI INC","","","Unknown","","$2,833,069","0","Analyze"
"SKLV","Skye Life Ventures Ltd","","","Unknown","Drug Manufacturers—Specialty & Generic","$2,825,240","1,974","Analyze"
"CPMMF","Crystal Peak Minerals Inc.","CV:CPM","TSX Venture Exchange","Materials","Other Industrial Metals & Mining","$2,815,846","0","Analyze"
"STVGF","STEVENS GOLD NEVADA INC","","","Unknown","","$2,757,376","28,000","Analyze"
"MGHCF","Minco Capital Corporation","","","Financials","Asset Management","$2,722,997","20,028","Analyze"
"FERL","FEARLESS FILMS INC.","","","Unknown","Entertainment","$2,687,886","8,496","Analyze"
"NLRCF","NORTHERN LIGHTS RESOURCE","","","Unknown","","$2,660,045","1,000","Analyze"
"KTNNF","PEAKBIRCH LOGIC INC","","","Unknown","","$2,472,529","1,293","Analyze"
"MLGCF","M3 Metals Corp.","","","Unknown","Other Industrial Metals & Mining","$2,451,782","6,000","Analyze"
"VRSCF","Valterra Resource Corporation","","","Unknown","Other Industrial Metals & Mining","$2,439,690","5,543","Analyze"
"NOBDF","North Bud Farms Inc.","","","Unknown","Drug Manufacturers—Specialty & Generic","$2,346,186","0","Analyze"
"PEMTF","THOUGHFUL BRANDS INC","","","Unknown","","$2,296,721","0","Analyze"
"POTVF","POTENT VENTURES INC","","","Unknown","","$2,224,634","97,344","Analyze"
"IMAHF","I-Minerals Inc.","","","Materials","Other Industrial Metals & Mining","$2,090,184","1,500","Analyze"
"EVAHF","EGF Theramed Health Corp.","","","Unknown","Health Information Services","$2,028,377","70,701","Analyze"
"CRRVF","CVR Medical Corp.","","","Unknown","Medical Devices","$1,996,770","13,090","Analyze"
"CHNUF","China Education Resources Inc.","","","Consumer Discretionary","Education & Training Services","$1,918,282","2,750","Analyze"
"OVATF","OVATION SCIENCE INC","","","Unknown","","$1,812,427","1,082","Analyze"
"CHMJF","Chemistree Technology Inc","","","Unknown","Drug Manufacturers—Specialty & Generic","$1,704,321","56,857","Analyze"
"AREVF","AREV NanoTec Brands Inc.","","","Unknown","Drug Manufacturers—Specialty & Generic","$1,682,214","500","Analyze"
"CNNXF","CannAmerica Brands Corp.","","","Unknown","Drug Manufacturers—Specialty & Generic","$1,625,936","2,634","Analyze"
"AXVEF","CDN MAVERICK CAP CORP","","","Unknown","","$1,604,927","0","Analyze"
"SPFYF","Spacefy Inc.","","","Unknown","Internet Content & Information","$1,472,859","1,462","Analyze"
"MJARF","MJardin Group Inc.","CF:MJAR","Canadian Securities Exchange","Unknown","Drug Manufacturers—Specialty & Generic","$1,412,165","134,472","Analyze"
"PKBFF","PEAKBIRCH LOGIC INC","","","Unknown","","$1,357,103","0","Analyze"
"LPPPF","LOOPShare Ltd.","","","Unknown","Software—Application","$1,297,913","6,127","Analyze"
"CPPXF","Continental Energy Corporation","","","Energy","Oil & Gas E&P","$1,292,894","9,500","Analyze"
"FFRMF","Future Farm Technologies Inc","","","Unknown","Farm Products","$1,010,387","211,944","Analyze"
"HHHEF","37 Capital Incorporated","","","Materials","Other Industrial Metals & Mining","$918,522","0","Analyze"
"SNNVF","Sunniva Inc","","","Unknown","Drug Manufacturers—Specialty & Generic","$779,898","147,550","Analyze"
"ZPAS","Zoompass Holdings Inc.","","","Information Technology","Software—Application","$665,857","13,180","Analyze"
"FLCX","FLOOIDCX CORP","","","Unknown","","$644,377","1,000","Analyze"
"BLEVF","Beleave Inc.","CF:BE","Canadian Securities Exchange","Unknown","Drug Manufacturers—Specialty & Generic","$560,846","10,210","Analyze"
"GOCOF","Go Metals Corp.","","","Unknown","Other Industrial Metals & Mining","$502,909","800","Analyze"
"ZIMCF","ZIM Corporation","","","Unknown","Software—Application","$495,024","1,667","Analyze"
"LFCOF","Lift & Co Corp","","","Unknown","Health Information Services","$484,023","11,837","Analyze"
"AGGHF","Agrios Global Holdings Ltd.","","","Unknown","Real Estate Services","$483,073","330","Analyze"
"AXNVF","Axion Ventures Inc","CV:AXV","TSX Venture Exchange","Unknown","Electronic Gaming & Multimedia","$255,894","1,550","Analyze"
"ISOLF","Isodiol International Inc","","","Unknown","Drug Manufacturers—Specialty & Generic","$179,948","12,285","Analyze"
"GGBXF","Green Growth Brands Inc.","","","Unknown","Drug Manufacturers—Specialty & Generic","$20,652","742,193","Analyze"
"AUCCF","GOLDPLAY MINING INC","","","Unknown","","$0","0","Analyze"
"BADEF","BALD EAGLE GOLD CORP","","","Unknown","","$0","0","Analyze"
"BGACF","BIONEUTRA GLOBAL CORP","","","Unknown","","$0","0","Analyze"
"CRTTF","CORTUS METALS INC","","","Unknown","","$0","0","Analyze"
"DSAIF","DEEPSPATIAL INC","","","Unknown","","$0","0","Analyze"
"GKOTF","GEEKCO TECHNOLOGIES CORP","","","Unknown","","$0","0","Analyze"
"GLWLF","GLOW LIFETECH CORP","","","Unknown","","$0","0","Analyze"
"MRRYF","MARY AGROTECHNOLOGIES INC","","","Unknown","","$0","0","Analyze"